LGA,Rep_DS,State,U5_coverage,adult_coverage,severe_cases,simday,duration,year,start_day_override
Aba North,Ngor-Okpala,NA,0.368385424,0.368385424,0.637,0,-1,2018,-1
Aba South,Ngor-Okpala,NA,0.368385424,0.368385424,0.637,0,-1,2018,-1
Abadam,Babura,NA,0.454060567,0.454060567,0.637,0,-1,2018,-1
Abaji,Keana,NA,0.319970096,0.319970096,0.637,0,-1,2018,-1
Abak,Nsit Ubium,NA,0.387046089,0.387046089,0.637,0,-1,2018,-1
Abakaliki,Owan East,NA,0.458573541,0.458573541,0.637,0,-1,2018,-1
Abeokuta North,Owan East,NA,0.671415921,0.671415921,0.637,0,-1,2018,-1
Abeokuta South,Uzo-Uwani,NA,1,1,0.637,0,-1,2018,-1
Abi,Obubra,NA,0.188709681,0.188709681,0.637,0,-1,2018,-1
Aboh-Mbaise,Ngor-Okpala,NA,0.4875,0.4875,0.637,0,-1,2018,-1
Abua-Odual,Ahoada West,NA,0.135857692,0.135857692,0.637,0,-1,2018,-1
Abuja Municipal,Keana,NA,0.062560883,0.062560883,0.637,0,-1,2018,-1
Adavi,Owan East,NA,0.362625613,0.362625613,0.637,0,-1,2018,-1
Ado,Akinyele,NA,0.222685204,0.222685204,0.637,0,-1,2018,-1
Ado Ekiti,Owan East,NA,0.362625613,0.362625613,0.637,0,-1,2018,-1
Ado-Odo-Ota,Uzo-Uwani,NA,0.546250231,0.546250231,0.637,0,-1,2018,-1
Afijio,Akinyele,NA,0.201404106,0.201404106,0.637,0,-1,2018,-1
Afikpo North,Oru West,NA,1,1,0.637,0,-1,2018,-1
Afikpo South,Ngor-Okpala,NA,0.612237335,0.612237335,0.637,0,-1,2018,-1
Agaie,Oke-Ero,NA,0.320891466,0.320891466,0.637,0,-1,2018,-1
Agatu,Keana,NA,0.230343377,0.230343377,0.637,0,-1,2018,-1
Agege,Uzo-Uwani,NA,0.546250231,0.546250231,0.637,0,-1,2018,-1
Aguata,Oru West,NA,0.565640382,0.565640382,0.637,0,-1,2018,-1
Agwara,Birnin Kebbi,NA,0.548932384,0.548932384,0.637,0,-1,2018,-1
Ahiazu-Mbaise,Ngor-Okpala,NA,0.368385424,0.368385424,0.637,0,-1,2018,-1
Ahoada East,Ahoada West,NA,0.390862193,0.390862193,0.637,0,-1,2018,-1
Ahoada West,Ahoada West,NA,0.433333333,0.433333333,0.637,0,-1,2018,-1
Aiyedade,Akinyele,NA,0.201404106,0.201404106,0.637,0,-1,2018,-1
Aiyedire,Akinyele,NA,0.201404106,0.201404106,0.637,0,-1,2018,-1
Ajaokuta,Owan East,NA,0.362625613,0.362625613,0.637,0,-1,2018,-1
Ajeromi-Ifelodun,Uzo-Uwani,NA,0.906687889,0.906687889,0.637,0,-1,2018,-1
Ajingi,Taura,NA,0.227406453,0.227406453,0.637,0,-1,2018,-1
Akamkpa,Ngor-Okpala,NA,0.248803877,0.248803877,0.637,0,-1,2018,-1
Akinyele,Akinyele,NA,0.201404106,0.201404106,0.637,0,-1,2018,-1
Akko,Alkaleri,NA,0.189675782,0.189675782,0.637,0,-1,2018,-1
Akoko North East,Oke-Ero,NA,0.385494162,0.385494162,0.637,0,-1,2018,-1
Akoko North West,Oke-Ero,NA,0.671901513,0.671901513,0.637,0,-1,2018,-1
Akoko South East,Oke-Ero,NA,0.320891466,0.320891466,0.637,0,-1,2018,-1
Akoko South West,Oke-Ero,NA,0.433333333,0.433333333,0.637,0,-1,2018,-1
Akoko-Edo,Owan East,NA,0.563899045,0.563899045,0.637,0,-1,2018,-1
Akpabuyo,Nsit Ubium,NA,0.387046089,0.387046089,0.637,0,-1,2018,-1
Akuku Toru,Ahoada West,NA,0.52,0.52,0.637,0,-1,2018,-1
Akure North,Owan East,NA,0.362625613,0.362625613,0.637,0,-1,2018,-1
Akure South,Owan East,NA,0.65,0.65,0.637,0,-1,2018,-1
Akwanga,Oke-Ero,NA,0.320891466,0.320891466,0.637,0,-1,2018,-1
Albasu,Takali,NA,0.866666667,0.866666667,0.637,0,-1,2018,-1
Aleiro,Birnin Kebbi,NA,0.548932384,0.548932384,0.637,0,-1,2018,-1
Alimosho,Uzo-Uwani,NA,0.357433809,0.357433809,0.637,0,-1,2018,-1
Alkaleri,Alkaleri,NA,0.28875281,0.28875281,0.637,0,-1,2018,-1
Amuwo-Odofin,Isoko South,NA,0.158075112,0.158075112,0.637,0,-1,2018,-1
Anambra East,Uzo-Uwani,NA,0.546250231,0.546250231,0.637,0,-1,2018,-1
Anambra West,Uzo-Uwani,NA,0.867061333,0.867061333,0.637,0,-1,2018,-1
Anaocha,Oru West,NA,0.716042818,0.716042818,0.637,0,-1,2018,-1
Andoni,Nsit Ubium,NA,0.216571558,0.216571558,0.637,0,-1,2018,-1
Aninri,Oru West,NA,0.673350187,0.673350187,0.637,0,-1,2018,-1
Aniocha North,Uzo-Uwani,NA,0.546250231,0.546250231,0.637,0,-1,2018,-1
Aniocha South,Uzo-Uwani,NA,0.546250231,0.546250231,0.637,0,-1,2018,-1
Anka,Darazo,NA,0.10615386,0.10615386,0.637,0,-1,2018,-1
Ankpa,Owan East,NA,0.362625613,0.362625613,0.637,0,-1,2018,-1
Apa,Keana,NA,0.230343377,0.230343377,0.637,0,-1,2018,-1
Apapa,Isoko South,NA,0.158075112,0.158075112,0.637,0,-1,2018,-1
Ardo-Kola,Keana,NA,0.325,0.325,0.637,0,-1,2018,-1
Arewa-Dandi,Birnin Kebbi,NA,0.866666667,0.866666667,0.637,0,-1,2018,-1
Argungu,Birnin Kebbi,NA,0.769275034,0.769275034,0.637,0,-1,2018,-1
Arochukwu,Ngor-Okpala,NA,0.368385424,0.368385424,0.637,0,-1,2018,-1
Asa,Oke-Ero,NA,0.433333333,0.433333333,0.637,0,-1,2018,-1
Asari-Toru,Ahoada West,NA,0.575765727,0.575765727,0.637,0,-1,2018,-1
Askira-Uba,Darazo,NA,0.148682399,0.148682399,0.637,0,-1,2018,-1
Atakumosa East,Oke-Ero,NA,0.320891466,0.320891466,0.637,0,-1,2018,-1
Atakumosa West,Akinyele,NA,0.201404106,0.201404106,0.637,0,-1,2018,-1
Atiba,Akinyele,NA,0.201404106,0.201404106,0.637,0,-1,2018,-1
Atigbo,Oke-Ero,NA,0.320891466,0.320891466,0.637,0,-1,2018,-1
Augie,Birnin Kebbi,NA,0.699999999,0.699999999,0.637,0,-1,2018,-1
Auyo,Taura,NA,0.975,0.975,0.637,0,-1,2018,-1
Awe,Keana,NA,0.230343377,0.230343377,0.637,0,-1,2018,-1
Awgu,Oru West,NA,0.534400656,0.534400656,0.637,0,-1,2018,-1
Awka North,Uzo-Uwani,NA,0.866666667,0.866666667,0.637,0,-1,2018,-1
Awka South,Uzo-Uwani,NA,0.546250231,0.546250231,0.637,0,-1,2018,-1
Ayamelum,Uzo-Uwani,NA,0.996666684,0.996666684,0.637,0,-1,2018,-1
Babura,Babura,NA,0.644727656,0.644727656,0.637,0,-1,2018,-1
Badagry,Uzo-Uwani,NA,0.546250231,0.546250231,0.637,0,-1,2018,-1
Bade,Taura,NA,0.061904762,0.061904762,0.637,0,-1,2018,-1
Bagudo,Birnin Kebbi,NA,0.448859935,0.448859935,0.637,0,-1,2018,-1
Bagwai,Babura,NA,0.26,0.26,0.637,0,-1,2018,-1
Bakassi,Obubra,NA,0.533126737,0.533126737,0.637,0,-1,2018,-1
Bakori,Gwarzo,NA,0.223824311,0.223824311,0.637,0,-1,2018,-1
Bakura,Darazo,NA,0.148682399,0.148682399,0.637,0,-1,2018,-1
Balanga,Alkaleri,NA,0.278414951,0.278414951,0.637,0,-1,2018,-1
Bali,Keana,NA,0.427621701,0.427621701,0.637,0,-1,2018,-1
Bama,Darazo,NA,0.148682399,0.148682399,0.637,0,-1,2018,-1
Barikin Ladi,Soba,NA,0.026643097,0.026643097,0.637,0,-1,2018,-1
Baruten,Oke-Ero,NA,0.320891466,0.320891466,0.637,0,-1,2018,-1
Bassa1,Keana,NA,0.26,0.26,0.637,0,-1,2018,-1
Bassa2,Soba,NA,0.026643097,0.026643097,0.637,0,-1,2018,-1
Batagarawa,Rimi,NA,0.485000004,0.485000004,0.637,0,-1,2018,-1
Batsari,Rimi,NA,0.433333333,0.433333333,0.637,0,-1,2018,-1
Bauchi,Alkaleri,NA,0.03520074,0.03520074,0.637,0,-1,2018,-1
Baure,Babura,NA,0.464285714,0.464285714,0.637,0,-1,2018,-1
Bayo,Alkaleri,NA,0.65,0.65,0.637,0,-1,2018,-1
Bebeji,Gwarzo,NA,0.223824311,0.223824311,0.637,0,-1,2018,-1
Bekwara,Oke-Ero,NA,0.320891466,0.320891466,0.637,0,-1,2018,-1
Bende,Ngor-Okpala,NA,0.228703545,0.228703545,0.637,0,-1,2018,-1
Biase,Ngor-Okpala,NA,0.764436804,0.764436804,0.637,0,-1,2018,-1
Bichi,Gwarzo,NA,0.223824311,0.223824311,0.637,0,-1,2018,-1
Bida,Oke-Ero,NA,0.65,0.65,0.637,0,-1,2018,-1
Billiri,Alkaleri,NA,0.433333333,0.433333333,0.637,0,-1,2018,-1
Bindawa,Rimi,NA,0.13,0.13,0.637,0,-1,2018,-1
Binji,Gawabawa,NA,0.325,0.325,0.637,0,-1,2018,-1
Biriniwa,Taura,NA,0.216666667,0.216666667,0.637,0,-1,2018,-1
Birni Kudu,Takali,NA,0.291178008,0.291178008,0.637,0,-1,2018,-1
Birnin Kebbi,Birnin Kebbi,NA,0.744821618,0.744821618,0.637,0,-1,2018,-1
Birnin Magaji,Rimi,NA,0.272994244,0.272994244,0.637,0,-1,2018,-1
Birnin-Gwari,Giwa,NA,0.169660832,0.169660832,0.637,0,-1,2018,-1
Biu,Darazo,NA,0.65,0.65,0.637,0,-1,2018,-1
Bodinga,Gawabawa,NA,0.138620877,0.138620877,0.637,0,-1,2018,-1
Bogoro,Alkaleri,NA,0.304365819,0.304365819,0.637,0,-1,2018,-1
Boki,Obubra,NA,0.325,0.325,0.637,0,-1,2018,-1
Bokkos,Giwa,NA,0.169660832,0.169660832,0.637,0,-1,2018,-1
Boluwaduro,Akinyele,NA,0.201404106,0.201404106,0.637,0,-1,2018,-1
Bomadi,Isoko South,NA,0.158075112,0.158075112,0.637,0,-1,2018,-1
Bonny,Nsit Ubium,NA,0.775511407,0.775511407,0.637,0,-1,2018,-1
Borgu,Oke-Ero,NA,0.371428572,0.371428572,0.637,0,-1,2018,-1
Boripe,Akinyele,NA,0.433333333,0.433333333,0.637,0,-1,2018,-1
Bosso,Keana,NA,0.28087628,0.28087628,0.637,0,-1,2018,-1
Brass,Ahoada West,NA,0.668806597,0.668806597,0.637,0,-1,2018,-1
Buji,Takali,NA,0.232381499,0.232381499,0.637,0,-1,2018,-1
Bukkuyum,Alkaleri,NA,0.304365819,0.304365819,0.637,0,-1,2018,-1
Bungudu,Takali,NA,0.386389111,0.386389111,0.637,0,-1,2018,-1
Bunkure,Gwarzo,NA,0.223824311,0.223824311,0.637,0,-1,2018,-1
Bunza,Birnin Kebbi,NA,0.548932384,0.548932384,0.637,0,-1,2018,-1
Bursari,Taura,NA,0.1625,0.1625,0.637,0,-1,2018,-1
Buruku,Keana,NA,0.260000049,0.260000049,0.637,0,-1,2018,-1
Burutu,Isoko South,NA,0.158075112,0.158075112,0.637,0,-1,2018,-1
Bwari,Giwa,NA,0.200549626,0.200549626,0.637,0,-1,2018,-1
Calabar South,Nsit Ubium,NA,0.387046089,0.387046089,0.637,0,-1,2018,-1
Calabar-Municipal,Nsit Ubium,NA,0.389661579,0.389661579,0.637,0,-1,2018,-1
Chanchaga,Keana,NA,0.505655168,0.505655168,0.637,0,-1,2018,-1
Charanchi,Rimi,NA,0.136842105,0.136842105,0.637,0,-1,2018,-1
Chibok,Darazo,NA,0.148682399,0.148682399,0.637,0,-1,2018,-1
Chikun,Soba,NA,0.026643097,0.026643097,0.637,0,-1,2018,-1
Dala,Alkaleri,NA,1,1,0.637,0,-1,2018,-1
Damaturu,Darazo,NA,0.148682399,0.148682399,0.637,0,-1,2018,-1
Damban,Darazo,NA,0.433333333,0.433333333,0.637,0,-1,2018,-1
Dambatta,Babura,NA,0.433333333,0.433333333,0.637,0,-1,2018,-1
Damboa,Darazo,NA,0.148682399,0.148682399,0.637,0,-1,2018,-1
Dan Musa,Rimi,NA,0.272994244,0.272994244,0.637,0,-1,2018,-1
Dandi,Birnin Kebbi,NA,0.453837059,0.453837059,0.637,0,-1,2018,-1
Dandume,Giwa,NA,0.169660832,0.169660832,0.637,0,-1,2018,-1
Dange-Shnsi,Gawabawa,NA,0.1625,0.1625,0.637,0,-1,2018,-1
Danja,Giwa,NA,0.169660832,0.169660832,0.637,0,-1,2018,-1
Darazo,Darazo,NA,0.209498396,0.209498396,0.637,0,-1,2018,-1
Dass,Alkaleri,NA,0.304365819,0.304365819,0.637,0,-1,2018,-1
Daura,Babura,NA,0.262899573,0.262899573,0.637,0,-1,2018,-1
Dawakin Kudu,Gwarzo,NA,0.354545455,0.354545455,0.637,0,-1,2018,-1
Dawakin Tofa,Taura,NA,0.236363637,0.236363637,0.637,0,-1,2018,-1
Degema,Ahoada West,NA,0.325,0.325,0.637,0,-1,2018,-1
Dekina,Owan East,NA,0.247387092,0.247387092,0.637,0,-1,2018,-1
Demsa,Alkaleri,NA,0.912582904,0.912582904,0.637,0,-1,2018,-1
Dikwa,Darazo,NA,0.148682399,0.148682399,0.637,0,-1,2018,-1
Doguwa,Giwa,NA,0.169565218,0.169565218,0.637,0,-1,2018,-1
Doma,Keana,NA,0.230343377,0.230343377,0.637,0,-1,2018,-1
Donga,Keana,NA,0.370395489,0.370395489,0.637,0,-1,2018,-1
Dukku,Darazo,NA,0.148682399,0.148682399,0.637,0,-1,2018,-1
Dunukofia,Uzo-Uwani,NA,0.546250231,0.546250231,0.637,0,-1,2018,-1
Dutse,Takali,NA,0.193034451,0.193034451,0.637,0,-1,2018,-1
Dutsi,Rimi,NA,0.3,0.3,0.637,0,-1,2018,-1
Dutsin-Ma,Rimi,NA,0.272994244,0.272994244,0.637,0,-1,2018,-1
Eastern Obolo,Nsit Ubium,NA,0.78,0.78,0.637,0,-1,2018,-1
Ebonyi,Owan East,NA,0.362625613,0.362625613,0.637,0,-1,2018,-1
Edati,Oke-Ero,NA,0.320891466,0.320891466,0.637,0,-1,2018,-1
Ede North,Akinyele,NA,0.201404106,0.201404106,0.637,0,-1,2018,-1
Ede South,Akinyele,NA,0.201404106,0.201404106,0.637,0,-1,2018,-1
Edu,Oke-Ero,NA,0.320891466,0.320891466,0.637,0,-1,2018,-1
Efon-Alayee,Oke-Ero,NA,0.320891466,0.320891466,0.637,0,-1,2018,-1
Egbado North,Owan East,NA,0.362625613,0.362625613,0.637,0,-1,2018,-1
Egbado South,Uzo-Uwani,NA,0.546250231,0.546250231,0.637,0,-1,2018,-1
Egbeda,Akinyele,NA,0.139511852,0.139511852,0.637,0,-1,2018,-1
Egbedore,Akinyele,NA,0.704433509,0.704433509,0.637,0,-1,2018,-1
Egor,Uzo-Uwani,NA,0.546250231,0.546250231,0.637,0,-1,2018,-1
Ehime-Mbano,Ngor-Okpala,NA,0.768786832,0.768786832,0.637,0,-1,2018,-1
Ejigbo,Akinyele,NA,0.280679433,0.280679433,0.637,0,-1,2018,-1
Ekeremor,Ahoada West,NA,0.267706951,0.267706951,0.637,0,-1,2018,-1
Eket,Nsit Ubium,NA,0.387046089,0.387046089,0.637,0,-1,2018,-1
Ekiti,Oke-Ero,NA,0.967712142,0.967712142,0.637,0,-1,2018,-1
Ekiti East,Oke-Ero,NA,0.320891466,0.320891466,0.637,0,-1,2018,-1
Ekiti South West,Oke-Ero,NA,0.601250074,0.601250074,0.637,0,-1,2018,-1
Ekiti West,Oke-Ero,NA,0.210877683,0.210877683,0.637,0,-1,2018,-1
Ekwusigo,Oru West,NA,0.975,0.975,0.637,0,-1,2018,-1
Eleme,Ahoada West,NA,0.197201567,0.197201567,0.637,0,-1,2018,-1
Emohua,Ahoada West,NA,0.216666667,0.216666667,0.637,0,-1,2018,-1
Emure,Oke-Ero,NA,0.320891466,0.320891466,0.637,0,-1,2018,-1
Enugu East,Uzo-Uwani,NA,0.99726025,0.99726025,0.637,0,-1,2018,-1
Enugu North,Uzo-Uwani,NA,0.546250231,0.546250231,0.637,0,-1,2018,-1
Enugu South,Uzo-Uwani,NA,0.66936156,0.66936156,0.637,0,-1,2018,-1
Epe,Uzo-Uwani,NA,0.546250231,0.546250231,0.637,0,-1,2018,-1
Esan Central,Owan East,NA,0.362625613,0.362625613,0.637,0,-1,2018,-1
Esan North East,Uzo-Uwani,NA,0.546250231,0.546250231,0.637,0,-1,2018,-1
Esan South East,Uzo-Uwani,NA,0.546250231,0.546250231,0.637,0,-1,2018,-1
Esan West,Uzo-Uwani,NA,0.546250231,0.546250231,0.637,0,-1,2018,-1
Ese-Odo,Owan East,NA,0.362625613,0.362625613,0.637,0,-1,2018,-1
Esit Eket,Nsit Ubium,NA,0.092857142,0.092857142,0.637,0,-1,2018,-1
Essien Udim,Ngor-Okpala,NA,0.285066209,0.285066209,0.637,0,-1,2018,-1
Etche,Ngor-Okpala,NA,0.368385424,0.368385424,0.637,0,-1,2018,-1
Ethiope East,Isoko South,NA,0.158075112,0.158075112,0.637,0,-1,2018,-1
Ethiope West,Isoko South,NA,0.158075112,0.158075112,0.637,0,-1,2018,-1
Etim Ekpo,Isoko South,NA,0.158075112,0.158075112,0.637,0,-1,2018,-1
Etinan,Ngor-Okpala,NA,0.368385424,0.368385424,0.637,0,-1,2018,-1
Eti-Osa,Nsit Ubium,NA,0.387046089,0.387046089,0.637,0,-1,2018,-1
Etsako Central,Owan East,NA,0.362625613,0.362625613,0.637,0,-1,2018,-1
Etsako East,Owan East,NA,0.101340513,0.101340513,0.637,0,-1,2018,-1
Etsako West,Owan East,NA,0.104457062,0.104457062,0.637,0,-1,2018,-1
Etung,Obubra,NA,0.26,0.26,0.637,0,-1,2018,-1
Ewekoro,Uzo-Uwani,NA,0.546250231,0.546250231,0.637,0,-1,2018,-1
Ezeagu,Uzo-Uwani,NA,0.564955964,0.564955964,0.637,0,-1,2018,-1
Ezinihitte,Ngor-Okpala,NA,0.505645858,0.505645858,0.637,0,-1,2018,-1
Ezza North,Owan East,NA,0.247619047,0.247619047,0.637,0,-1,2018,-1
Ezza South,Obubra,NA,0.622499743,0.622499743,0.637,0,-1,2018,-1
Fagge,Alkaleri,NA,0.304365819,0.304365819,0.637,0,-1,2018,-1
Fakai,Birnin Kebbi,NA,0.866666667,0.866666667,0.637,0,-1,2018,-1
Faskari,Giwa,NA,0.169660832,0.169660832,0.637,0,-1,2018,-1
Fika,Darazo,NA,0.123809524,0.123809524,0.637,0,-1,2018,-1
Fufore,Alkaleri,NA,0.181064148,0.181064148,0.637,0,-1,2018,-1
Funakaye,Alkaleri,NA,0.059090909,0.059090909,0.637,0,-1,2018,-1
Fune,Darazo,NA,0.041000609,0.041000609,0.637,0,-1,2018,-1
Funtua,Gwarzo,NA,0.223824311,0.223824311,0.637,0,-1,2018,-1
Gabasawa,Taura,NA,0.227406453,0.227406453,0.637,0,-1,2018,-1
Gada,Gawabawa,NA,0.138620877,0.138620877,0.637,0,-1,2018,-1
Gagarawa,Taura,NA,0.227406453,0.227406453,0.637,0,-1,2018,-1
Gamawa,Gwarzo,NA,0.223824311,0.223824311,0.637,0,-1,2018,-1
Ganaye,Alkaleri,NA,0.304365819,0.304365819,0.637,0,-1,2018,-1
Ganjuwa,Darazo,NA,0.132374108,0.132374108,0.637,0,-1,2018,-1
Garki,Babura,NA,0.866666667,0.866666667,0.637,0,-1,2018,-1
Garko,Gwarzo,NA,0.223824311,0.223824311,0.637,0,-1,2018,-1
Garum Mallam,Gwarzo,NA,0.2,0.2,0.637,0,-1,2018,-1
Gashaka,Oru West,NA,0.534400656,0.534400656,0.637,0,-1,2018,-1
Gassol,Keana,NA,0.111977379,0.111977379,0.637,0,-1,2018,-1
Gawabawa,Gawabawa,NA,0.138620877,0.138620877,0.637,0,-1,2018,-1
Gaya,Gwarzo,NA,0.216666667,0.216666667,0.637,0,-1,2018,-1
Gbako,Oke-Ero,NA,0.600000001,0.600000001,0.637,0,-1,2018,-1
Gboko,Keana,NA,0.182365732,0.182365732,0.637,0,-1,2018,-1
Gboyin,Obubra,NA,0.570053375,0.570053375,0.637,0,-1,2018,-1
Geidam,Babura,NA,0.454060567,0.454060567,0.637,0,-1,2018,-1
Gezawa,Gwarzo,NA,0.325,0.325,0.637,0,-1,2018,-1
Giade,Darazo,NA,0.185714286,0.185714286,0.637,0,-1,2018,-1
Gireri,Darazo,NA,0.105289757,0.105289757,0.637,0,-1,2018,-1
Giwa,Giwa,NA,0.169660832,0.169660832,0.637,0,-1,2018,-1
Gokana,Nsit Ubium,NA,0.236745016,0.236745016,0.637,0,-1,2018,-1
Gombe,Alkaleri,NA,0.151020422,0.151020422,0.637,0,-1,2018,-1
Gombi,Alkaleri,NA,0.27148585,0.27148585,0.637,0,-1,2018,-1
Goronyo,Gawabawa,NA,0.138620877,0.138620877,0.637,0,-1,2018,-1
Gubio,Gawabawa,NA,0.138620877,0.138620877,0.637,0,-1,2018,-1
Gudu,Gawabawa,NA,0.138620877,0.138620877,0.637,0,-1,2018,-1
Gujba,Darazo,NA,0.148682399,0.148682399,0.637,0,-1,2018,-1
Gulani,Alkaleri,NA,0.304365819,0.304365819,0.637,0,-1,2018,-1
Guma,Keana,NA,0.410103138,0.410103138,0.637,0,-1,2018,-1
Gumel,Babura,NA,0.325,0.325,0.637,0,-1,2018,-1
Gummi,Birnin Kebbi,NA,0.548932384,0.548932384,0.637,0,-1,2018,-1
Gurara,Oke-Ero,NA,0.320891466,0.320891466,0.637,0,-1,2018,-1
Guri,Taura,NA,0.227406453,0.227406453,0.637,0,-1,2018,-1
Gusau,Darazo,NA,0.148682399,0.148682399,0.637,0,-1,2018,-1
Guyuk,Alkaleri,NA,0.624918265,0.624918265,0.637,0,-1,2018,-1
Guzamala,Babura,NA,0.454060567,0.454060567,0.637,0,-1,2018,-1
Gwagwalada,Keana,NA,0.087907694,0.087907694,0.637,0,-1,2018,-1
Gwale,Alkaleri,NA,0.597307971,0.597307971,0.637,0,-1,2018,-1
Gwandu,Birnin Kebbi,NA,0.688235295,0.688235295,0.637,0,-1,2018,-1
Gwaram,Takali,NA,0.290548352,0.290548352,0.637,0,-1,2018,-1
Gwarzo,Gwarzo,NA,0.52,0.52,0.637,0,-1,2018,-1
Gwer East,Oke-Ero,NA,0.320891466,0.320891466,0.637,0,-1,2018,-1
Gwer West,Keana,NA,0.433333333,0.433333333,0.637,0,-1,2018,-1
Gwiwa,Babura,NA,0.433333333,0.433333333,0.637,0,-1,2018,-1
Gwoza,Darazo,NA,0.148682399,0.148682399,0.637,0,-1,2018,-1
Hadejia,Taura,NA,0.227406453,0.227406453,0.637,0,-1,2018,-1
Hawul,Darazo,NA,0.288000001,0.288000001,0.637,0,-1,2018,-1
Hong,Darazo,NA,0.148682399,0.148682399,0.637,0,-1,2018,-1
Ibadan North,Owan East,NA,0.323754826,0.323754826,0.637,0,-1,2018,-1
Ibadan North East,Owan East,NA,0.362625613,0.362625613,0.637,0,-1,2018,-1
Ibadan North West,Owan East,NA,0.153061332,0.153061332,0.637,0,-1,2018,-1
Ibadan South East,Akinyele,NA,0.201404106,0.201404106,0.637,0,-1,2018,-1
Ibadan South West,Owan East,NA,0.362625613,0.362625613,0.637,0,-1,2018,-1
Ibaji,Uzo-Uwani,NA,0.546250231,0.546250231,0.637,0,-1,2018,-1
Ibarapa Central,Akinyele,NA,0.201404106,0.201404106,0.637,0,-1,2018,-1
Ibarapa East,Oke-Ero,NA,0.320891466,0.320891466,0.637,0,-1,2018,-1
Ibarapa North,Oke-Ero,NA,0.320891466,0.320891466,0.637,0,-1,2018,-1
Ibeju-Lekki,Uzo-Uwani,NA,0.65,0.65,0.637,0,-1,2018,-1
Ibeno,Nsit Ubium,NA,0.387046089,0.387046089,0.637,0,-1,2018,-1
Ibesikpo Asutan,Nsit Ubium,NA,0.304255314,0.304255314,0.637,0,-1,2018,-1
Ibi,Keana,NA,0.230343377,0.230343377,0.637,0,-1,2018,-1
Ibiono Ibom,Ngor-Okpala,NA,0.185036492,0.185036492,0.637,0,-1,2018,-1
Idah,Uzo-Uwani,NA,0.546250231,0.546250231,0.637,0,-1,2018,-1
Idanre,Akinyele,NA,0.201404106,0.201404106,0.637,0,-1,2018,-1
Ideato North,Oru West,NA,0.990093894,0.990093894,0.637,0,-1,2018,-1
Ideato South,Ngor-Okpala,NA,0.368385424,0.368385424,0.637,0,-1,2018,-1
Idemili North,Uzo-Uwani,NA,0.808834627,0.808834627,0.637,0,-1,2018,-1
Idemili South,Oru West,NA,0.39780482,0.39780482,0.637,0,-1,2018,-1
Ido,Akinyele,NA,0.201404106,0.201404106,0.637,0,-1,2018,-1
Idosi-Osi,Oke-Ero,NA,0.114422374,0.114422374,0.637,0,-1,2018,-1
Ifako-Ijaye,Uzo-Uwani,NA,0.546250231,0.546250231,0.637,0,-1,2018,-1
Ife Central,Akinyele,NA,0.688235157,0.688235157,0.637,0,-1,2018,-1
Ife East,Akinyele,NA,0.201404106,0.201404106,0.637,0,-1,2018,-1
Ife North,Akinyele,NA,0.65,0.65,0.637,0,-1,2018,-1
Ife South,Akinyele,NA,0.201404106,0.201404106,0.637,0,-1,2018,-1
Ifedayo,Oke-Ero,NA,0.320891466,0.320891466,0.637,0,-1,2018,-1
Ifedore,Oke-Ero,NA,0.320891466,0.320891466,0.637,0,-1,2018,-1
Ifelodun1,Oke-Ero,NA,0.181699723,0.181699723,0.637,0,-1,2018,-1
Ifelodun2,Akinyele,NA,0.201404106,0.201404106,0.637,0,-1,2018,-1
Ifo,Uzo-Uwani,NA,0.546250231,0.546250231,0.637,0,-1,2018,-1
Igabi,Soba,NA,0.026643097,0.026643097,0.637,0,-1,2018,-1
Igalamela-Odolu,Uzo-Uwani,NA,0.546250231,0.546250231,0.637,0,-1,2018,-1
Igbo-Etiti,Uzo-Uwani,NA,0.546250231,0.546250231,0.637,0,-1,2018,-1
Igbo-Eze North,Uzo-Uwani,NA,0.110992231,0.110992231,0.637,0,-1,2018,-1
Igbo-Eze South,Uzo-Uwani,NA,0.546250231,0.546250231,0.637,0,-1,2018,-1
Igueben,Uzo-Uwani,NA,0.546250231,0.546250231,0.637,0,-1,2018,-1
Ihiala,Oru West,NA,0.376999966,0.376999966,0.637,0,-1,2018,-1
Ihitte-Uboma,Ngor-Okpala,NA,0.368385424,0.368385424,0.637,0,-1,2018,-1
Ijebu East,Oke-Ero,NA,0.320891466,0.320891466,0.637,0,-1,2018,-1
Ijebu North,Owan East,NA,0.362625613,0.362625613,0.637,0,-1,2018,-1
Ijebu North East,Oke-Ero,NA,0.320891466,0.320891466,0.637,0,-1,2018,-1
Ijebu ode,Owan East,NA,0.362625613,0.362625613,0.637,0,-1,2018,-1
Ijero,Oke-Ero,NA,0.257232986,0.257232986,0.637,0,-1,2018,-1
Ijumu,Oke-Ero,NA,0.320891466,0.320891466,0.637,0,-1,2018,-1
Ika,Ngor-Okpala,NA,0.368385424,0.368385424,0.637,0,-1,2018,-1
Ika North East,Uzo-Uwani,NA,0.546250231,0.546250231,0.637,0,-1,2018,-1
Ika South,Uzo-Uwani,NA,0.546250231,0.546250231,0.637,0,-1,2018,-1
Ikara,Soba,NA,0.026643097,0.026643097,0.637,0,-1,2018,-1
Ikeduru,Ngor-Okpala,NA,0.24166041,0.24166041,0.637,0,-1,2018,-1
Ikeja,Uzo-Uwani,NA,0.546250231,0.546250231,0.637,0,-1,2018,-1
Ikenne,Owan East,NA,0.362625613,0.362625613,0.637,0,-1,2018,-1
Ikere,Owan East,NA,0.362625613,0.362625613,0.637,0,-1,2018,-1
Ikole,Oke-Ero,NA,0.034226885,0.034226885,0.637,0,-1,2018,-1
Ikom,Obubra,NA,0.533126737,0.533126737,0.637,0,-1,2018,-1
Ikono,Ngor-Okpala,NA,0.65,0.65,0.637,0,-1,2018,-1
Ikorodu,Uzo-Uwani,NA,0.207359699,0.207359699,0.637,0,-1,2018,-1
Ikot Abasi,Nsit Ubium,NA,0.65,0.65,0.637,0,-1,2018,-1
Ikot Ekpene,Ngor-Okpala,NA,0.212303837,0.212303837,0.637,0,-1,2018,-1
Ikpoba-Okha,Uzo-Uwani,NA,0.222470265,0.222470265,0.637,0,-1,2018,-1
Ikwerre,Oru West,NA,0.41533391,0.41533391,0.637,0,-1,2018,-1
Ikwo,Obubra,NA,0.615811845,0.615811845,0.637,0,-1,2018,-1
Ikwuano,Ngor-Okpala,NA,0.368385424,0.368385424,0.637,0,-1,2018,-1
Ila,Oke-Ero,NA,0.320891466,0.320891466,0.637,0,-1,2018,-1
Ilaje,Owan East,NA,0.362625613,0.362625613,0.637,0,-1,2018,-1
Ilemeji,Akinyele,NA,0.201404106,0.201404106,0.637,0,-1,2018,-1
Ile-Oluji-Okeigbo,Oke-Ero,NA,0.577777777,0.577777777,0.637,0,-1,2018,-1
Ilesha East,Owan East,NA,0.65,0.65,0.637,0,-1,2018,-1
Ilesha West,Akinyele,NA,0.201404106,0.201404106,0.637,0,-1,2018,-1
Illela,Gawabawa,NA,0.030530608,0.030530608,0.637,0,-1,2018,-1
Ilorin East,Oke-Ero,NA,0.505611283,0.505611283,0.637,0,-1,2018,-1
Ilorin South,Oke-Ero,NA,0.320891466,0.320891466,0.637,0,-1,2018,-1
Ilorin West,Owan East,NA,0.436799947,0.436799947,0.637,0,-1,2018,-1
Imeko-Afon,Oke-Ero,NA,0.320891466,0.320891466,0.637,0,-1,2018,-1
Ingawa,Rimi,NA,0.072222223,0.072222223,0.637,0,-1,2018,-1
Ini,Ngor-Okpala,NA,0.368385424,0.368385424,0.637,0,-1,2018,-1
Ipokia,Uzo-Uwani,NA,0.546250231,0.546250231,0.637,0,-1,2018,-1
Irele,Akinyele,NA,0.201404106,0.201404106,0.637,0,-1,2018,-1
Irepo,Oke-Ero,NA,0.320891466,0.320891466,0.637,0,-1,2018,-1
Irepodun1,Oke-Ero,NA,0.320891466,0.320891466,0.637,0,-1,2018,-1
Irepodun2,Owan East,NA,0.362625613,0.362625613,0.637,0,-1,2018,-1
Irepodun-Ifelodun,Akinyele,NA,0.201404106,0.201404106,0.637,0,-1,2018,-1
Irewole,Akinyele,NA,0.620454618,0.620454618,0.637,0,-1,2018,-1
Isa,Rimi,NA,0.272994244,0.272994244,0.637,0,-1,2018,-1
Ise-Orun,Oke-Ero,NA,0.65,0.65,0.637,0,-1,2018,-1
Iseyin,Akinyele,NA,0.201404106,0.201404106,0.637,0,-1,2018,-1
Ishielu,Owan East,NA,0.305156211,0.305156211,0.637,0,-1,2018,-1
Isiala Mbano,Owan East,NA,0.362625613,0.362625613,0.637,0,-1,2018,-1
Isiala-Ngwa North,Ngor-Okpala,NA,0.441300517,0.441300517,0.637,0,-1,2018,-1
Isiala-Ngwa South,Ngor-Okpala,NA,0.368385424,0.368385424,0.637,0,-1,2018,-1
Isin,Ngor-Okpala,NA,0.692980744,0.692980744,0.637,0,-1,2018,-1
Isi-Uzo,Oke-Ero,NA,0.320891466,0.320891466,0.637,0,-1,2018,-1
Isokan,Akinyele,NA,0.201404106,0.201404106,0.637,0,-1,2018,-1
Isoko North,Isoko South,NA,0.158075112,0.158075112,0.637,0,-1,2018,-1
Isoko South,Isoko South,NA,0.158075112,0.158075112,0.637,0,-1,2018,-1
Isu,Ngor-Okpala,NA,0.65,0.65,0.637,0,-1,2018,-1
Isuikwato,Ngor-Okpala,NA,0.368385424,0.368385424,0.637,0,-1,2018,-1
Itas-Gadau,Taura,NA,0.226575202,0.226575202,0.637,0,-1,2018,-1
Itesiwaju,Akinyele,NA,0.201404106,0.201404106,0.637,0,-1,2018,-1
Itu,Ngor-Okpala,NA,0.866666667,0.866666667,0.637,0,-1,2018,-1
Ivo,Ngor-Okpala,NA,0.368385424,0.368385424,0.637,0,-1,2018,-1
Iwajowa,Oke-Ero,NA,0.320891466,0.320891466,0.637,0,-1,2018,-1
Iwo,Akinyele,NA,0.603240333,0.603240333,0.637,0,-1,2018,-1
Izzi,Owan East,NA,0.632951452,0.632951452,0.637,0,-1,2018,-1
Jaba,Oke-Ero,NA,0.320891466,0.320891466,0.637,0,-1,2018,-1
Jada,Alkaleri,NA,0.124359479,0.124359479,0.637,0,-1,2018,-1
Jahun,Taura,NA,0.287745263,0.287745263,0.637,0,-1,2018,-1
Jakusko,Taura,NA,0.227406453,0.227406453,0.637,0,-1,2018,-1
Jalingo,Keana,NA,0.445454471,0.445454471,0.637,0,-1,2018,-1
Jama'are,Taura,NA,0.184548081,0.184548081,0.637,0,-1,2018,-1
Jega,Birnin Kebbi,NA,0.736804699,0.736804699,0.637,0,-1,2018,-1
Jema'a,Soba,NA,0.180927838,0.180927838,0.637,0,-1,2018,-1
Jere,Gawabawa,NA,0.65,0.65,0.637,0,-1,2018,-1
Jibia,Rimi,NA,0.433333333,0.433333333,0.637,0,-1,2018,-1
Jos East,Soba,NA,0.65,0.65,0.637,0,-1,2018,-1
Jos North,Soba,NA,0.136014086,0.136014086,0.637,0,-1,2018,-1
Jos South,Soba,NA,0.026643097,0.026643097,0.637,0,-1,2018,-1
Kabba-Bunu,Oke-Ero,NA,0.320891466,0.320891466,0.637,0,-1,2018,-1
Kabo,Gwarzo,NA,0.427270591,0.427270591,0.637,0,-1,2018,-1
Kachia,Ngor-Okpala,NA,0.033940199,0.033940199,0.637,0,-1,2018,-1
Kaduna North,Soba,NA,0.085458174,0.085458174,0.637,0,-1,2018,-1
Kaduna South,Soba,NA,0.026643097,0.026643097,0.637,0,-1,2018,-1
Kafin Hausa,Taura,NA,0.544789219,0.544789219,0.637,0,-1,2018,-1
Kafur,Gwarzo,NA,0.266081852,0.266081852,0.637,0,-1,2018,-1
Kaga,Darazo,NA,0.148682399,0.148682399,0.637,0,-1,2018,-1
Kagarko,Oke-Ero,NA,0.320891466,0.320891466,0.637,0,-1,2018,-1
Kaiama,Oke-Ero,NA,0.320891466,0.320891466,0.637,0,-1,2018,-1
Kaita,Rimi,NA,0.2,0.2,0.637,0,-1,2018,-1
Kajola,Akinyele,NA,0.201404106,0.201404106,0.637,0,-1,2018,-1
Kajuru,Soba,NA,0.026643097,0.026643097,0.637,0,-1,2018,-1
Kala-Balge,Darazo,NA,0.148682399,0.148682399,0.637,0,-1,2018,-1
Kalgo,Birnin Kebbi,NA,0.686653033,0.686653033,0.637,0,-1,2018,-1
Kaltungo,Alkaleri,NA,0.304365819,0.304365819,0.637,0,-1,2018,-1
Kanam,Alkaleri,NA,0.386320672,0.386320672,0.637,0,-1,2018,-1
Kankara,Rimi,NA,0.272994244,0.272994244,0.637,0,-1,2018,-1
Kanke,Alkaleri,NA,0.304365819,0.304365819,0.637,0,-1,2018,-1
Kankia,Rimi,NA,0.371428572,0.371428572,0.637,0,-1,2018,-1
Kano Municipal,Alkaleri,NA,0.304365819,0.304365819,0.637,0,-1,2018,-1
Karasuwa,Taura,NA,0.074742948,0.074742948,0.637,0,-1,2018,-1
Karaye,Gwarzo,NA,0.541666667,0.541666667,0.637,0,-1,2018,-1
Karin-Lamido,Alkaleri,NA,0.203989353,0.203989353,0.637,0,-1,2018,-1
Karu,Oke-Ero,NA,0.320891466,0.320891466,0.637,0,-1,2018,-1
Katagum,Gwarzo,NA,0.15186921,0.15186921,0.637,0,-1,2018,-1
Katcha,Oke-Ero,NA,0.398412736,0.398412736,0.637,0,-1,2018,-1
Katsina,Rimi,NA,0.648634466,0.648634466,0.637,0,-1,2018,-1
Katsina-Ala,Keana,NA,0.230343377,0.230343377,0.637,0,-1,2018,-1
Kaugama,Taura,NA,0.144444444,0.144444444,0.637,0,-1,2018,-1
Kaura,Soba,NA,0.026643097,0.026643097,0.637,0,-1,2018,-1
Kaura-Namoda,Rimi,NA,0.272994244,0.272994244,0.637,0,-1,2018,-1
Kauru,Soba,NA,0.026643097,0.026643097,0.637,0,-1,2018,-1
Kazaure,Babura,NA,0.40625,0.40625,0.637,0,-1,2018,-1
Keana,Keana,NA,0.230343377,0.230343377,0.637,0,-1,2018,-1
Kebbe,Birnin Kebbi,NA,0.548932384,0.548932384,0.637,0,-1,2018,-1
Keffi,Oke-Ero,NA,0.320891466,0.320891466,0.637,0,-1,2018,-1
Khana,Nsit Ubium,NA,0.371428572,0.371428572,0.637,0,-1,2018,-1
Kibiya,Gwarzo,NA,0.223824311,0.223824311,0.637,0,-1,2018,-1
Kirfi,Alkaleri,NA,0.1,0.1,0.637,0,-1,2018,-1
Kiri Kasamma,Taura,NA,0.381848162,0.381848162,0.637,0,-1,2018,-1
Kiru,Gwarzo,NA,0.310374254,0.310374254,0.637,0,-1,2018,-1
Kiyawa,Takali,NA,0.185714286,0.185714286,0.637,0,-1,2018,-1
Kogi,Keana,NA,0.433333333,0.433333333,0.637,0,-1,2018,-1
Koko-Besse,Birnin Kebbi,NA,0.819441399,0.819441399,0.637,0,-1,2018,-1
Kokona,Oke-Ero,NA,0.320891466,0.320891466,0.637,0,-1,2018,-1
Kolokuma-Opokuma,Ahoada West,NA,0.505763642,0.505763642,0.637,0,-1,2018,-1
Konduga,Darazo,NA,0.65,0.65,0.637,0,-1,2018,-1
Konshisha,Oke-Ero,NA,0.320891466,0.320891466,0.637,0,-1,2018,-1
Kontagora,Oke-Ero,NA,0.417220489,0.417220489,0.637,0,-1,2018,-1
Kosofe,Isoko South,NA,0.898302193,0.898302193,0.637,0,-1,2018,-1
Kubau,Soba,NA,0.026643097,0.026643097,0.637,0,-1,2018,-1
Kudan,Giwa,NA,0.169660832,0.169660832,0.637,0,-1,2018,-1
Kuje,Keana,NA,0.230343377,0.230343377,0.637,0,-1,2018,-1
Kukawa,Babura,NA,0.78,0.78,0.637,0,-1,2018,-1
Kumbotso,Taura,NA,0.227406453,0.227406453,0.637,0,-1,2018,-1
Kunchi,Babura,NA,0.191633459,0.191633459,0.637,0,-1,2018,-1
Kura,Gwarzo,NA,0.288888889,0.288888889,0.637,0,-1,2018,-1
Kurfi,Rimi,NA,0.272994244,0.272994244,0.637,0,-1,2018,-1
Kurmi,Oru West,NA,0.52,0.52,0.637,0,-1,2018,-1
Kusada,Rimi,NA,0.24375,0.24375,0.637,0,-1,2018,-1
Kwali,Keana,NA,0.230343377,0.230343377,0.637,0,-1,2018,-1
Kwami,Alkaleri,NA,0.090342893,0.090342893,0.637,0,-1,2018,-1
Kwande,Oke-Ero,NA,0.245283216,0.245283216,0.637,0,-1,2018,-1
Kware,Gawabawa,NA,0.26,0.26,0.637,0,-1,2018,-1
Kwaya Kusar,Alkaleri,NA,0.304365819,0.304365819,0.637,0,-1,2018,-1
Lafia,Alkaleri,NA,0.304365819,0.304365819,0.637,0,-1,2018,-1
Lagelu,Akinyele,NA,0.201404106,0.201404106,0.637,0,-1,2018,-1
Lagos Island,Isoko South,NA,0.158075112,0.158075112,0.637,0,-1,2018,-1
Lagos Mainland,Isoko South,NA,0.158075112,0.158075112,0.637,0,-1,2018,-1
Lamurde,Alkaleri,NA,0.304365819,0.304365819,0.637,0,-1,2018,-1
Langtang North,Alkaleri,NA,0.304365819,0.304365819,0.637,0,-1,2018,-1
Langtang South,Keana,NA,0.230343377,0.230343377,0.637,0,-1,2018,-1
Lapai,Oke-Ero,NA,0.320891466,0.320891466,0.637,0,-1,2018,-1
Lau,Alkaleri,NA,0.236363637,0.236363637,0.637,0,-1,2018,-1
Lavun,Oke-Ero,NA,0.532274734,0.532274734,0.637,0,-1,2018,-1
Lere,Soba,NA,0.026643097,0.026643097,0.637,0,-1,2018,-1
Logo,Keana,NA,0.230343377,0.230343377,0.637,0,-1,2018,-1
Lokoja,Keana,NA,0.230343377,0.230343377,0.637,0,-1,2018,-1
Machina,Taura,NA,0.071083073,0.071083073,0.637,0,-1,2018,-1
Madagali,Darazo,NA,0.148682399,0.148682399,0.637,0,-1,2018,-1
Madobi,Taura,NA,0.227406453,0.227406453,0.637,0,-1,2018,-1
Mafa,Darazo,NA,0.148682399,0.148682399,0.637,0,-1,2018,-1
Magama,Oke-Ero,NA,0.392992344,0.392992344,0.637,0,-1,2018,-1
Magumeri,Gawabawa,NA,0.138620877,0.138620877,0.637,0,-1,2018,-1
Mai'Adua,Rimi,NA,0.52,0.52,0.637,0,-1,2018,-1
Maiduguri,Darazo,NA,0.040534516,0.040534516,0.637,0,-1,2018,-1
Maigatari,Babura,NA,0.267674108,0.267674108,0.637,0,-1,2018,-1
Maiha,Alkaleri,NA,0.304365819,0.304365819,0.637,0,-1,2018,-1
Maiyama,Birnin Kebbi,NA,0.938888889,0.938888889,0.637,0,-1,2018,-1
Makoda,Babura,NA,0.78,0.78,0.637,0,-1,2018,-1
Makurdi,Keana,NA,0.10968042,0.10968042,0.637,0,-1,2018,-1
Malam Madori,Taura,NA,0.65,0.65,0.637,0,-1,2018,-1
Malumfashi,Gwarzo,NA,0.866666667,0.866666667,0.637,0,-1,2018,-1
Mangu,Darazo,NA,0.372231916,0.372231916,0.637,0,-1,2018,-1
Mani,Rimi,NA,0.259846102,0.259846102,0.637,0,-1,2018,-1
Maradun,Darazo,NA,0.095542186,0.095542186,0.637,0,-1,2018,-1
Mariga,Oke-Ero,NA,0.13,0.13,0.637,0,-1,2018,-1
Markafi,Gwarzo,NA,0.223824311,0.223824311,0.637,0,-1,2018,-1
Marte,Babura,NA,0.454060567,0.454060567,0.637,0,-1,2018,-1
Maru,Giwa,NA,0.169660832,0.169660832,0.637,0,-1,2018,-1
Mashegu,Oke-Ero,NA,0.320891466,0.320891466,0.637,0,-1,2018,-1
Mashi,Rimi,NA,0.216666667,0.216666667,0.637,0,-1,2018,-1
Matazuu,Rimi,NA,0.371428572,0.371428572,0.637,0,-1,2018,-1
Mayo-Belwa,Alkaleri,NA,0.709090909,0.709090909,0.637,0,-1,2018,-1
Mbaitoli,Ngor-Okpala,NA,0.491027498,0.491027498,0.637,0,-1,2018,-1
Mbo,Nsit Ubium,NA,0.13,0.13,0.637,0,-1,2018,-1
Michika,Darazo,NA,0.148682399,0.148682399,0.637,0,-1,2018,-1
Miga,Taura,NA,0.144444444,0.144444444,0.637,0,-1,2018,-1
Mikang,Alkaleri,NA,0.304365819,0.304365819,0.637,0,-1,2018,-1
Minjibir,Taura,NA,0.69934533,0.69934533,0.637,0,-1,2018,-1
Misau,Darazo,NA,0.159211745,0.159211745,0.637,0,-1,2018,-1
Mkpat Enin,Nsit Ubium,NA,0.493942774,0.493942774,0.637,0,-1,2018,-1
Moba,Oke-Ero,NA,0.113095064,0.113095064,0.637,0,-1,2018,-1
Mobbar,Babura,NA,0.681286425,0.681286425,0.637,0,-1,2018,-1
Mokwa,Oke-Ero,NA,0.332644356,0.332644356,0.637,0,-1,2018,-1
Monguno,Babura,NA,0.454060567,0.454060567,0.637,0,-1,2018,-1
Mopa-Muro,Oke-Ero,NA,0.320891466,0.320891466,0.637,0,-1,2018,-1
Moro,Oke-Ero,NA,0.320891466,0.320891466,0.637,0,-1,2018,-1
Mubi North,Darazo,NA,0.289619997,0.289619997,0.637,0,-1,2018,-1
Mubi South,Darazo,NA,0.073286186,0.073286186,0.637,0,-1,2018,-1
Musawa,Gwarzo,NA,0.478947369,0.478947369,0.637,0,-1,2018,-1
Mushin,Isoko South,NA,0.158075112,0.158075112,0.637,0,-1,2018,-1
Muya,Giwa,NA,0.464285714,0.464285714,0.637,0,-1,2018,-1
Nafada,Alkaleri,NA,0.262094781,0.262094781,0.637,0,-1,2018,-1
Nangere,Darazo,NA,0.043333333,0.043333333,0.637,0,-1,2018,-1
Nasarawa1,Alkaleri,NA,0.304365819,0.304365819,0.637,0,-1,2018,-1
Nasarawa2,Alkaleri,NA,0.475911296,0.475911296,0.637,0,-1,2018,-1
Nasarawa-Eggon,Keana,NA,0.230343377,0.230343377,0.637,0,-1,2018,-1
Ndokwa East,Ahoada West,NA,0.32039989,0.32039989,0.637,0,-1,2018,-1
Ndokwa West,Isoko South,NA,0.158075112,0.158075112,0.637,0,-1,2018,-1
Nembe,Ahoada West,NA,0.325,0.325,0.637,0,-1,2018,-1
Ngala,Taura,NA,0.227406453,0.227406453,0.637,0,-1,2018,-1
Nganzai,Gawabawa,NA,0.138620877,0.138620877,0.637,0,-1,2018,-1
Ngaski,Owan East,NA,0.785578239,0.785578239,0.637,0,-1,2018,-1
Ngor-Okpala,Ngor-Okpala,NA,0.722222223,0.722222223,0.637,0,-1,2018,-1
Nguru,Taura,NA,0.227406453,0.227406453,0.637,0,-1,2018,-1
Ningi,Takali,NA,0.111683835,0.111683835,0.637,0,-1,2018,-1
Njaba,Ngor-Okpala,NA,1,1,0.637,0,-1,2018,-1
Njikoka,Uzo-Uwani,NA,0.866666667,0.866666667,0.637,0,-1,2018,-1
Nkanu East,Owan East,NA,0.580111026,0.580111026,0.637,0,-1,2018,-1
Nkanu West,Uzo-Uwani,NA,0.546250231,0.546250231,0.637,0,-1,2018,-1
Nkwerre,Ngor-Okpala,NA,0.325,0.325,0.637,0,-1,2018,-1
Nnewi North,Oru West,NA,0.534400656,0.534400656,0.637,0,-1,2018,-1
Nnewi South,Oru West,NA,0.74604813,0.74604813,0.637,0,-1,2018,-1
Nsit Atai,Nsit Ubium,NA,0.387046089,0.387046089,0.637,0,-1,2018,-1
Nsit Ibom,Nsit Ubium,NA,0.325,0.325,0.637,0,-1,2018,-1
Nsit Ubium,Nsit Ubium,NA,0.557142858,0.557142858,0.637,0,-1,2018,-1
Nsukka,Uzo-Uwani,NA,0.526923089,0.526923089,0.637,0,-1,2018,-1
Numan,Alkaleri,NA,0.841176471,0.841176471,0.637,0,-1,2018,-1
Nwangele,Ngor-Okpala,NA,0.368385424,0.368385424,0.637,0,-1,2018,-1
Obafemi-Owode,Owan East,NA,0.592103585,0.592103585,0.637,0,-1,2018,-1
Obanliku,Obubra,NA,0.533126737,0.533126737,0.637,0,-1,2018,-1
Obi Nwa,Ngor-Okpala,NA,0.368385424,0.368385424,0.637,0,-1,2018,-1
Obi1,Keana,NA,0.230343377,0.230343377,0.637,0,-1,2018,-1
Obi2,Keana,NA,0.230343377,0.230343377,0.637,0,-1,2018,-1
Obia-Akpor,Ahoada West,NA,0.277528932,0.277528932,0.637,0,-1,2018,-1
Obokun,Akinyele,NA,0.201404106,0.201404106,0.637,0,-1,2018,-1
Obot Akara,Ngor-Okpala,NA,0.368385424,0.368385424,0.637,0,-1,2018,-1
Obowo,Ngor-Okpala,NA,0.368385424,0.368385424,0.637,0,-1,2018,-1
Obubra,Obubra,NA,0.533126737,0.533126737,0.637,0,-1,2018,-1
Obudu,Obubra,NA,0.533126737,0.533126737,0.637,0,-1,2018,-1
Odeda,Oke-Ero,NA,0.320891466,0.320891466,0.637,0,-1,2018,-1
Odigbo,Akinyele,NA,0.201404106,0.201404106,0.637,0,-1,2018,-1
Odogbolu,Oke-Ero,NA,0.320891466,0.320891466,0.637,0,-1,2018,-1
Odo-Otin,Owan East,NA,0.362625613,0.362625613,0.637,0,-1,2018,-1
Odukpani,Ngor-Okpala,NA,0.368385424,0.368385424,0.637,0,-1,2018,-1
Offa,Akinyele,NA,0.201404106,0.201404106,0.637,0,-1,2018,-1
Ofu,Owan East,NA,0.362625613,0.362625613,0.637,0,-1,2018,-1
Ogbadibo,Ahoada West,NA,0.176383002,0.176383002,0.637,0,-1,2018,-1
Ogba-Egbema-Ndoni,Owan East,NA,0.362625613,0.362625613,0.637,0,-1,2018,-1
Ogbaru,Ahoada West,NA,0.866666667,0.866666667,0.637,0,-1,2018,-1
Ogbia,Ahoada West,NA,0.32039989,0.32039989,0.637,0,-1,2018,-1
Ogbomosho North,Akinyele,NA,0.201404106,0.201404106,0.637,0,-1,2018,-1
Ogbomosho South,Akinyele,NA,0.201404106,0.201404106,0.637,0,-1,2018,-1
Ogo Oluwa,Oke-Ero,NA,0.320891466,0.320891466,0.637,0,-1,2018,-1
Ogoja,Obubra,NA,0.533126737,0.533126737,0.637,0,-1,2018,-1
Ogori-Mangongo,Owan East,NA,0.362625613,0.362625613,0.637,0,-1,2018,-1
Ogu-Bolo,Nsit Ubium,NA,0.387046089,0.387046089,0.637,0,-1,2018,-1
Ogun waterside,Owan East,NA,0.362625613,0.362625613,0.637,0,-1,2018,-1
Oguta,Oru West,NA,0.65,0.65,0.637,0,-1,2018,-1
Ohafia,Ngor-Okpala,NA,0.368385424,0.368385424,0.637,0,-1,2018,-1
Ohaji-Egbema,Oru West,NA,0.606951426,0.606951426,0.637,0,-1,2018,-1
Ohaozara,Obubra,NA,0.896370961,0.896370961,0.637,0,-1,2018,-1
Ohaukwu,Owan East,NA,0.325,0.325,0.637,0,-1,2018,-1
Ohimini,Akinyele,NA,0.201404106,0.201404106,0.637,0,-1,2018,-1
Oji-River,Oru West,NA,0.534400656,0.534400656,0.637,0,-1,2018,-1
Ojo,Isoko South,NA,0.158075112,0.158075112,0.637,0,-1,2018,-1
Oju,Oke-Ero,NA,0.086336734,0.086336734,0.637,0,-1,2018,-1
Oke-Ero,Oke-Ero,NA,0.52,0.52,0.637,0,-1,2018,-1
Okehi,Owan East,NA,0.362625613,0.362625613,0.637,0,-1,2018,-1
Okene,Owan East,NA,0.094986915,0.094986915,0.637,0,-1,2018,-1
Okigwe,Ngor-Okpala,NA,0.433333333,0.433333333,0.637,0,-1,2018,-1
Okitipupa,Owan East,NA,0.362625613,0.362625613,0.637,0,-1,2018,-1
Okobo,Nsit Ubium,NA,0.387046089,0.387046089,0.637,0,-1,2018,-1
Okpe,Isoko South,NA,0.158075112,0.158075112,0.637,0,-1,2018,-1
Okpokwu,Akinyele,NA,0.185714286,0.185714286,0.637,0,-1,2018,-1
Okrika,Nsit Ubium,NA,0.729674547,0.729674547,0.637,0,-1,2018,-1
Olamabolo,Akinyele,NA,0.201404106,0.201404106,0.637,0,-1,2018,-1
Ola-oluwa,Owan East,NA,0.433333333,0.433333333,0.637,0,-1,2018,-1
Olorunda,Akinyele,NA,0.201404106,0.201404106,0.637,0,-1,2018,-1
Olorunsogo,Oke-Ero,NA,0.320891466,0.320891466,0.637,0,-1,2018,-1
Oluyole,Oke-Ero,NA,0.320891466,0.320891466,0.637,0,-1,2018,-1
Omala,Keana,NA,0.230343377,0.230343377,0.637,0,-1,2018,-1
Omumma,Ngor-Okpala,NA,0.092314193,0.092314193,0.637,0,-1,2018,-1
Ona-Ara,Akinyele,NA,0.201404106,0.201404106,0.637,0,-1,2018,-1
Ondo East,Akinyele,NA,0.201404106,0.201404106,0.637,0,-1,2018,-1
Ondo West,Akinyele,NA,0.201404106,0.201404106,0.637,0,-1,2018,-1
Onicha,Obubra,NA,0.488397798,0.488397798,0.637,0,-1,2018,-1
Onitsha North,Uzo-Uwani,NA,0.546250231,0.546250231,0.637,0,-1,2018,-1
Onitsha South,Uzo-Uwani,NA,0.546250231,0.546250231,0.637,0,-1,2018,-1
Onna,Nsit Ubium,NA,0.466938731,0.466938731,0.637,0,-1,2018,-1
Opobo-Nkoro,Nsit Ubium,NA,0.793571884,0.793571884,0.637,0,-1,2018,-1
Oredo,Uzo-Uwani,NA,0.412313554,0.412313554,0.637,0,-1,2018,-1
Orelope,Oke-Ero,NA,0.320891466,0.320891466,0.637,0,-1,2018,-1
Orhionmwon,Uzo-Uwani,NA,0.236805313,0.236805313,0.637,0,-1,2018,-1
Ori Ire,Oke-Ero,NA,0.320891466,0.320891466,0.637,0,-1,2018,-1
Oriade,Oke-Ero,NA,0.441376809,0.441376809,0.637,0,-1,2018,-1
Orlu,Oru West,NA,0.325,0.325,0.637,0,-1,2018,-1
Orolu,Oke-Ero,NA,0.393939491,0.393939491,0.637,0,-1,2018,-1
Oron,Nsit Ubium,NA,0.387046089,0.387046089,0.637,0,-1,2018,-1
Orsu,Oru West,NA,0.334959802,0.334959802,0.637,0,-1,2018,-1
Oru East,Oru West,NA,0.534400656,0.534400656,0.637,0,-1,2018,-1
Oru West,Oru West,NA,0.563113881,0.563113881,0.637,0,-1,2018,-1
Oruk Anam,Nsit Ubium,NA,0.380808128,0.380808128,0.637,0,-1,2018,-1
Orumba North,Oru West,NA,0.62499996,0.62499996,0.637,0,-1,2018,-1
Orumba South,Oru West,NA,0.534400656,0.534400656,0.637,0,-1,2018,-1
Ose,Owan East,NA,0.362625613,0.362625613,0.637,0,-1,2018,-1
Oshimili North,Uzo-Uwani,NA,0.546250231,0.546250231,0.637,0,-1,2018,-1
Oshimili South,Uzo-Uwani,NA,0.546250231,0.546250231,0.637,0,-1,2018,-1
Oshodi-Isolo,Uzo-Uwani,NA,0.325,0.325,0.637,0,-1,2018,-1
Osisioma Ngwa,Ngor-Okpala,NA,0.368385424,0.368385424,0.637,0,-1,2018,-1
Osogbo,Owan East,NA,0.65,0.65,0.637,0,-1,2018,-1
Oturkpo,Owan East,NA,0.362625613,0.362625613,0.637,0,-1,2018,-1
Ovia North East,Owan East,NA,0.362625613,0.362625613,0.637,0,-1,2018,-1
Ovia South West,Akinyele,NA,0.185714286,0.185714286,0.637,0,-1,2018,-1
Owan East,Owan East,NA,0.26,0.26,0.637,0,-1,2018,-1
Owan West,Owan East,NA,0.362625613,0.362625613,0.637,0,-1,2018,-1
Owerri North,Ngor-Okpala,NA,0.368385424,0.368385424,0.637,0,-1,2018,-1
Owerri West,Ngor-Okpala,NA,0.368385424,0.368385424,0.637,0,-1,2018,-1
Owerri-Municipal,Oru West,NA,0.534400656,0.534400656,0.637,0,-1,2018,-1
Owo,Owan East,NA,0.189308048,0.189308048,0.637,0,-1,2018,-1
Oye,Oke-Ero,NA,0.320891466,0.320891466,0.637,0,-1,2018,-1
Oyi,Uzo-Uwani,NA,1,1,0.637,0,-1,2018,-1
Oyigbo,Nsit Ubium,NA,0.65,0.65,0.637,0,-1,2018,-1
Oyo East,Akinyele,NA,0.201404106,0.201404106,0.637,0,-1,2018,-1
Oyo West,Akinyele,NA,0.201404106,0.201404106,0.637,0,-1,2018,-1
Oyun,Oke-Ero,NA,0.667676642,0.667676642,0.637,0,-1,2018,-1
Pailoro,Oke-Ero,NA,0.273318776,0.273318776,0.637,0,-1,2018,-1
Pankshin,Alkaleri,NA,0.433333333,0.433333333,0.637,0,-1,2018,-1
Patani,Isoko South,NA,0.158075112,0.158075112,0.637,0,-1,2018,-1
Pategi,Oke-Ero,NA,0.320891466,0.320891466,0.637,0,-1,2018,-1
Port-Harcourt,Ahoada West,NA,0.398725584,0.398725584,0.637,0,-1,2018,-1
Potiskum,Darazo,NA,0.018174517,0.018174517,0.637,0,-1,2018,-1
Qua'an Pan,Keana,NA,0.162863515,0.162863515,0.637,0,-1,2018,-1
Rabah,Gawabawa,NA,0.433333333,0.433333333,0.637,0,-1,2018,-1
Rafi,Oke-Ero,NA,0.645351578,0.645351578,0.637,0,-1,2018,-1
Rano,Gwarzo,NA,0.288888889,0.288888889,0.637,0,-1,2018,-1
Remo North,Owan East,NA,0.362625613,0.362625613,0.637,0,-1,2018,-1
Rijau,Alkaleri,NA,1,1,0.637,0,-1,2018,-1
Rimi,Rimi,NA,0.272994244,0.272994244,0.637,0,-1,2018,-1
Rimin Gado,Gwarzo,NA,0.223824311,0.223824311,0.637,0,-1,2018,-1
Ringim,Taura,NA,0.433333333,0.433333333,0.637,0,-1,2018,-1
Riyom,Soba,NA,0.026643097,0.026643097,0.637,0,-1,2018,-1
Rogo,Gwarzo,NA,0.433333333,0.433333333,0.637,0,-1,2018,-1
Roni,Babura,NA,0.454060567,0.454060567,0.637,0,-1,2018,-1
Sabon Birni,Gawabawa,NA,0.161027153,0.161027153,0.637,0,-1,2018,-1
Sabon-Gari,Soba,NA,0.071089287,0.071089287,0.637,0,-1,2018,-1
Sabuwa,Giwa,NA,0.65,0.65,0.637,0,-1,2018,-1
Safana,Babura,NA,0.577777777,0.577777777,0.637,0,-1,2018,-1
Sagbama,Ahoada West,NA,0.544354179,0.544354179,0.637,0,-1,2018,-1
Sakaba,Alkaleri,NA,0.304365819,0.304365819,0.637,0,-1,2018,-1
Saki East,Oke-Ero,NA,0.320891466,0.320891466,0.637,0,-1,2018,-1
Saki West,Akinyele,NA,0.201404106,0.201404106,0.637,0,-1,2018,-1
Sandamu,Rimi,NA,0.272994244,0.272994244,0.637,0,-1,2018,-1
Sanga,Soba,NA,0.026643097,0.026643097,0.637,0,-1,2018,-1
Sapele,Isoko South,NA,0.158075112,0.158075112,0.637,0,-1,2018,-1
Sardauna,Oru West,NA,0.268533359,0.268533359,0.637,0,-1,2018,-1
Shagamu,Uzo-Uwani,NA,0.590250773,0.590250773,0.637,0,-1,2018,-1
Shagari,Birnin Kebbi,NA,0.195,0.195,0.637,0,-1,2018,-1
Shanga,Birnin Kebbi,NA,1,1,0.637,0,-1,2018,-1
Shani,Alkaleri,NA,0.304365819,0.304365819,0.637,0,-1,2018,-1
Shanono,Gwarzo,NA,0.223824311,0.223824311,0.637,0,-1,2018,-1
Shelleng,Darazo,NA,0.442244331,0.442244331,0.637,0,-1,2018,-1
Shendam,Keana,NA,0.179594359,0.179594359,0.637,0,-1,2018,-1
Shinkafi,Rimi,NA,0.272994244,0.272994244,0.637,0,-1,2018,-1
Shira,Takali,NA,0.268304668,0.268304668,0.637,0,-1,2018,-1
Shiroro,Oke-Ero,NA,0.554326521,0.554326521,0.637,0,-1,2018,-1
Shomgom,Alkaleri,NA,0.183826231,0.183826231,0.637,0,-1,2018,-1
Shomolu,Isoko South,NA,0.158075112,0.158075112,0.637,0,-1,2018,-1
Silame,Gawabawa,NA,0.108333333,0.108333333,0.637,0,-1,2018,-1
Soba,Soba,NA,0.026643097,0.026643097,0.637,0,-1,2018,-1
Sokoto North,Gawabawa,NA,0.216666667,0.216666667,0.637,0,-1,2018,-1
Sokoto South,Birnin Kebbi,NA,0.548932384,0.548932384,0.637,0,-1,2018,-1
Song,Darazo,NA,0.397428572,0.397428572,0.637,0,-1,2018,-1
Southern Ijaw,Ahoada West,NA,0.32039989,0.32039989,0.637,0,-1,2018,-1
Suleja,Babura,NA,0.478947369,0.478947369,0.637,0,-1,2018,-1
Sule-Tankarkar,Giwa,NA,0.421006547,0.421006547,0.637,0,-1,2018,-1
Sumaila,Takali,NA,0.8125,0.8125,0.637,0,-1,2018,-1
Suru,Birnin Kebbi,NA,0.693333333,0.693333333,0.637,0,-1,2018,-1
Surulere1,Oke-Ero,NA,0.320891466,0.320891466,0.637,0,-1,2018,-1
Surulere2,Oke-Ero,NA,0.320891466,0.320891466,0.637,0,-1,2018,-1
Tafa,Oke-Ero,NA,0.65,0.65,0.637,0,-1,2018,-1
Tafawa-Balewa,Alkaleri,NA,0.300569096,0.300569096,0.637,0,-1,2018,-1
Tai,Nsit Ubium,NA,0.101355951,0.101355951,0.637,0,-1,2018,-1
Takali,Takali,NA,0.348709019,0.348709019,0.637,0,-1,2018,-1
Takum,Keana,NA,0.196780334,0.196780334,0.637,0,-1,2018,-1
Talata Mafara,Darazo,NA,0.148682399,0.148682399,0.637,0,-1,2018,-1
Tambuwal,Birnin Kebbi,NA,0.090083211,0.090083211,0.637,0,-1,2018,-1
Tangaza,Gawabawa,NA,0.138620877,0.138620877,0.637,0,-1,2018,-1
Tarauni,Alkaleri,NA,1,1,0.637,0,-1,2018,-1
Tarka,Keana,NA,0.230343377,0.230343377,0.637,0,-1,2018,-1
Tarmua,Rimi,NA,0.272994244,0.272994244,0.637,0,-1,2018,-1
Taura,Taura,NA,0.535294118,0.535294118,0.637,0,-1,2018,-1
Tofa,Taura,NA,0.3,0.3,0.637,0,-1,2018,-1
Toro,Giwa,NA,0.26600315,0.26600315,0.637,0,-1,2018,-1
Toto,Keana,NA,0.230343377,0.230343377,0.637,0,-1,2018,-1
Toungo,Keana,NA,0.092857142,0.092857142,0.637,0,-1,2018,-1
Tsafe,Takali,NA,0.044396286,0.044396286,0.637,0,-1,2018,-1
Tsanyawa,Gwarzo,NA,0.223824311,0.223824311,0.637,0,-1,2018,-1
Tudun Wada,Gwarzo,NA,0.114279014,0.114279014,0.637,0,-1,2018,-1
Tureta,Birnin Kebbi,NA,0.137680459,0.137680459,0.637,0,-1,2018,-1
Udenu,Uzo-Uwani,NA,0.89915374,0.89915374,0.637,0,-1,2018,-1
Udi,Uzo-Uwani,NA,0.546250231,0.546250231,0.637,0,-1,2018,-1
Udu,Isoko South,NA,0.158075112,0.158075112,0.637,0,-1,2018,-1
Udung Uko,Nsit Ubium,NA,0.387046089,0.387046089,0.637,0,-1,2018,-1
Ughelli North,Isoko South,NA,0.158075112,0.158075112,0.637,0,-1,2018,-1
Ughelli South,Isoko South,NA,0.158075112,0.158075112,0.637,0,-1,2018,-1
Ugwunagbo,Ngor-Okpala,NA,0.368385424,0.368385424,0.637,0,-1,2018,-1
Uhunmwonde,Owan East,NA,0.362625613,0.362625613,0.637,0,-1,2018,-1
Ukanafun,Nsit Ubium,NA,0.52,0.52,0.637,0,-1,2018,-1
Ukum,Keana,NA,0.230343377,0.230343377,0.637,0,-1,2018,-1
Ukwa East,Nsit Ubium,NA,0.387046089,0.387046089,0.637,0,-1,2018,-1
Ukwa West,Nsit Ubium,NA,0.387046089,0.387046089,0.637,0,-1,2018,-1
Ukwuani,Uzo-Uwani,NA,0.546250231,0.546250231,0.637,0,-1,2018,-1
Umuahia North,Oru West,NA,0.833207635,0.833207635,0.637,0,-1,2018,-1
Umuahia South,Ngor-Okpala,NA,0.65,0.65,0.637,0,-1,2018,-1
Umu-Neochi,Ngor-Okpala,NA,0.368385424,0.368385424,0.637,0,-1,2018,-1
Ungogo,Taura,NA,0.464680796,0.464680796,0.637,0,-1,2018,-1
Unuimo,Ngor-Okpala,NA,0.368385424,0.368385424,0.637,0,-1,2018,-1
Uruan,Nsit Ubium,NA,0.896347079,0.896347079,0.637,0,-1,2018,-1
Urue-Offong-Oruko,Nsit Ubium,NA,0.52,0.52,0.637,0,-1,2018,-1
Ushongo,Oke-Ero,NA,0.320891466,0.320891466,0.637,0,-1,2018,-1
Ussa,Oru West,NA,0.325,0.325,0.637,0,-1,2018,-1
Uvwie,Isoko South,NA,0.158075112,0.158075112,0.637,0,-1,2018,-1
Uyo,Nsit Ubium,NA,0.513818899,0.513818899,0.637,0,-1,2018,-1
Uzo-Uwani,Uzo-Uwani,NA,0.281073679,0.281073679,0.637,0,-1,2018,-1
Vandeikya,Oke-Ero,NA,0.164712829,0.164712829,0.637,0,-1,2018,-1
Wamako,Gawabawa,NA,0.138620877,0.138620877,0.637,0,-1,2018,-1
Wamba,Alkaleri,NA,0.304365819,0.304365819,0.637,0,-1,2018,-1
Warawa,Gwarzo,NA,0.068421053,0.068421053,0.637,0,-1,2018,-1
Warji,Takali,NA,0.2,0.2,0.637,0,-1,2018,-1
Warri North,Owan East,NA,0.362625613,0.362625613,0.637,0,-1,2018,-1
Warri South,Isoko South,NA,0.158075112,0.158075112,0.637,0,-1,2018,-1
Warri South West,Isoko South,NA,0.158075112,0.158075112,0.637,0,-1,2018,-1
Wasagu-Danko,Alkaleri,NA,0.557142858,0.557142858,0.637,0,-1,2018,-1
Wase,Alkaleri,NA,0.060465094,0.060465094,0.637,0,-1,2018,-1
Wudil,Gwarzo,NA,0.160541815,0.160541815,0.637,0,-1,2018,-1
Wukari,Keana,NA,0.300789186,0.300789186,0.637,0,-1,2018,-1
Wurno,Gawabawa,NA,0.07674774,0.07674774,0.637,0,-1,2018,-1
Wushishi,Oke-Ero,NA,0.320891466,0.320891466,0.637,0,-1,2018,-1
Yabo,Gawabawa,NA,0.229411764,0.229411764,0.637,0,-1,2018,-1
Yagba East,Oke-Ero,NA,0.320891466,0.320891466,0.637,0,-1,2018,-1
Yagba West,Oke-Ero,NA,0.320891466,0.320891466,0.637,0,-1,2018,-1
Yakurr,Obubra,NA,0.49274186,0.49274186,0.637,0,-1,2018,-1
Yala,Oke-Ero,NA,0.3814554,0.3814554,0.637,0,-1,2018,-1
Yamaltu-Deba,Alkaleri,NA,0.21034477,0.21034477,0.637,0,-1,2018,-1
Yankwashi,Babura,NA,0.619330659,0.619330659,0.637,0,-1,2018,-1
Yauri,Birnin Kebbi,NA,0.86635967,0.86635967,0.637,0,-1,2018,-1
Yenegoa,Isoko South,NA,0.711069332,0.711069332,0.637,0,-1,2018,-1
Yola North,Alkaleri,NA,0.193404903,0.193404903,0.637,0,-1,2018,-1
Yola South,Alkaleri,NA,0.325,0.325,0.637,0,-1,2018,-1
Yorro,Alkaleri,NA,0.139858792,0.139858792,0.637,0,-1,2018,-1
Yunusari,Babura,NA,0.454060567,0.454060567,0.637,0,-1,2018,-1
Yusufari,Taura,NA,0.227406453,0.227406453,0.637,0,-1,2018,-1
Zaki,Taura,NA,0.379682551,0.379682551,0.637,0,-1,2018,-1
Zango,Babura,NA,0.458823529,0.458823529,0.637,0,-1,2018,-1
Zango-Kataf,Soba,NA,0.026643097,0.026643097,0.637,0,-1,2018,-1
Zaria,Soba,NA,0.069568428,0.069568428,0.637,0,-1,2018,-1
Zing,Alkaleri,NA,0.304365819,0.304365819,0.637,0,-1,2018,-1
Zurmi,Rimi,NA,0.272994244,0.272994244,0.637,0,-1,2018,-1
Zuru,Alkaleri,NA,0.304365819,0.304365819,0.637,0,-1,2018,-1
