"","LGA","pen2","ci_l","ci_u","Number of Participants"
"1","Aba North",1,1,1,9
"2","Aba South",0.894047003875254,0.828562329407953,0.959531678342555,24
"3","Abaji",0.768775657941029,0.719045870384792,0.818505445497267,32
"4","Abak",0.5,0.5,0.5,4
"5","Abakaliki",0.9180188465692,0.781635886633558,1.05440180650484,20
"6","Abeokuta North",0.421233994111429,0.216856941579179,0.625611046643679,54
"7","Abeokuta South",0.90900055106789,0.74422503855365,1.07377606358213,24
"8","Abi",0.746376806933686,0.661057491462809,0.831696122404563,12
"9","Aboh-Mbaise",0.823529411764706,0.823529411764706,0.823529411764706,27
"10","Abua/Odual",0.756339075055447,0.589972031363735,0.92270611874716,23
"11","Abuja Municipal",0.81882194453175,0.764862135325193,0.872781753738307,37
"12","Adavi",0.867761671634756,0.707672572950097,1.02785077031942,25
"13","Ado",0.695378087163377,0.396142078214347,0.994614096112407,17
"14","Ado-Odo/Ota",0.602184789169305,0.435676159795485,0.768693418543126,73
"15","Ado Ekiti",0.756067756978861,0.534094883991932,0.978040629965791,31
"16","Afijio",1,1,1,5
"17","Afikpo North",0.881054133370318,0.840723074547293,0.921385192193344,25
"18","Afikpo South",0.893762182350449,0.857915809836885,0.929608554864013,21
"19","Agatu",1,1,1,9
"20","Agege",0.859346648691075,0.824658367711533,0.894034929670616,14
"21","Aguata",0.878705519840548,0.786096663772786,0.971314375908311,57
"22","Ahiazu-Mbaise",0.714285714285714,0.714285714285714,0.714285714285714,5
"23","Ahoada East",0.735235583856721,0.652749718092357,0.817721449621084,31
"24","Ahoada West",0.8,0.8,0.8,5
"25","Aiyedade",0.571428571428571,0.571428571428571,0.571428571428571,10
"26","Ajaokuta",0.666666666666667,0.666666666666667,0.666666666666667,4
"27","Ajeromi-Ifelodun",0.832765472666535,0.800643355225925,0.864887590107144,63
"28","Ajingi",0.266666666666667,0.266666666666667,0.266666666666667,30
"29","Akamkpa",0.439546550071847,0.157602606536926,0.721490493606767,12
"30","Akinyele",0.578805313396338,0.537827905445478,0.619782721347197,60
"31","Akko",0.419616371238792,0.255325515301884,0.583907227175699,82
"32","Akoko-Edo",0.724842935696956,0.567123689759341,0.882562181634571,6
"33","Akoko North East",0.686226697698143,0.449511951073339,0.922941444322948,25
"34","Akoko North West",0.816155830290204,0.77552563197458,0.856786028605827,13
"35","Akoko South East",1,1,1,3
"36","Akoko South West",0.771065682955503,0.609465510218898,0.932665855692109,12
"37","Akpabuyo",0.618746689844014,0.424589803883274,0.812903575804755,13
"38","Akuku Toru",1,1,1,3
"39","Akure North",0.9,0.9,0.9,25
"40","Akure South",0.5,0.5,0.5,6
"41","Akwanga",0.667418650873943,0.543227139113786,0.7916101626341,9
"42","Albasu",0.35,0.35,0.35,43
"43","Alimosho",0.782732693803474,0.646093580317922,0.919371807289026,147
"44","Alkaleri",0.448104055281996,0.340770339456598,0.555437771107395,74
"45","Amuwo-Odofin",1,1,1,39
"46","Anambra East",0.823529411764706,0.823529411764706,0.823529411764706,19
"47","Anambra West",0.508423350809232,0.409220266706863,0.607626434911601,61
"48","Anaocha",0.839733757801181,0.684530108736351,0.994937406866011,34
"49","Andoni",0.785271479042898,0.629888556563483,0.940654401522313,16
"50","Aninri",0.970094227214977,0.911990984580738,1.02819746984922,18
"51","Aniocha North",0.333333333333333,0.333333333333333,0.333333333333333,2
"52","Aniocha South",0.913363449963286,0.746040706991986,1.08068619293459,9
"53","Anka",0.0441118423165052,-0.0338885828222157,0.122112267455226,44
"54","Ankpa",0.208333367035567,-0.0651685156633143,0.481835249734448,11
"55","Apa",0.923076923076923,0.923076923076923,0.923076923076923,12
"56","Apapa",0.857142857142857,0.857142857142857,0.857142857142857,94
"57","Ardo-Kola",0.666666666666667,0.666666666666667,0.666666666666667,7
"58","Arewa-Dandi",0.333333333333333,0.333333333333333,0.333333333333333,11
"59","Argungu",0.299509083326123,0.205951295602208,0.393066871050037,77
"60","Arochukwu",0.590250354752315,0.521474044840626,0.659026664664004,15
"61","Asa",0.363636363636364,0.363636363636364,0.363636363636364,26
"62","Asari-Toru",0.769179587593491,0.525030203469852,1.01332897171713,23
"63","Askira/Uba",0.586476734006876,0.452399943504996,0.720553524508757,17
"64","Atakumosa East",0.833333333333333,0.833333333333333,0.833333333333333,5
"65","Atakumosa West",0.75,0.75,0.75,6
"66","Atiba",0.333333333333333,0.333333333333333,0.333333333333333,3
"67","Atigbo",0,0,0,8
"68","Augie",0,0,0,28
"69","Auyo",0.3,0.3,0.3,7
"70","Awe",0.579006366295515,0.372350377785657,0.785662354805372,28
"71","Awgu",0.9,0.783716144504737,1.01628385549526,4
"72","Awka North",0.846153846153846,0.846153846153846,0.846153846153846,11
"73","Awka South",0.823529411764706,0.823529411764706,0.823529411764706,46
"74","Ayamelum",0.623481795686026,0.41700927582274,0.829954315549312,40
"75","Babura",0.502345204651168,0.387754864282428,0.616935545019907,36
"76","Badagry",0.4,0.4,0.4,6
"77","Bade",0.555555555555556,0.555555555555556,0.555555555555556,13
"78","Bagudo",0.100694444444444,-0.0801386089785022,0.281527497867391,60
"79","Bagwai",0.413793103448276,0.413793103448276,0.413793103448276,27
"80","Bakori",0.12,0.12,0.12,99
"81","Bakura",0.0282442796168724,0.000248070584630708,0.0562404886491141,34
"82","Balanga",0.526461305359431,0.375412835757258,0.677509774961605,27
"83","Bali",0.339946634144019,0.0936971351251639,0.586196133162874,28
"84","Baruten",0.0921501859842343,0.018519652314905,0.165780719653564,31
"85","Bassa1",0.428571428571429,0.399652007763088,0.457490849379769,7
"86","Bassa2",0.751373639236019,0.656675793898688,0.84607148457335,24
"87","Batagarawa",0.291710388917218,0.25915382549355,0.324266952340885,56
"88","Batsari",0.28,0.28,0.28,37
"89","Bauchi",0.467201910517093,0.415500132191499,0.518903688842687,102
"90","Baure",0.25,0.25,0.25,32
"91","Bayo",0.277777777777778,0.277777777777778,0.277777777777778,10
"92","Bebeji",0.157894736842105,0.157894736842105,0.157894736842105,25
"93","Bende",0.555555555555556,0.555555555555556,0.555555555555556,7
"94","Biase",0.583521322487834,0.0828432549206415,1.08419939005503,12
"95","Bida",0.428571428571429,0.428571428571428,0.428571428571429,14
"96","Billiri",0.7781344558953,0.675806576826535,0.880462334964064,8
"97","Bindawa",0.105263157894737,0.105263157894737,0.105263157894737,26
"98","Binji",0,0,0,10
"99","Biriniwa",0.2,0.2,0.2,19
"100","Birni Kudu",0.524497479262694,0.425326849359079,0.623668109166309,53
"101","Birnin Kebbi",0.1340880875329,0.0149036159165354,0.253272559149265,66
"102","Biu",0.210526315789474,0.210526315789474,0.210526315789474,12
"103","Bodinga",0.112846725688989,0.109313436483705,0.116380014894273,40
"104","Boki",0.6,0.6,0.6,12
"105","Bokkos",0.831706365384259,0.727460043849303,0.935952686919216,27
"106","Boluwaduro",0.749873873238194,0.661516122762074,0.838231623714315,7
"107","Bomadi",0.727272727272727,0.727272727272727,0.727272727272727,13
"108","Bonny",0.705270128597523,0.530402293071549,0.880137964123497,10
"109","Borgu",0,0,0,12
"110","Boripe",0.916666666666667,0.916666666666667,0.916666666666667,14
"111","Bosso",0.601211217313822,0.507203058625668,0.695219376001975,49
"112","Brass",0.717022929022733,0.541748508668428,0.892297349377038,14
"113","Buji",0.295880004085138,0.0477807689224919,0.543979239247785,45
"114","Bukkuyum",0.108404898846989,-0.00426248293894259,0.22107228063292,38
"115","Bungudu",0.190133251466154,0.0354415110527027,0.344824991879605,69
"116","Bunkure",0.0833333333333333,0.0833333333333333,0.0833333333333334,45
"117","Bursari",0.470588235294118,0.470588235294118,0.470588235294118,13
"118","Buruku",0.522727244077799,0.354072854433545,0.691381633722053,46
"119","Burutu",0.327272763101311,0.0828456545054642,0.571699871697157,13
"120","Bwari",0.825630985123515,0.766534408669041,0.884727561577988,25
"121","Calabar-Municipal",0.652633517922184,0.518918448732364,0.786348587112005,31
"122","Calabar South",1,1,1,6
"123","Chanchaga",0.722222222222222,0.722222222222222,0.722222222222222,34
"124","Charanchi",0.238095238095238,0.238095238095238,0.238095238095238,47
"125","Chikun",0.125,0.125,0.125,26
"126","Dala",0.896036231592287,0.861851318576785,0.930221144607789,73
"127","Damaturu",0,0,0,3
"128","Damban",0.5,0.5,0.5,27
"129","Dambatta",0.642857142857143,0.642857142857143,0.642857142857143,47
"130","Dan Musa",0.8,0.8,0.8,13
"131","Dandi",0.266054986755088,0.129791978921364,0.402317994588812,19
"132","Dange-Shnsi",0,0,0,14
"133","Danja",0.625,0.625,0.625,42
"134","Darazo",0.372019039258104,0.172054389789846,0.571983688726362,34
"135","Dass",0.882352941176471,0.88235294117647,0.882352941176471,14
"136","Daura",0.333243554304483,0.0538119630668689,0.612675145542098,84
"137","Dawakin Kudu",0.277777777777778,0.277777777777778,0.277777777777778,47
"138","Dawakin Tofa",0.529411764705882,0.529411764705882,0.529411764705882,23
"139","Degema",0.8,0.8,0.8,7
"140","Dekina",0.625649990873414,0.429327455024835,0.821972526721994,30
"141","Demsa",0.895256904482952,0.849762278472593,0.940751530493312,16
"142","Doguwa",0.352941176470588,0.352941176470588,0.352941176470588,53
"143","Doma",0.572917341471659,0.498529768107298,0.647304914836019,10
"144","Donga",0.265265219847015,0.00970248190760609,0.520827957786425,12
"145","Dukku",0.026180662365705,-0.0214813319129176,0.0738426566443276,38
"146","Dutse",0.379116653379503,0.332677939880603,0.425555366878403,81
"147","Dutsi",0.380952380952381,0.380952380952381,0.380952380952381,18
"148","Eastern Obolo",0.555555555555556,0.555555555555556,0.555555555555556,12
"149","Edati",0.666666666666667,0.666666666666667,0.666666666666667,4
"150","Edu",0.735173109791326,0.612906922645698,0.857439296936953,23
"151","Efon-Alayee",0.722222222222222,0.713497838710714,0.730946605733731,7
"152","Egbado North",0.166666666666667,0.166666666666667,0.166666666666667,3
"153","Egbado South",0.280407636811305,0.203585512253163,0.357229761369448,12
"154","Egbeda",0.523165208733696,0.395862341287437,0.650468076179955,106
"155","Egbedore",0.704095120250316,0.436033978431238,0.972156262069393,17
"156","Egor",0.858695672528287,0.683981154731387,1.03341019032519,8
"157","Ehime-Mbano",1,1,1,4
"158","Ejigbo",0.65253829167184,0.327258244868238,0.977818338475441,27
"159","Ekeremor",0.585690411937596,0.463584622558831,0.70779620131636,17
"160","Eket",0.428571428571429,0.428571428571428,0.428571428571429,6
"161","Ekiti",0.65630801643349,0.549667062198178,0.762948970668802,10
"162","Ekiti East",0.75,0.75,0.75,2
"163","Ekiti South West",0.942804405504247,0.827365035793824,1.05824377521467,7
"164","Ekiti West",0.740369032821531,0.514525635354615,0.966212430288447,10
"165","Ekwusigo",0.857142857142857,0.857142857142857,0.857142857142857,22
"166","Eleme",0.826882195812988,0.705597669352168,0.948166722273809,37
"167","Emohua",0.555555555555556,0.555555555555556,0.555555555555556,9
"168","Emure",0.818181818181818,0.818181818181818,0.818181818181818,9
"169","Enugu East",0.901015224947898,0.844056261986485,0.957974187909312,40
"170","Enugu North",0.937125752908992,0.915824064976558,0.958427440841425,14
"171","Enugu South",0.950169352549273,0.924091069252219,0.976247635846327,13
"172","Epe",0.75,0.75,0.75,7
"173","Esan Central",0.625,0.625,0.625,5
"174","Esan North East",0.888888888888889,0.888888888888889,0.888888888888889,6
"175","Esan South East",0.494441035848689,0.431304508219412,0.557577563477965,12
"176","Esan West",1,1,1,2
"177","Ese-Odo",0.5,0.5,0.5,11
"178","Esit Eket",0.588235294117647,0.588235294117647,0.588235294117647,20
"179","Essien Udim",0.842870108676849,0.780426529638067,0.905313687715631,22
"180","Etche",0.79437306558354,0.643818897606785,0.944927233560294,13
"181","Ethiope East",0.740705256467843,0.690046869051732,0.791363643883953,19
"182","Ethiope West",0.5,0.5,0.5,1
"183","Eti-Osa",1,1,1,4
"184","Etinan",0.333333333333333,0.333333333333333,0.333333333333333,3
"185","Etsako Central",1,1,1,2
"186","Etsako East",0.326147331506395,0.225969729625895,0.426324933386895,14
"187","Etsako West",0.959704589121452,0.895465456001112,1.02394372224179,33
"188","Etung",0.833333333333333,0.833333333333333,0.833333333333333,4
"189","Ewekoro",0.280343825282121,0.0678104653651717,0.49287718519907,38
"190","Ezeagu",0.77247621839999,0.671205474682322,0.873746962117657,18
"191","Ezinihitte",0.928609707517627,0.871996772865116,0.985222642170137,17
"192","Ezza North",0.827586206896552,0.827586206896552,0.827586206896552,21
"193","Ezza South",0.803923098500686,0.733651130768427,0.874195066232946,56
"194","Fakai",0.2,0.2,0.2,9
"195","Faskari",0,0,0,49
"196","Fika",0.428571428571429,0.428571428571429,0.428571428571429,25
"197","Fufore",0.202762407129616,-0.0819747684062624,0.487499582665494,26
"198","Funakaye",0.342857142857143,0.342857142857143,0.342857142857143,27
"199","Fune",0.261691899536389,0.125086602043761,0.398297197029018,46
"200","Funtua",0.429900940840407,0.337651429149755,0.522150452531059,85
"201","Gabasawa",0.4,0.4,0.4,18
"202","Gada",0.123494004110356,-0.0531491179058905,0.300137126126602,28
"203","Gagarawa",0.705882352941176,0.705882352941176,0.705882352941177,22
"204","Gamawa",0,0,0,23
"205","Ganaye",0.363636363636364,0.363636363636364,0.363636363636364,8
"206","Ganjuwa",0.477157292257353,-0.108548626090878,1.06286321060558,41
"207","Garki",0.533333333333333,0.533333333333333,0.533333333333333,14
"208","Garko",0.933333333333333,0.933333333333333,0.933333333333333,26
"209","Garum Mallam",0.428571428571429,0.428571428571429,0.428571428571429,31
"210","Gashaka",0.411764705882353,0.411764705882353,0.411764705882353,11
"211","Gassol",0.32672984337911,0.210751738901109,0.442707947857112,70
"212","Gawabawa",0.0779604793260757,0.0134883656455467,0.142432593006605,18
"213","Gaya",0.6,0.6,0.6,26
"214","Gbako",0.789473684210526,0.789473684210526,0.789473684210526,28
"215","Gboko",0.745215292981756,0.674774958423483,0.815655627540029,52
"216","Gboyin",0.901990795775043,0.815017255662158,0.988964335887929,9
"217","Gezawa",0.269230769230769,0.269230769230769,0.269230769230769,29
"218","Giade",0,0,0,19
"219","Gireri",0.636510360644498,0.568047018658429,0.704973702630566,15
"220","Giwa",0.149641020182529,0.0278028866819997,0.271479153683058,79
"221","Gokana",0.714092482310521,0.563220777054519,0.864964187566524,17
"222","Gombe",0.64146343795018,0.510707988059198,0.772218887841162,41
"223","Gombi",0.617851040313403,0.570349449093388,0.665352631533417,38
"224","Goronyo",0,0,0,4
"225","Gubio",0,0,0,6
"226","Guma",0.336683439802953,0.182016400330717,0.491350479275189,23
"227","Gumel",0.363636363636364,0.363636363636364,0.363636363636364,19
"228","Gummi",0,0,0,67
"229","Gusau",0.210032070648293,0.166076293735638,0.253987847560948,81
"230","Guyuk",0.736146088019052,0.488782894071132,0.983509281966971,48
"231","Gwagwalada",0.763200503009957,0.675751372459645,0.850649633560268,19
"232","Gwale",0.706980361802207,0.651557391787898,0.762403331816517,36
"233","Gwandu",0.227272727272727,0.227272727272727,0.227272727272727,21
"234","Gwaram",0.26096378936388,0.00975456994791524,0.512173008779845,60
"235","Gwarzo",0.344827586206897,0.344827586206897,0.344827586206897,55
"236","Gwer East",0.363636363636364,0.363636363636364,0.363636363636364,11
"237","Gwer West",0.8,0.8,0.8,16
"238","Gwiwa",0.76,0.76,0.76,26
"239","Hawul",0.52958152958153,0.192190381942769,0.86697267722029,9
"240","Hong",0.928571428571428,0.928571428571428,0.928571428571429,11
"241","Ibadan North",0.54764222707728,0.296057963000686,0.799226491153875,25
"242","Ibadan North East",0.25,0.25,0.25,6
"243","Ibadan North West",0.541188219792112,0.404340768598143,0.678035670986081,77
"244","Ibadan South West",0.719472353258749,0.476216474147766,0.962728232369732,15
"245","Ibaji",0.7,0.7,0.7,14
"246","Ibarapa Central",0.551359425732098,0.118505504583343,0.984213346880853,36
"247","Ibeju/Lekki",0.823529411764706,0.823529411764706,0.823529411764706,30
"248","Ibesikpo Asutan",0.729729777438852,0.631082956222313,0.828376598655392,9
"249","Ibiono Ibom",0.320707068954843,0.166420399253501,0.474993738656185,13
"250","Ideato North",0.819618426815941,0.816379643638122,0.82285720999376,28
"251","Ideato South",0.8,0.8,0.8,2
"252","Idemili North",0.858323716936677,0.813321993772124,0.903325440101231,102
"253","Idemili South",0.894675764038151,0.843513290119927,0.945838237956376,68
"254","Ido",0.686825550661613,0.633219494896947,0.740431606426279,16
"255","Idosi-Osi",0.8064548900411,0.703734496638094,0.909175283444107,19
"256","Ifako-Ijaye",0.787043928911861,0.543604867470617,1.03048299035311,30
"257","Ife Central",0.6304348041839,0.486267642211582,0.774601966156218,9
"258","Ife East",1,1,1,7
"259","Ife North",0.913532709920705,0.75377023854308,1.07329518129833,9
"260","Ifedayo",0.4,0.4,0.4,5
"261","Ifedore",0.89619480529966,0.822430606278946,0.969959004320374,7
"262","Ifelodun1",0.474156792682478,0.0402927779418946,0.908020807423061,52
"263","Ifelodun2",0.8,0.8,0.8,6
"264","Ifo",0.655338919834301,0.438870741390259,0.871807098278344,26
"265","Igabi",0.220935010417321,0.158730721636968,0.283139299197674,335
"266","Igalamela-Odolu",0.5893652906811,0.450903975038656,0.727826606323543,23
"267","Igbo-Etiti",0.930770425721113,0.829655704550279,1.03188514689195,22
"268","Igbo-Eze North",0.55861740533466,0.453284822828732,0.663949987840588,14
"269","Igbo-Eze South",0.667204032183662,0.605517972789451,0.728890091577874,9
"270","Igueben",0.777080986117211,0.742673456947429,0.811488515286993,6
"271","Ihiala",0.938461532586914,0.861142128707081,1.01578093646675,21
"272","Ijebu East",0.428571428571429,0.428571428571429,0.428571428571429,10
"273","Ijebu North",0.407867646641014,0.14499928432694,0.670736008955087,15
"274","Ijebu North East",0.571428571428571,0.571428571428571,0.571428571428572,3
"275","Ijebu ode",0.540540519947578,0.453037997376756,0.6280430425184,17
"276","Ijero",0.909679733628222,0.817611335429875,1.00174813182657,6
"277","Ijumu",0.818181818181818,0.818181818181818,0.818181818181818,9
"278","Ika North East",0.777777777777778,0.777777777777777,0.777777777777778,9
"279","Ika South",1,1,1,3
"280","Ikara",0.391194095423935,0.304811419672117,0.477576771175753,70
"281","Ikeduru",0.904957344313389,0.840262510848916,0.969652177777862,10
"282","Ikeja",0.909090909090909,0.909090909090909,0.909090909090909,35
"283","Ikenne",0.666666666666667,0.666666666666667,0.666666666666667,2
"284","Ikere",1,1,1,1
"285","Ikole",0.904878963164027,0.849270360542609,0.960487565785445,45
"286","Ikom",0.837762253098865,0.751352476648601,0.924172029549129,10
"287","Ikono",1,1,1,9
"288","Ikorodu",0.772268776815002,0.638921632961693,0.905615920668311,61
"289","Ikot Abasi",0.875,0.875,0.875,13
"290","Ikot Ekpene",0.877362676893184,0.662498844513592,1.09222650927278,11
"291","Ikpoba-Okha",0.709832611127377,0.542715151723024,0.87695007053173,28
"292","Ikwerre",0.500332392486077,0.374719039947778,0.625945745024376,55
"293","Ikwo",0.861329734543245,0.825553952991632,0.897105516094857,53
"294","Ikwuano",0.699844502582161,0.490702141846929,0.908986863317393,7
"295","Ila",0.836811147432692,0.80210474608383,0.871517548781553,17
"296","Ilaje",0.363636363636364,0.363636363636364,0.363636363636364,11
"297","Ile-Oluji-Okeigbo",1,1,1,13
"298","Ilemeji",1,1,1,1
"299","Ilesha East",1,1,1,2
"300","Ilesha West",1,1,1,23
"301","Illela",0.202104922404686,0.0933614995087514,0.310848345300621,48
"302","Ilorin East",0.889981421718911,0.847095639164572,0.93286720427325,20
"303","Ilorin West",0.68535030059053,0.550842494789364,0.819858106391695,34
"304","Imeko-Afon",0.428571428571429,0.428571428571428,0.428571428571429,2
"305","Ingawa",0.0434782608695652,0.0434782608695652,0.0434782608695652,31
"306","Ini",0.545454545454545,0.545454545454545,0.545454545454546,9
"307","Ipokia",0.5,0.5,0.5,12
"308","Irele",0.75,0.75,0.75,6
"309","Irepodun/Ifelodun",1,1,1,1
"310","Irepodun1",0.49538372467472,0.255967914471554,0.734799534877885,7
"311","Irepodun2",0.7,0.7,0.7,17
"312","Irewole",0.646080724841873,0.44411685810908,0.848044591574666,21
"313","Isa",0.142857142857143,0.142857142857143,0.142857142857143,12
"314","Ise/Orun",0.829151711359778,0.751077107924218,0.907226314795338,11
"315","Iseyin",0.587126857804211,0.515244960428021,0.6590087551804,38
"316","Ishielu",0.836556930167901,0.756067492677003,0.917046367658799,33
"317","Isiala-Ngwa North",0.818720886570297,0.685229008595428,0.952212764545167,13
"318","Isiala-Ngwa South",0.795574460765136,0.703784498295519,0.887364423234753,18
"319","Isiala Mbano",0.761303528729802,0.573462406599449,0.949144650860156,7
"320","Isin",0.764182479980301,0.482796587904882,1.04556837205572,10
"321","Isoko North",1,1,1,15
"322","Isoko South",0.730490206931732,0.722834518712009,0.738145895151454,13
"323","Isu",0.833333333333333,0.833333333333333,0.833333333333334,3
"324","Isuikwato",1,1,1,7
"325","Itas/Gadau",0.25293628978071,-0.0370943834532304,0.54296696301465,12
"326","Itu",1,1,1,3
"327","Iwajowa",0.727272727272727,0.727272727272727,0.727272727272727,18
"328","Iwo",0.893664219756121,0.774822708526495,1.01250573098575,23
"329","Izzi",0.801454492265297,0.71308842329792,0.889820561232673,97
"330","Jaba",0.6,0.6,0.6,4
"331","Jada",0.704281272581587,0.556619324091053,0.851943221072121,37
"332","Jahun",0.414051260979741,0.33117273064978,0.496929791309702,78
"333","Jakusko",0.086280398924799,0.0180325758286892,0.154528222020909,34
"334","Jalingo",0.69417474573599,0.635144680284377,0.753204811187603,19
"335","Jama'are",0.408144353285231,0.348354952111097,0.467933754459366,52
"336","Jega",0.0522340766999375,-0.0282666657256482,0.132734819125523,32
"337","Jema'a",0.534911241567069,0.507447792922527,0.562374690211612,55
"338","Jere",0.547040852424082,0.281809950432915,0.812271754415249,66
"339","Jibia",0.518518518518518,0.518518518518518,0.518518518518518,59
"340","Jos East",0.8,0.8,0.8,14
"341","Jos North",0.846638475007156,0.760828409831607,0.932448540182705,48
"342","Jos South",0.631793326026649,0.570525936083329,0.69306071596997,11
"343","Kabba/Bunu",0.444444444444444,0.444444444444444,0.444444444444444,9
"344","Kabo",0.392294115886057,0.181895412835441,0.602692818936672,44
"345","Kachia",0.235935751465791,0.123669145815329,0.348202357116253,60
"346","Kaduna North",0.714506151613102,0.651927963863979,0.777084339362225,19
"347","Kaduna South",0.634059796429886,0.501730913704445,0.766388679155326,29
"348","Kafin Hausa",0.258894746343647,0.00842410236314134,0.509365390324154,59
"349","Kafur",0.472137824274029,0.339258056380498,0.605017592167561,84
"350","Kaga",0.166666666666667,0.166666666666667,0.166666666666667,18
"351","Kagarko",0.714285714285714,0.714285714285714,0.714285714285714,27
"352","Kaiama",0.0434782608695652,0.0434782608695652,0.0434782608695652,12
"353","kaita",0.473684210526316,0.473684210526316,0.473684210526316,32
"354","Kajola",0.778860032357918,0.745038427102209,0.812681637613626,12
"355","Kajuru",0.352941176470588,0.352941176470588,0.352941176470588,18
"356","Kalgo",0.0733876833602493,0.039518685268084,0.107256681452415,45
"357","Kanam",0.701384247999992,0.52759623308049,0.875172262919494,19
"358","Kankara",0.552631578947368,0.552631578947368,0.552631578947368,56
"359","Kanke",0.577227740413599,0.391807304541609,0.762648176285588,29
"360","Kankia",0.32,0.32,0.32,48
"361","Karasuwa",0.318466701461201,0.17519480308138,0.461738599841021,41
"362","Karaye",0.782608695652174,0.782608695652174,0.782608695652174,44
"363","Karin-Lamido",0.579919179675851,0.283066557187578,0.876771802164125,37
"364","Karu",0.769051589174531,0.629948582832342,0.908154595516719,41
"365","Katagum",0.244001427773294,0.0292437704531772,0.458759085093412,64
"366","Katcha",0.0245786459370745,-0.0175155283547531,0.0666728202289022,25
"367","Katsina",0.439650467369595,0.363856053870128,0.515444880869063,50
"368","Katsina-Ala",0.658869306752816,0.614430451690421,0.703308161815211,37
"369","Kaugama",0.583333333333333,0.583333333333333,0.583333333333333,24
"370","Kaura",0.9,0.9,0.9,11
"371","Kaura-Namoda",0.025673178153333,0.00098555908766905,0.050360797218997,62
"372","Kauru",0.571428571428571,0.571428571428571,0.571428571428571,11
"373","Kazaure",0.346153846153846,0.346153846153846,0.346153846153846,25
"374","Keana",0.587360412633217,0.30707707600913,0.867643749257304,4
"375","Keffi",0.431864403228777,0.368035232311626,0.495693574145928,6
"376","Khana",0.818181818181818,0.818181818181818,0.818181818181818,18
"377","Kirfi",0.421052631578947,0.421052631578947,0.421052631578947,17
"378","Kiri Kasamma",0.451016653492302,0.320955130760398,0.581078176224205,21
"379","Kiru",0.352474140233688,-0.0494948555434937,0.75444313601087,37
"380","kiyawa",0.25,0.25,0.25,30
"381","Kogi",1,1,1,1
"382","Koko/Besse",0.0153785424748653,-0.0119910977193325,0.0427481826690632,28
"383","Kokona",0.427528102456907,0.392555675137355,0.46250052977646,19
"384","Kolokuma/Opokuma",0.524384803928076,0.369023956626184,0.679745651229967,15
"385","Konduga",0.5,0.5,0.5,40
"386","Konshisha",0.5,0.5,0.5,16
"387","Kontagora",0.150491869744718,-0.0560827948924002,0.357066534381837,35
"388","Kosofe",0.871757911910377,0.753427043863821,0.990088779956932,71
"389","Kubau",0.393680449461278,0.176161784530517,0.611199114392039,64
"390","Kudan",0.390261452928914,0.382954017917166,0.397568887940663,61
"391","Kukawa",0.125,0.125,0.125,7
"392","Kunchi",0.193704586110928,0.0428408694941639,0.344568302727692,36
"393","Kura",0.470588235294118,0.470588235294118,0.470588235294118,16
"394","Kurmi",0.3,0.3,0.3,21
"395","Kusada",0.0833333333333333,0.0833333333333333,0.0833333333333333,27
"396","Kwali",0.560186655026655,0.429814664648726,0.690558645404583,21
"397","Kwami",0.081589060937611,-0.0787543689262793,0.241932490801501,50
"398","Kwande",0.783950659112798,0.665357914911655,0.90254340331394,27
"399","Kware",0.0476190476190476,0.0476190476190476,0.0476190476190476,16
"400","Lafia",0.479507338241385,0.358154313616484,0.600860362866285,113
"401","Lagos Island",0.875,0.875,0.875,26
"402","Lagos Mainland",0.933884294063837,0.88338635446053,0.984382233667144,17
"403","Lamurde",0.454545454545455,0.454545454545455,0.454545454545455,7
"404","Langtang North",0.428571428571429,0.428571428571428,0.428571428571429,10
"405","Lau",0.84,0.772299119998927,0.907700880001073,11
"406","Lavun",0.263769635004075,-0.0725414791551508,0.600080749163302,60
"407","Lere",0.198994973918476,0.178740768598836,0.219249179238117,60
"408","Lokoja",0.585445394596999,-0.0475739136698597,1.21846470286386,18
"409","Machina",0.346432883250026,0.229207357683556,0.463658408816496,269
"410","Magama",0.159351998047378,0.0265278444892962,0.292176151605459,61
"411","Mai'Adua",0.545454545454545,0.545454545454545,0.545454545454545,21
"412","Maiduguri",0.38967999866564,0.223351614910763,0.556008382420516,129
"413","Maigatari",0.282162640305229,-0.0476944377614488,0.612019718371908,16
"414","Maiha",0.142857142857143,0.142857142857143,0.142857142857143,13
"415","Maiyama",0.210526315789474,0.210526315789474,0.210526315789474,22
"416","Makoda",0.518518518518519,0.518518518518518,0.518518518518519,11
"417","Makurdi",0.68400621003383,0.389526900318156,0.978485519749504,77
"418","Malam Madori",0.117647058823529,0.117647058823529,0.117647058823529,11
"419","Malumfashi",0.705882352941177,0.705882352941176,0.705882352941177,23
"420","Mangu",0.781399007503042,0.65499658430645,0.907801430699634,41
"421","Mani",0.310601727327914,0.227285735264263,0.393917719391565,107
"422","Maradun",0.0828750988010449,0.0768851503380351,0.0888650472640547,41
"423","Mariga",0,0,0,23
"424","Mashi",0.0588235294117647,0.0588235294117646,0.0588235294117647,17
"425","Matazuu",0.166666666666667,0.166666666666667,0.166666666666667,12
"426","Mayo-Belwa",0.7,0.7,0.7,11
"427","Mbaitoli",0.587475661875415,0.401156045009921,0.773795278740909,24
"428","Mbo",0.285714285714286,0.285714285714286,0.285714285714286,5
"429","Michika",0.9,0.9,0.9,9
"430","Miga",0.25,0.25,0.25,30
"431","Minjibir",0.358999005410717,0.140395892642185,0.577602118179249,67
"432","Misau",0.316394447091017,-0.0549291532972514,0.687718047479286,26
"433","Mkpat Enin",0.478435319989411,0.349451795376874,0.607418844601947,16
"434","Moba",0.885723536898901,0.812688218498052,0.95875885529975,9
"435","Mobbar",0.341392513788518,0.156723800590391,0.526061226986646,26
"436","Mokwa",0.281286968938025,0.0636361613383098,0.498937776537741,64
"437","Moro",0.5,0.5,0.5,7
"438","Mubi North",0.634283218320612,0.569334205169029,0.699232231472195,48
"439","Mubi South",0.561727450075204,0.506404751489371,0.617050148661036,27
"440","Musawa",0.331384197313918,-0.00442983899634453,0.667198233624181,63
"441","Mushin",0.867896107258326,0.750738102183231,0.985054112333422,57
"442","Muya",0.52,0.52,0.52,32
"443","Nafada",0.149838991752209,-0.0559925353356678,0.355670518840086,25
"444","Nangere",0.419354838709677,0.419354838709677,0.419354838709678,9
"445","Nasarawa-Eggon",0.866666666666667,0.866666666666667,0.866666666666667,13
"446","Nasarawa1",0.679012367599206,0.419095235542099,0.938929499656312,47
"447","Nasarawa2",0.461800322905958,0.261214252009438,0.662386393802478,23
"448","Ndokwa East",0.692307692307692,0.692307692307692,0.692307692307692,29
"449","Ndokwa West",1,1,1,34
"450","Nembe",0.933333333333333,0.933333333333333,0.933333333333333,4
"451","Ngaski",0.272420830678828,0.138027030898561,0.406814630459096,24
"452","Ngor-Okpala",0.384615384615385,0.384615384615385,0.384615384615385,14
"453","Nguru",0.235294117647059,0.235294117647059,0.235294117647059,29
"454","Ningi",0.189038289966905,0.0536092586540805,0.32446732127973,91
"455","Njaba",0.948423018176823,0.820208588021715,1.07663744833193,16
"456","Njikoka",0.705586930913797,0.533093836467575,0.87808002536002,16
"457","Nkanu East",0.839077561722085,0.723943349472953,0.954211773971217,31
"458","Nkanu West",0.857142857142857,0.857142857142857,0.857142857142857,8
"459","Nkwerre",0.701528644713309,0.607954175229571,0.795103114197047,9
"460","Nnewi South",0.882436261136163,0.872706975101777,0.892165547170549,14
"461","Nsit Ibom",0.714285714285714,0.714285714285714,0.714285714285714,13
"462","Nsit Ubium",0.7,0.7,0.7,5
"463","Nsukka",0.730538913644173,0.584470276242502,0.876607551045843,19
"464","Numan",0.777777777777778,0.777777777777777,0.777777777777778,17
"465","Obafemi-Owode",0.606018044030289,0.332953792318438,0.87908229574214,19
"466","Obanliku",0.666666666666667,0.666666666666667,0.666666666666667,6
"467","Obi Nwa",0.75,0.75,0.75,6
"468","Obi2",0.375,0.375,0.375,6
"469","Obia/Akpor",0.92578108895622,0.836643895868277,1.01491828204416,83
"470","Obot Akara",1,1,1,1
"471","Obowo",0.683618437663638,0.667302202845751,0.699934672481524,12
"472","Obubra",0.726190421643637,0.526098935603749,0.926281907683525,11
"473","Odeda",0.8,0.8,0.8,9
"474","Odigbo",0.400019648998824,0.290154491614207,0.509884806383441,17
"475","Odo-Otin",0.64496401973967,0.598516573850343,0.691411465628998,29
"476","Odogbolu",0.8,0.8,0.8,10
"477","Odukpani",0.462584919885479,0.0405183525633343,0.884651487207624,12
"478","Offa",0.771118157894045,0.6951530808026,0.84708323498549,31
"479","Ofu",0.266666652675937,0.119713173411617,0.413620131940257,24
"480","Ogba/Egbema/Ndoni",0.659563172421563,0.593665273698261,0.725461071144864,21
"481","Ogbaru",0.846153846153846,0.846153846153846,0.846153846153846,11
"482","Ogbia",0.539495898316934,0.361966374560633,0.717025422073235,14
"483","Ogbomosho North",0.815097925617696,0.75261226444108,0.877583586794311,12
"484","Ogoja",0.956298189248405,0.870733098039113,1.0418632804577,16
"485","Oguta",0.666666666666667,0.666666666666667,0.666666666666667,20
"486","Ohafia",0.763406355530677,0.680081396261108,0.846731314800247,17
"487","Ohaji/Egbema",0.578307868682844,0.443398635855474,0.713217101510214,20
"488","Ohaozara",0.700795256740889,0.539179668387598,0.86241084509418,33
"489","Ohaukwu",0.733333333333333,0.733333333333333,0.733333333333333,21
"490","Oji-River",0.692307692307692,0.692307692307692,0.692307692307692,19
"491","Ojo",0.683026579389201,0.638226281399008,0.727826877379395,44
"492","Oju",0.841848969297136,0.778525746809836,0.905172191784436,45
"493","Oke-Ero",0.6,0.6,0.6,3
"494","Okehi",0.428571428571429,0.428571428571429,0.428571428571429,4
"495","Okene",0.868574679092491,0.791529313313594,0.945620044871388,30
"496","Okigwe",0.666666666666667,0.396165938010166,0.937167395323167,11
"497","Okitipupa",0.877131912543894,0.68302193670752,1.07124188838027,10
"498","Okobo",0.636363636363636,0.636363636363636,0.636363636363636,14
"499","Okpe",0.7,0.7,0.7,5
"500","Okpokwu",0.6875,0.6875,0.6875,17
"501","Okrika",0.834222423299676,0.713478135206037,0.954966711393315,33
"502","Olamabolo",0.762861920954284,0.668959681500933,0.856764160407636,18
"503","Omala",0.273700110744811,0.251104815228262,0.29629540626136,6
"504","Omumma",0.85465034251569,0.639156755284948,1.07014392974643,53
"505","Ondo East",0.833333333333333,0.833333333333333,0.833333333333334,6
"506","Ondo West",0.804877651594997,0.580626893560282,1.02912840962971,14
"507","Onicha",0.852898015106169,0.779753997796001,0.926042032416337,32
"508","Onitsha North",0.933333333333333,0.933333333333333,0.933333333333333,16
"509","Onitsha South",0.833333333333333,0.833333333333333,0.833333333333333,6
"510","Onna",0.351734974033277,0.120135481710397,0.583334466356157,9
"511","Opobo/Nkoro",0.76604410571063,0.709210419910246,0.822877791511014,11
"512","Oredo",0.840328391898614,0.633973014181607,1.04668376961562,16
"513","Orhionmwon",0.945378700166241,0.868709581403688,1.0220478189288,9
"514","Ori Ire",0.444444444444444,0.444444444444444,0.444444444444445,8
"515","Oriade",0.751379338473924,0.649374549968281,0.853384126979568,20
"516","Orlu",0.888888888888889,0.888888888888889,0.888888888888889,4
"517","Orolu",0.86973175075739,0.741440379580153,0.998023121934628,20
"518","Oron",0.444444444444444,0.444444444444444,0.444444444444444,7
"519","Orsu",0.471819817858078,0.40434643499541,0.539293200720746,13
"520","Oru East",0.733333333333333,0.733333333333333,0.733333333333333,14
"521","Oru West",0.791029096794777,0.746508765162496,0.835549428427058,39
"522","Oruk Anam",0.463964100216582,-0.0592411761076377,0.987169376540801,11
"523","Orumba North",0.889093107264842,0.862833303684801,0.915352910844883,34
"524","Ose",0.905331880874583,0.899053432242075,0.911610329507092,15
"525","Oshimili South",1,1,1,8
"526","Oshodi-Isolo",0.965028350537506,0.909694011856011,1.020362689219,56
"527","Osisioma Ngwa",0.7,0.7,0.7,25
"528","Osogbo",0.80571223946224,0.675091173235216,0.936333305689264,14
"529","Oturkpo",0.684911958481446,0.586740796427608,0.783083120535284,25
"530","Ovia North East",1,1,1,20
"531","Ovia South West",0.705882352941176,0.308775987095681,1.10298871878667,12
"532","Owan East",0.545454545454545,0.545454545454545,0.545454545454546,13
"533","Owan West",0.844830051770437,0.717586222282609,0.972073881258264,22
"534","Owerri-Municipal",0.714285714285714,0.714285714285714,0.714285714285715,10
"535","Owerri North",0.888888888888889,0.888888888888889,0.888888888888889,46
"536","Owo",0.803497901149611,0.760309108738862,0.846686693560359,26
"537","Oye",0.946640134894448,0.877657844547597,1.0156224252413,9
"538","Oyi",0.894710081288672,0.827142454874903,0.962277707702441,44
"539","Oyigbo",1,1,1,6
"540","Oyo East",0.666666666666667,0.666666666666667,0.666666666666667,26
"541","Oyo West",0.75,0.75,0.75,4
"542","Oyun",0.843312302013247,0.781756544977076,0.904868059049418,8
"543","Pailoro",0.408389795128746,0.151014497519812,0.665765092737681,84
"544","Pankshin",0.862412248483538,0.855753119899416,0.869071377067659,19
"545","Patani",0.891456548534591,0.842718420355472,0.94019467671371,19
"546","Pategi",0.4,0.4,0.4,5
"547","Port-Harcourt",0.75047021563526,0.629454964927845,0.871485466342675,47
"548","Potiskum",0.540286466383255,0.488437381888078,0.592135550878432,59
"549","Qua'an Pan",0.524557947506519,0.391867505939538,0.657248389073501,10
"550","Rabah",0.125,0.125,0.125,13
"551","Rafi",0.482179743912428,0.260816965466723,0.703542522358134,50
"552","Rano",0.375,0.375,0.375,15
"553","Remo North",1,1,1,6
"554","Rijau",0.0909090909090909,0.0909090909090909,0.0909090909090909,27
"555","Ringim",0.263157894736842,0.263157894736842,0.263157894736842,19
"556","Riyom",1,1,1,10
"557","Rogo",0.318181818181818,0.318181818181818,0.318181818181818,24
"558","Sabon-Gari",0.507853391112611,0.346068967101428,0.669637815123794,58
"559","Sabon Birni",0.0749021739697755,0.0278276158856748,0.121976732053876,39
"560","Sabuwa",0.2,0.2,0.2,23
"561","Safana",0.238095238095238,0.238095238095238,0.238095238095238,24
"562","Sagbama",0.535560610569814,0.358293042373171,0.712828178766456,23
"563","Saki East",0.178873706761001,0.0516667047445004,0.306080708777502,28
"564","Saki West",0.627906960549735,0.507835907740149,0.747978013359322,26
"565","Sanga",0.444444444444444,0.444444444444444,0.444444444444444,10
"566","Sapele",0.778957722850746,0.720385937900595,0.837529507800897,13
"567","Sardauna",0.632364337283248,0.469025541477614,0.795703133088882,73
"568","Shagamu",0.777525568493844,0.637078108032979,0.917973028954709,15
"569","Shagari",0.173913043478261,0.173913043478261,0.173913043478261,10
"570","Shanga",0.230769230769231,0.230769230769231,0.230769230769231,8
"571","Shelleng",0.514468333947132,0.376497468685312,0.652439199208952,30
"572","Shendam",0.715974657066407,0.659266286419219,0.772683027713595,42
"573","Shinkafi",0,0,0,30
"574","Shira",0.237373728167815,0.121634719815455,0.353112736520175,34
"575","Shiroro",0.434652735224689,0.181321061795338,0.68798440865404,51
"576","Shomgom",0.7248504746373,0.558561880398991,0.891139068875609,15
"577","Shomolu",1,1,1,16
"578","Silame",0.0769230769230769,0.0769230769230769,0.0769230769230769,5
"579","Soba",0.028009939924215,-0.0280841947755867,0.0841040746240166,74
"580","Sokoto North",0.335384659890337,0.0944680720568412,0.576301247723833,16
"581","Sokoto South",0.275131200177179,0.229109271740308,0.32115312861405,36
"582","Song",0.602473493635846,0.520524690300052,0.684422296971641,49
"583","Southern Ijaw",0.642732015745667,0.559822303978669,0.725641727512665,12
"584","Sule-Tankarkar",0.545454545454545,0.545454545454545,0.545454545454545,33
"585","Suleja",0.745549734152736,0.624291159504737,0.866808308800735,32
"586","Sumaila",0.823529411764706,0.823529411764706,0.823529411764706,39
"587","Suru",0.04,0.04,0.04,31
"588","Surulere1",0.945905335527602,0.864360235403755,1.02745043565145,19
"589","Surulere2",0.375,0.375,0.375,9
"590","Tafa",0.4375,0.4375,0.4375,19
"591","Tafawa-Balewa",0.423086473620172,-0.021067102248663,0.867240049489006,50
"592","Tai",0.753098665245252,0.705975692312641,0.800221638177864,32
"593","Takali",0.254873966825181,0.247422083963354,0.262325849687009,54
"594","Takum",0.676138923392613,0.663845547053872,0.688432299731355,24
"595","Talata Mafara",0.197764580435919,0.0176538671733731,0.377875293698465,108
"596","Tambuwal",0.0942641744952786,0.0605430059731982,0.127985343017359,88
"597","Tarauni",0.71807838677361,0.654906285199327,0.781250488347893,34
"598","Tarka",0.444444444444444,0.444444444444444,0.444444444444444,6
"599","Taura",0.739130434782609,0.739130434782608,0.739130434782609,18
"600","Tofa",0.15,0.15,0.15,29
"601","Toro",0.373079348227037,0.0984547723002378,0.647703924153837,64
"602","Toto",0.374901480657357,0.175553301559848,0.574249659754865,10
"603","Toungo",0.866666666666667,0.866666666666667,0.866666666666667,14
"604","Tsafe",0.240763722993528,0.0465910397385559,0.4349364062485,71
"605","Tsanyawa",0.842105263157895,0.842105263157895,0.842105263157895,21
"606","Tudun Wada",0.215281543722128,0.176960317966146,0.253602769478111,73
"607","Tureta",0.120312448492013,-0.102869845693634,0.343494742677661,33
"608","Udenu",0.624677683360384,0.473283747129746,0.776071619591022,26
"609","Udi",0.734254804799125,0.681270125846186,0.787239483752065,21
"610","Udu",0.7,0.7,0.7,17
"611","Ughelli North",0.783567916874666,0.486661257121891,1.08047457662744,29
"612","Ughelli South",0.771020650645261,0.646817317227859,0.895223984062663,23
"613","Ugwunagbo",0.882352941176471,0.88235294117647,0.882352941176471,12
"614","Uhunmwonde",0.801204785885722,0.684383718209553,0.91802585356189,5
"615","Ukanafun",0.807147194268023,0.711237155532281,0.903057233003764,24
"616","Ukum",0.610619496551326,0.463927467678938,0.757311525423713,31
"617","Ukwa East",0.909090909090909,0.909090909090909,0.909090909090909,3
"618","Ukwuani",0.666666666666667,0.666666666666667,0.666666666666667,5
"619","Umu-Neochi",0.794318309952186,0.547600898301818,1.04103572160255,20
"620","Umuahia North",1,1,1,4
"621","Umuahia South",0.875014054300852,0.769480808580036,0.980547300021668,25
"622","Ungogo",0.522629822820214,0.446312331847078,0.59894731379335,105
"623","Uruan",0.736040597049586,0.621859629706382,0.850221564392791,18
"624","Urue-Offong/Oruko",0.444444444444444,0.444444444444444,0.444444444444445,5
"625","Ussa",0.714285714285714,0.714285714285714,0.714285714285714,8
"626","Uvwie",1,1,1,17
"627","Uyo",0.589978422953282,0.409405198899208,0.770551647007355,25
"628","Uzo-Uwani",0.516706570383895,0.35040060368601,0.683012537081779,15
"629","Vandeikya",0.627121862201793,0.490769028231917,0.76347469617167,67
"630","Wamako",0,0,0,13
"631","Wamba",0.666666666666667,0.666666666666667,0.666666666666667,2
"632","Warawa",0.434782608695652,0.434782608695652,0.434782608695652,32
"633","Warji",0.666666666666667,0.666666666666667,0.666666666666667,12
"634","Warri North",0.151447481758966,-0.0458228799070736,0.348717843425006,12
"635","Warri South",0.832673066126778,0.707052321205539,0.958293811048016,20
"636","Warri South West",0,0,0,5
"637","Wasagu/Danko",0,0,0,17
"638","Wase",0.336065581412212,0.288168590193502,0.383962572630921,39
"639","Wudil",0.319760290250386,0.245101354629331,0.394419225871442,42
"640","Wukari",0.5498602889502,0.391715330010822,0.708005247889578,62
"641","Wurno",0,0,0,35
"642","Yabo",0.15,0.15,0.15,19
"643","Yagba East",0.8,0.8,0.8,9
"644","Yagba West",0.666666666666667,0.666666666666667,0.666666666666667,2
"645","Yakurr",0.939024367942564,0.840436546420692,1.03761218946444,10
"646","Yala",0.95213453965781,0.875278414087956,1.02899066522766,18
"647","Yamaltu/Deba",0.200850212708769,0.0757135000592035,0.325986925358335,70
"648","Yankwashi",0.483718929873864,0.0778232488060073,0.88961461094172,28
"649","Yauri",0.222390987454522,0.173231493339902,0.271550481569143,28
"650","Yenegoa",0.698229458487449,0.615865292784967,0.78059362418993,25
"651","Yola North",0.354198379957664,0.0581594647648794,0.650237295150449,20
"652","Yola South",0.909090909090909,0.909090909090909,0.909090909090909,4
"653","Yorro",0.80165277184242,0.51958503594538,1.08372050773946,11
"654","Yusufari",0.304347826086957,0.304347826086956,0.304347826086957,15
"655","Zaki",0.523918030866977,0.40006354163547,0.647772520098483,30
"656","Zango",0.791666666666667,0.791666666666667,0.791666666666667,29
"657","Zango-Kataf",0.449261992332259,0.442113003434858,0.45641098122966,22
"658","Zaria",0.354905227949137,0.231834515010041,0.477975940888234,110
"659","Zing",0.454545454545455,0.454545454545455,0.454545454545455,10
"660","Zurmi",0.191338974024264,0.0701456064410483,0.312532341607479,57
"661","Zuru",0.1,0.1,0.1,9
