LGA,Rep_DS,U5_coverage,adult_coverage,severe_cases,simday,duration,year,start_day_override
Aba North,Ngor-Okpala,0.311710743,0.311710743,0.539,0,-1,2018,-1
Aba South,Ngor-Okpala,0.311710743,0.311710743,0.539,0,-1,2018,-1
Abadam,Babura,0.384205095,0.384205095,0.539,0,-1,2018,-1
Abaji,Keana,0.270743927,0.270743927,0.539,0,-1,2018,-1
Abak,Nsit Ubium,0.327500537,0.327500537,0.539,0,-1,2018,-1
Abakaliki,Owan East,0.388023766,0.388023766,0.539,0,-1,2018,-1
Abeokuta North,Owan East,0.568121164,0.568121164,0.539,0,-1,2018,-1
Abeokuta South,Uzo-Uwani,0.872786864,0.872786864,0.539,0,-1,2018,-1
Abi,Obubra,0.159677422,0.159677422,0.539,0,-1,2018,-1
Aboh-Mbaise,Ngor-Okpala,0.4125,0.4125,0.539,0,-1,2018,-1
Abua-Odual,Ahoada West,0.114956509,0.114956509,0.539,0,-1,2018,-1
Abuja Municipal,Keana,0.052936132,0.052936132,0.539,0,-1,2018,-1
Adavi,Owan East,0.306837057,0.306837057,0.539,0,-1,2018,-1
Ado,Akinyele,0.188425942,0.188425942,0.539,0,-1,2018,-1
Ado Ekiti,Owan East,0.306837057,0.306837057,0.539,0,-1,2018,-1
Ado-Odo-Ota,Uzo-Uwani,0.462211734,0.462211734,0.539,0,-1,2018,-1
Afijio,Akinyele,0.170418859,0.170418859,0.539,0,-1,2018,-1
Afikpo North,Oru West,0.950340144,0.950340144,0.539,0,-1,2018,-1
Afikpo South,Ngor-Okpala,0.518046976,0.518046976,0.539,0,-1,2018,-1
Agaie,Oke-Ero,0.271523548,0.271523548,0.539,0,-1,2018,-1
Agatu,Keana,0.194905934,0.194905934,0.539,0,-1,2018,-1
Agege,Uzo-Uwani,0.462211734,0.462211734,0.539,0,-1,2018,-1
Aguata,Oru West,0.478618785,0.478618785,0.539,0,-1,2018,-1
Agwara,Birnin Kebbi,0.464481248,0.464481248,0.539,0,-1,2018,-1
Ahiazu-Mbaise,Ngor-Okpala,0.311710743,0.311710743,0.539,0,-1,2018,-1
Ahoada East,Ahoada West,0.330729548,0.330729548,0.539,0,-1,2018,-1
Ahoada West,Ahoada West,0.366666666,0.366666666,0.539,0,-1,2018,-1
Aiyedade,Akinyele,0.170418859,0.170418859,0.539,0,-1,2018,-1
Aiyedire,Akinyele,0.170418859,0.170418859,0.539,0,-1,2018,-1
Ajaokuta,Owan East,0.306837057,0.306837057,0.539,0,-1,2018,-1
Ajeromi-Ifelodun,Uzo-Uwani,0.767197444,0.767197444,0.539,0,-1,2018,-1
Ajingi,Taura,0.192420845,0.192420845,0.539,0,-1,2018,-1
Akamkpa,Ngor-Okpala,0.210526358,0.210526358,0.539,0,-1,2018,-1
Akinyele,Akinyele,0.170418859,0.170418859,0.539,0,-1,2018,-1
Akko,Alkaleri,0.160494893,0.160494893,0.539,0,-1,2018,-1
Akoko North East,Oke-Ero,0.326187368,0.326187368,0.539,0,-1,2018,-1
Akoko North West,Oke-Ero,0.56853205,0.56853205,0.539,0,-1,2018,-1
Akoko South East,Oke-Ero,0.271523548,0.271523548,0.539,0,-1,2018,-1
Akoko South West,Oke-Ero,0.366666666,0.366666666,0.539,0,-1,2018,-1
Akoko-Edo,Owan East,0.477145346,0.477145346,0.539,0,-1,2018,-1
Akpabuyo,Nsit Ubium,0.327500537,0.327500537,0.539,0,-1,2018,-1
Akuku Toru,Ahoada West,0.44,0.44,0.539,0,-1,2018,-1
Akure North,Owan East,0.306837057,0.306837057,0.539,0,-1,2018,-1
Akure South,Owan East,0.55,0.55,0.539,0,-1,2018,-1
Akwanga,Oke-Ero,0.271523548,0.271523548,0.539,0,-1,2018,-1
Albasu,Takali,0.733333334,0.733333334,0.539,0,-1,2018,-1
Aleiro,Birnin Kebbi,0.464481248,0.464481248,0.539,0,-1,2018,-1
Alimosho,Uzo-Uwani,0.302443992,0.302443992,0.539,0,-1,2018,-1
Alkaleri,Alkaleri,0.244329301,0.244329301,0.539,0,-1,2018,-1
Amuwo-Odofin,Isoko South,0.133755864,0.133755864,0.539,0,-1,2018,-1
Anambra East,Uzo-Uwani,0.462211734,0.462211734,0.539,0,-1,2018,-1
Anambra West,Uzo-Uwani,0.733667282,0.733667282,0.539,0,-1,2018,-1
Anaocha,Oru West,0.605882385,0.605882385,0.539,0,-1,2018,-1
Andoni,Nsit Ubium,0.183252857,0.183252857,0.539,0,-1,2018,-1
Aninri,Oru West,0.56975785,0.56975785,0.539,0,-1,2018,-1
Aniocha North,Uzo-Uwani,0.462211734,0.462211734,0.539,0,-1,2018,-1
Aniocha South,Uzo-Uwani,0.462211734,0.462211734,0.539,0,-1,2018,-1
Anka,Darazo,0.089822497,0.089822497,0.539,0,-1,2018,-1
Ankpa,Owan East,0.306837057,0.306837057,0.539,0,-1,2018,-1
Apa,Keana,0.194905934,0.194905934,0.539,0,-1,2018,-1
Apapa,Isoko South,0.133755864,0.133755864,0.539,0,-1,2018,-1
Ardo-Kola,Keana,0.275,0.275,0.539,0,-1,2018,-1
Arewa-Dandi,Birnin Kebbi,0.733333334,0.733333334,0.539,0,-1,2018,-1
Argungu,Birnin Kebbi,0.650925029,0.650925029,0.539,0,-1,2018,-1
Arochukwu,Ngor-Okpala,0.311710743,0.311710743,0.539,0,-1,2018,-1
Asa,Oke-Ero,0.366666666,0.366666666,0.539,0,-1,2018,-1
Asari-Toru,Ahoada West,0.487186384,0.487186384,0.539,0,-1,2018,-1
Askira-Uba,Darazo,0.125808184,0.125808184,0.539,0,-1,2018,-1
Atakumosa East,Oke-Ero,0.271523548,0.271523548,0.539,0,-1,2018,-1
Atakumosa West,Akinyele,0.170418859,0.170418859,0.539,0,-1,2018,-1
Atiba,Akinyele,0.170418859,0.170418859,0.539,0,-1,2018,-1
Atigbo,Oke-Ero,0.271523548,0.271523548,0.539,0,-1,2018,-1
Augie,Birnin Kebbi,0.592307692,0.592307692,0.539,0,-1,2018,-1
Auyo,Taura,0.825,0.825,0.539,0,-1,2018,-1
Awe,Keana,0.194905934,0.194905934,0.539,0,-1,2018,-1
Awgu,Oru West,0.452185171,0.452185171,0.539,0,-1,2018,-1
Awka North,Uzo-Uwani,0.733333334,0.733333334,0.539,0,-1,2018,-1
Awka South,Uzo-Uwani,0.462211734,0.462211734,0.539,0,-1,2018,-1
Ayamelum,Uzo-Uwani,0.843333348,0.843333348,0.539,0,-1,2018,-1
Babura,Babura,0.545538786,0.545538786,0.539,0,-1,2018,-1
Badagry,Uzo-Uwani,0.462211734,0.462211734,0.539,0,-1,2018,-1
Bade,Taura,0.052380953,0.052380953,0.539,0,-1,2018,-1
Bagudo,Birnin Kebbi,0.37980456,0.37980456,0.539,0,-1,2018,-1
Bagwai,Babura,0.22,0.22,0.539,0,-1,2018,-1
Bakassi,Obubra,0.451107239,0.451107239,0.539,0,-1,2018,-1
Bakori,Gwarzo,0.189389802,0.189389802,0.539,0,-1,2018,-1
Bakura,Darazo,0.125808184,0.125808184,0.539,0,-1,2018,-1
Balanga,Alkaleri,0.235581882,0.235581882,0.539,0,-1,2018,-1
Bali,Keana,0.361833747,0.361833747,0.539,0,-1,2018,-1
Bama,Darazo,0.125808184,0.125808184,0.539,0,-1,2018,-1
Barikin Ladi,Soba,0.022544159,0.022544159,0.539,0,-1,2018,-1
Baruten,Oke-Ero,0.271523548,0.271523548,0.539,0,-1,2018,-1
Bassa1,Keana,0.22,0.22,0.539,0,-1,2018,-1
Bassa2,Soba,0.022544159,0.022544159,0.539,0,-1,2018,-1
Batagarawa,Rimi,0.410384619,0.410384619,0.539,0,-1,2018,-1
Batsari,Rimi,0.366666666,0.366666666,0.539,0,-1,2018,-1
Bauchi,Alkaleri,0.029785241,0.029785241,0.539,0,-1,2018,-1
Baure,Babura,0.392857143,0.392857143,0.539,0,-1,2018,-1
Bayo,Alkaleri,0.55,0.55,0.539,0,-1,2018,-1
Bebeji,Gwarzo,0.189389802,0.189389802,0.539,0,-1,2018,-1
Bekwara,Oke-Ero,0.271523548,0.271523548,0.539,0,-1,2018,-1
Bende,Ngor-Okpala,0.193518384,0.193518384,0.539,0,-1,2018,-1
Biase,Ngor-Okpala,0.646831142,0.646831142,0.539,0,-1,2018,-1
Bichi,Gwarzo,0.189389802,0.189389802,0.539,0,-1,2018,-1
Bida,Oke-Ero,0.55,0.55,0.539,0,-1,2018,-1
Billiri,Alkaleri,0.366666666,0.366666666,0.539,0,-1,2018,-1
Bindawa,Rimi,0.11,0.11,0.539,0,-1,2018,-1
Binji,Gawabawa,0.275,0.275,0.539,0,-1,2018,-1
Biriniwa,Taura,0.183333334,0.183333334,0.539,0,-1,2018,-1
Birni Kudu,Takali,0.246381391,0.246381391,0.539,0,-1,2018,-1
Birnin Kebbi,Birnin Kebbi,0.630233677,0.630233677,0.539,0,-1,2018,-1
Birnin Magaji,Rimi,0.230995129,0.230995129,0.539,0,-1,2018,-1
Birnin-Gwari,Giwa,0.143559165,0.143559165,0.539,0,-1,2018,-1
Biu,Darazo,0.55,0.55,0.539,0,-1,2018,-1
Bodinga,Gawabawa,0.117294588,0.117294588,0.539,0,-1,2018,-1
Bogoro,Alkaleri,0.257540308,0.257540308,0.539,0,-1,2018,-1
Boki,Obubra,0.275,0.275,0.539,0,-1,2018,-1
Bokkos,Giwa,0.143559165,0.143559165,0.539,0,-1,2018,-1
Boluwaduro,Akinyele,0.170418859,0.170418859,0.539,0,-1,2018,-1
Bomadi,Isoko South,0.133755864,0.133755864,0.539,0,-1,2018,-1
Bonny,Nsit Ubium,0.65620196,0.65620196,0.539,0,-1,2018,-1
Borgu,Oke-Ero,0.314285715,0.314285715,0.539,0,-1,2018,-1
Boripe,Akinyele,0.366666666,0.366666666,0.539,0,-1,2018,-1
Bosso,Keana,0.237664545,0.237664545,0.539,0,-1,2018,-1
Brass,Ahoada West,0.565913274,0.565913274,0.539,0,-1,2018,-1
Buji,Takali,0.196630499,0.196630499,0.539,0,-1,2018,-1
Bukkuyum,Alkaleri,0.257540308,0.257540308,0.539,0,-1,2018,-1
Bungudu,Takali,0.326944632,0.326944632,0.539,0,-1,2018,-1
Bunkure,Gwarzo,0.189389802,0.189389802,0.539,0,-1,2018,-1
Bunza,Birnin Kebbi,0.464481248,0.464481248,0.539,0,-1,2018,-1
Bursari,Taura,0.1375,0.1375,0.539,0,-1,2018,-1
Buruku,Keana,0.220000042,0.220000042,0.539,0,-1,2018,-1
Burutu,Isoko South,0.133755864,0.133755864,0.539,0,-1,2018,-1
Bwari,Giwa,0.169695837,0.169695837,0.539,0,-1,2018,-1
Calabar South,Nsit Ubium,0.327500537,0.327500537,0.539,0,-1,2018,-1
Calabar-Municipal,Nsit Ubium,0.329713644,0.329713644,0.539,0,-1,2018,-1
Chanchaga,Keana,0.427862065,0.427862065,0.539,0,-1,2018,-1
Charanchi,Rimi,0.115789474,0.115789474,0.539,0,-1,2018,-1
Chibok,Darazo,0.125808184,0.125808184,0.539,0,-1,2018,-1
Chikun,Soba,0.022544159,0.022544159,0.539,0,-1,2018,-1
Dala,Alkaleri,0.935050828,0.935050828,0.539,0,-1,2018,-1
Damaturu,Darazo,0.125808184,0.125808184,0.539,0,-1,2018,-1
Damban,Darazo,0.366666666,0.366666666,0.539,0,-1,2018,-1
Dambatta,Babura,0.366666666,0.366666666,0.539,0,-1,2018,-1
Damboa,Darazo,0.125808184,0.125808184,0.539,0,-1,2018,-1
Dan Musa,Rimi,0.230995129,0.230995129,0.539,0,-1,2018,-1
Dandi,Birnin Kebbi,0.384015973,0.384015973,0.539,0,-1,2018,-1
Dandume,Giwa,0.143559165,0.143559165,0.539,0,-1,2018,-1
Dange-Shnsi,Gawabawa,0.1375,0.1375,0.539,0,-1,2018,-1
Danja,Giwa,0.143559165,0.143559165,0.539,0,-1,2018,-1
Darazo,Darazo,0.177267873,0.177267873,0.539,0,-1,2018,-1
Dass,Alkaleri,0.257540308,0.257540308,0.539,0,-1,2018,-1
Daura,Babura,0.222453485,0.222453485,0.539,0,-1,2018,-1
Dawakin Kudu,Gwarzo,0.3,0.3,0.539,0,-1,2018,-1
Dawakin Tofa,Taura,0.2,0.2,0.539,0,-1,2018,-1
Degema,Ahoada West,0.275,0.275,0.539,0,-1,2018,-1
Dekina,Owan East,0.209327539,0.209327539,0.539,0,-1,2018,-1
Demsa,Alkaleri,0.772185534,0.772185534,0.539,0,-1,2018,-1
Dikwa,Darazo,0.125808184,0.125808184,0.539,0,-1,2018,-1
Doguwa,Giwa,0.143478261,0.143478261,0.539,0,-1,2018,-1
Doma,Keana,0.194905934,0.194905934,0.539,0,-1,2018,-1
Donga,Keana,0.313411568,0.313411568,0.539,0,-1,2018,-1
Dukku,Darazo,0.125808184,0.125808184,0.539,0,-1,2018,-1
Dunukofia,Uzo-Uwani,0.462211734,0.462211734,0.539,0,-1,2018,-1
Dutse,Takali,0.163336843,0.163336843,0.539,0,-1,2018,-1
Dutsi,Rimi,0.253846154,0.253846154,0.539,0,-1,2018,-1
Dutsin-Ma,Rimi,0.230995129,0.230995129,0.539,0,-1,2018,-1
Eastern Obolo,Nsit Ubium,0.66,0.66,0.539,0,-1,2018,-1
Ebonyi,Owan East,0.306837057,0.306837057,0.539,0,-1,2018,-1
Edati,Oke-Ero,0.271523548,0.271523548,0.539,0,-1,2018,-1
Ede North,Akinyele,0.170418859,0.170418859,0.539,0,-1,2018,-1
Ede South,Akinyele,0.170418859,0.170418859,0.539,0,-1,2018,-1
Edu,Oke-Ero,0.271523548,0.271523548,0.539,0,-1,2018,-1
Efon-Alayee,Oke-Ero,0.271523548,0.271523548,0.539,0,-1,2018,-1
Egbado North,Owan East,0.306837057,0.306837057,0.539,0,-1,2018,-1
Egbado South,Uzo-Uwani,0.462211734,0.462211734,0.539,0,-1,2018,-1
Egbeda,Akinyele,0.11804849,0.11804849,0.539,0,-1,2018,-1
Egbedore,Akinyele,0.596059123,0.596059123,0.539,0,-1,2018,-1
Egor,Uzo-Uwani,0.462211734,0.462211734,0.539,0,-1,2018,-1
Ehime-Mbano,Ngor-Okpala,0.650511935,0.650511935,0.539,0,-1,2018,-1
Ejigbo,Akinyele,0.237497982,0.237497982,0.539,0,-1,2018,-1
Ekeremor,Ahoada West,0.226521266,0.226521266,0.539,0,-1,2018,-1
Eket,Nsit Ubium,0.327500537,0.327500537,0.539,0,-1,2018,-1
Ekiti,Oke-Ero,0.818833351,0.818833351,0.539,0,-1,2018,-1
Ekiti East,Oke-Ero,0.271523548,0.271523548,0.539,0,-1,2018,-1
Ekiti South West,Oke-Ero,0.508750063,0.508750063,0.539,0,-1,2018,-1
Ekiti West,Oke-Ero,0.178434962,0.178434962,0.539,0,-1,2018,-1
Ekwusigo,Oru West,0.825,0.825,0.539,0,-1,2018,-1
Eleme,Ahoada West,0.166862864,0.166862864,0.539,0,-1,2018,-1
Emohua,Ahoada West,0.183333334,0.183333334,0.539,0,-1,2018,-1
Emure,Oke-Ero,0.271523548,0.271523548,0.539,0,-1,2018,-1
Enugu East,Uzo-Uwani,0.843835596,0.843835596,0.539,0,-1,2018,-1
Enugu North,Uzo-Uwani,0.462211734,0.462211734,0.539,0,-1,2018,-1
Enugu South,Uzo-Uwani,0.566382859,0.566382859,0.539,0,-1,2018,-1
Epe,Uzo-Uwani,0.462211734,0.462211734,0.539,0,-1,2018,-1
Esan Central,Owan East,0.306837057,0.306837057,0.539,0,-1,2018,-1
Esan North East,Uzo-Uwani,0.462211734,0.462211734,0.539,0,-1,2018,-1
Esan South East,Uzo-Uwani,0.462211734,0.462211734,0.539,0,-1,2018,-1
Esan West,Uzo-Uwani,0.462211734,0.462211734,0.539,0,-1,2018,-1
Ese-Odo,Owan East,0.306837057,0.306837057,0.539,0,-1,2018,-1
Esit Eket,Nsit Ubium,0.078571428,0.078571428,0.539,0,-1,2018,-1
Essien Udim,Ngor-Okpala,0.241209869,0.241209869,0.539,0,-1,2018,-1
Etche,Ngor-Okpala,0.311710743,0.311710743,0.539,0,-1,2018,-1
Ethiope East,Isoko South,0.133755864,0.133755864,0.539,0,-1,2018,-1
Ethiope West,Isoko South,0.133755864,0.133755864,0.539,0,-1,2018,-1
Etim Ekpo,Isoko South,0.133755864,0.133755864,0.539,0,-1,2018,-1
Etinan,Ngor-Okpala,0.311710743,0.311710743,0.539,0,-1,2018,-1
Eti-Osa,Nsit Ubium,0.327500537,0.327500537,0.539,0,-1,2018,-1
Etsako Central,Owan East,0.306837057,0.306837057,0.539,0,-1,2018,-1
Etsako East,Owan East,0.085749665,0.085749665,0.539,0,-1,2018,-1
Etsako West,Owan East,0.088386745,0.088386745,0.539,0,-1,2018,-1
Etung,Obubra,0.22,0.22,0.539,0,-1,2018,-1
Ewekoro,Uzo-Uwani,0.462211734,0.462211734,0.539,0,-1,2018,-1
Ezeagu,Uzo-Uwani,0.478039662,0.478039662,0.539,0,-1,2018,-1
Ezinihitte,Ngor-Okpala,0.427854187,0.427854187,0.539,0,-1,2018,-1
Ezza North,Owan East,0.209523809,0.209523809,0.539,0,-1,2018,-1
Ezza South,Obubra,0.526730552,0.526730552,0.539,0,-1,2018,-1
Fagge,Alkaleri,0.257540308,0.257540308,0.539,0,-1,2018,-1
Fakai,Birnin Kebbi,0.733333334,0.733333334,0.539,0,-1,2018,-1
Faskari,Giwa,0.143559165,0.143559165,0.539,0,-1,2018,-1
Fika,Darazo,0.104761905,0.104761905,0.539,0,-1,2018,-1
Fufore,Alkaleri,0.153208125,0.153208125,0.539,0,-1,2018,-1
Funakaye,Alkaleri,0.05,0.05,0.539,0,-1,2018,-1
Fune,Darazo,0.034692823,0.034692823,0.539,0,-1,2018,-1
Funtua,Gwarzo,0.189389802,0.189389802,0.539,0,-1,2018,-1
Gabasawa,Taura,0.192420845,0.192420845,0.539,0,-1,2018,-1
Gada,Gawabawa,0.117294588,0.117294588,0.539,0,-1,2018,-1
Gagarawa,Taura,0.192420845,0.192420845,0.539,0,-1,2018,-1
Gamawa,Gwarzo,0.189389802,0.189389802,0.539,0,-1,2018,-1
Ganaye,Alkaleri,0.257540308,0.257540308,0.539,0,-1,2018,-1
Ganjuwa,Darazo,0.112008861,0.112008861,0.539,0,-1,2018,-1
Garki,Babura,0.733333334,0.733333334,0.539,0,-1,2018,-1
Garko,Gwarzo,0.189389802,0.189389802,0.539,0,-1,2018,-1
Garum Mallam,Gwarzo,0.169230769,0.169230769,0.539,0,-1,2018,-1
Gashaka,Oru West,0.452185171,0.452185171,0.539,0,-1,2018,-1
Gassol,Keana,0.09475009,0.09475009,0.539,0,-1,2018,-1
Gawabawa,Gawabawa,0.117294588,0.117294588,0.539,0,-1,2018,-1
Gaya,Gwarzo,0.183333334,0.183333334,0.539,0,-1,2018,-1
Gbako,Oke-Ero,0.507692308,0.507692308,0.539,0,-1,2018,-1
Gboko,Keana,0.154309465,0.154309465,0.539,0,-1,2018,-1
Gboyin,Obubra,0.482352856,0.482352856,0.539,0,-1,2018,-1
Geidam,Babura,0.384205095,0.384205095,0.539,0,-1,2018,-1
Gezawa,Gwarzo,0.275,0.275,0.539,0,-1,2018,-1
Giade,Darazo,0.157142857,0.157142857,0.539,0,-1,2018,-1
Gireri,Darazo,0.089091333,0.089091333,0.539,0,-1,2018,-1
Giwa,Giwa,0.143559165,0.143559165,0.539,0,-1,2018,-1
Gokana,Nsit Ubium,0.200322706,0.200322706,0.539,0,-1,2018,-1
Gombe,Alkaleri,0.127786511,0.127786511,0.539,0,-1,2018,-1
Gombi,Alkaleri,0.229718796,0.229718796,0.539,0,-1,2018,-1
Goronyo,Gawabawa,0.117294588,0.117294588,0.539,0,-1,2018,-1
Gubio,Gawabawa,0.117294588,0.117294588,0.539,0,-1,2018,-1
Gudu,Gawabawa,0.117294588,0.117294588,0.539,0,-1,2018,-1
Gujba,Darazo,0.125808184,0.125808184,0.539,0,-1,2018,-1
Gulani,Alkaleri,0.257540308,0.257540308,0.539,0,-1,2018,-1
Guma,Keana,0.347010347,0.347010347,0.539,0,-1,2018,-1
Gumel,Babura,0.275,0.275,0.539,0,-1,2018,-1
Gummi,Birnin Kebbi,0.464481248,0.464481248,0.539,0,-1,2018,-1
Gurara,Oke-Ero,0.271523548,0.271523548,0.539,0,-1,2018,-1
Guri,Taura,0.192420845,0.192420845,0.539,0,-1,2018,-1
Gusau,Darazo,0.125808184,0.125808184,0.539,0,-1,2018,-1
Guyuk,Alkaleri,0.528776994,0.528776994,0.539,0,-1,2018,-1
Guzamala,Babura,0.384205095,0.384205095,0.539,0,-1,2018,-1
Gwagwalada,Keana,0.074383433,0.074383433,0.539,0,-1,2018,-1
Gwale,Alkaleri,0.505414437,0.505414437,0.539,0,-1,2018,-1
Gwandu,Birnin Kebbi,0.582352942,0.582352942,0.539,0,-1,2018,-1
Gwaram,Takali,0.245848605,0.245848605,0.539,0,-1,2018,-1
Gwarzo,Gwarzo,0.44,0.44,0.539,0,-1,2018,-1
Gwer East,Oke-Ero,0.271523548,0.271523548,0.539,0,-1,2018,-1
Gwer West,Keana,0.366666666,0.366666666,0.539,0,-1,2018,-1
Gwiwa,Babura,0.366666666,0.366666666,0.539,0,-1,2018,-1
Gwoza,Darazo,0.125808184,0.125808184,0.539,0,-1,2018,-1
Hadejia,Taura,0.192420845,0.192420845,0.539,0,-1,2018,-1
Hawul,Darazo,0.243692308,0.243692308,0.539,0,-1,2018,-1
Hong,Darazo,0.125808184,0.125808184,0.539,0,-1,2018,-1
Ibadan North,Owan East,0.273946391,0.273946391,0.539,0,-1,2018,-1
Ibadan North East,Owan East,0.306837057,0.306837057,0.539,0,-1,2018,-1
Ibadan North West,Owan East,0.129513435,0.129513435,0.539,0,-1,2018,-1
Ibadan South East,Akinyele,0.170418859,0.170418859,0.539,0,-1,2018,-1
Ibadan South West,Owan East,0.306837057,0.306837057,0.539,0,-1,2018,-1
Ibaji,Uzo-Uwani,0.462211734,0.462211734,0.539,0,-1,2018,-1
Ibarapa Central,Akinyele,0.170418859,0.170418859,0.539,0,-1,2018,-1
Ibarapa East,Oke-Ero,0.271523548,0.271523548,0.539,0,-1,2018,-1
Ibarapa North,Oke-Ero,0.271523548,0.271523548,0.539,0,-1,2018,-1
Ibeju-Lekki,Uzo-Uwani,0.55,0.55,0.539,0,-1,2018,-1
Ibeno,Nsit Ubium,0.327500537,0.327500537,0.539,0,-1,2018,-1
Ibesikpo Asutan,Nsit Ubium,0.257446804,0.257446804,0.539,0,-1,2018,-1
Ibi,Keana,0.194905934,0.194905934,0.539,0,-1,2018,-1
Ibiono Ibom,Ngor-Okpala,0.156569339,0.156569339,0.539,0,-1,2018,-1
Idah,Uzo-Uwani,0.462211734,0.462211734,0.539,0,-1,2018,-1
Idanre,Akinyele,0.170418859,0.170418859,0.539,0,-1,2018,-1
Ideato North,Oru West,0.837771757,0.837771757,0.539,0,-1,2018,-1
Ideato South,Ngor-Okpala,0.311710743,0.311710743,0.539,0,-1,2018,-1
Idemili North,Uzo-Uwani,0.68439853,0.68439853,0.539,0,-1,2018,-1
Idemili South,Oru West,0.336604079,0.336604079,0.539,0,-1,2018,-1
Ido,Akinyele,0.170418859,0.170418859,0.539,0,-1,2018,-1
Idosi-Osi,Oke-Ero,0.096818932,0.096818932,0.539,0,-1,2018,-1
Ifako-Ijaye,Uzo-Uwani,0.462211734,0.462211734,0.539,0,-1,2018,-1
Ife Central,Akinyele,0.582352825,0.582352825,0.539,0,-1,2018,-1
Ife East,Akinyele,0.170418859,0.170418859,0.539,0,-1,2018,-1
Ife North,Akinyele,0.55,0.55,0.539,0,-1,2018,-1
Ife South,Akinyele,0.170418859,0.170418859,0.539,0,-1,2018,-1
Ifedayo,Oke-Ero,0.271523548,0.271523548,0.539,0,-1,2018,-1
Ifedore,Oke-Ero,0.271523548,0.271523548,0.539,0,-1,2018,-1
Ifelodun1,Oke-Ero,0.15374592,0.15374592,0.539,0,-1,2018,-1
Ifelodun2,Akinyele,0.170418859,0.170418859,0.539,0,-1,2018,-1
Ifo,Uzo-Uwani,0.462211734,0.462211734,0.539,0,-1,2018,-1
Igabi,Soba,0.022544159,0.022544159,0.539,0,-1,2018,-1
Igalamela-Odolu,Uzo-Uwani,0.462211734,0.462211734,0.539,0,-1,2018,-1
Igbo-Etiti,Uzo-Uwani,0.462211734,0.462211734,0.539,0,-1,2018,-1
Igbo-Eze North,Uzo-Uwani,0.093916503,0.093916503,0.539,0,-1,2018,-1
Igbo-Eze South,Uzo-Uwani,0.462211734,0.462211734,0.539,0,-1,2018,-1
Igueben,Uzo-Uwani,0.462211734,0.462211734,0.539,0,-1,2018,-1
Ihiala,Oru West,0.318999971,0.318999971,0.539,0,-1,2018,-1
Ihitte-Uboma,Ngor-Okpala,0.311710743,0.311710743,0.539,0,-1,2018,-1
Ijebu East,Oke-Ero,0.271523548,0.271523548,0.539,0,-1,2018,-1
Ijebu North,Owan East,0.306837057,0.306837057,0.539,0,-1,2018,-1
Ijebu North East,Oke-Ero,0.271523548,0.271523548,0.539,0,-1,2018,-1
Ijebu ode,Owan East,0.306837057,0.306837057,0.539,0,-1,2018,-1
Ijero,Oke-Ero,0.217658681,0.217658681,0.539,0,-1,2018,-1
Ijumu,Oke-Ero,0.271523548,0.271523548,0.539,0,-1,2018,-1
Ika,Ngor-Okpala,0.311710743,0.311710743,0.539,0,-1,2018,-1
Ika North East,Uzo-Uwani,0.462211734,0.462211734,0.539,0,-1,2018,-1
Ika South,Uzo-Uwani,0.462211734,0.462211734,0.539,0,-1,2018,-1
Ikara,Soba,0.022544159,0.022544159,0.539,0,-1,2018,-1
Ikeduru,Ngor-Okpala,0.204481885,0.204481885,0.539,0,-1,2018,-1
Ikeja,Uzo-Uwani,0.462211734,0.462211734,0.539,0,-1,2018,-1
Ikenne,Owan East,0.306837057,0.306837057,0.539,0,-1,2018,-1
Ikere,Owan East,0.306837057,0.306837057,0.539,0,-1,2018,-1
Ikole,Oke-Ero,0.02896121,0.02896121,0.539,0,-1,2018,-1
Ikom,Obubra,0.451107239,0.451107239,0.539,0,-1,2018,-1
Ikono,Ngor-Okpala,0.55,0.55,0.539,0,-1,2018,-1
Ikorodu,Uzo-Uwani,0.175458207,0.175458207,0.539,0,-1,2018,-1
Ikot Abasi,Nsit Ubium,0.55,0.55,0.539,0,-1,2018,-1
Ikot Ekpene,Ngor-Okpala,0.179641708,0.179641708,0.539,0,-1,2018,-1
Ikpoba-Okha,Uzo-Uwani,0.18824407,0.18824407,0.539,0,-1,2018,-1
Ikwerre,Oru West,0.351436385,0.351436385,0.539,0,-1,2018,-1
Ikwo,Obubra,0.521071561,0.521071561,0.539,0,-1,2018,-1
Ikwuano,Ngor-Okpala,0.311710743,0.311710743,0.539,0,-1,2018,-1
Ila,Oke-Ero,0.271523548,0.271523548,0.539,0,-1,2018,-1
Ilaje,Owan East,0.306837057,0.306837057,0.539,0,-1,2018,-1
Ilemeji,Akinyele,0.170418859,0.170418859,0.539,0,-1,2018,-1
Ile-Oluji-Okeigbo,Oke-Ero,0.488888888,0.488888888,0.539,0,-1,2018,-1
Ilesha East,Owan East,0.55,0.55,0.539,0,-1,2018,-1
Ilesha West,Akinyele,0.170418859,0.170418859,0.539,0,-1,2018,-1
Illela,Gawabawa,0.025833591,0.025833591,0.539,0,-1,2018,-1
Ilorin East,Oke-Ero,0.427824932,0.427824932,0.539,0,-1,2018,-1
Ilorin South,Oke-Ero,0.271523548,0.271523548,0.539,0,-1,2018,-1
Ilorin West,Owan East,0.369599955,0.369599955,0.539,0,-1,2018,-1
Imeko-Afon,Oke-Ero,0.271523548,0.271523548,0.539,0,-1,2018,-1
Ingawa,Rimi,0.061111112,0.061111112,0.539,0,-1,2018,-1
Ini,Ngor-Okpala,0.311710743,0.311710743,0.539,0,-1,2018,-1
Ipokia,Uzo-Uwani,0.462211734,0.462211734,0.539,0,-1,2018,-1
Irele,Akinyele,0.170418859,0.170418859,0.539,0,-1,2018,-1
Irepo,Oke-Ero,0.271523548,0.271523548,0.539,0,-1,2018,-1
Irepodun1,Oke-Ero,0.271523548,0.271523548,0.539,0,-1,2018,-1
Irepodun2,Owan East,0.306837057,0.306837057,0.539,0,-1,2018,-1
Irepodun-Ifelodun,Akinyele,0.170418859,0.170418859,0.539,0,-1,2018,-1
Irewole,Akinyele,0.525000061,0.525000061,0.539,0,-1,2018,-1
Isa,Rimi,0.230995129,0.230995129,0.539,0,-1,2018,-1
Ise-Orun,Oke-Ero,0.55,0.55,0.539,0,-1,2018,-1
Iseyin,Akinyele,0.170418859,0.170418859,0.539,0,-1,2018,-1
Ishielu,Owan East,0.258209102,0.258209102,0.539,0,-1,2018,-1
Isiala Mbano,Owan East,0.306837057,0.306837057,0.539,0,-1,2018,-1
Isiala-Ngwa North,Ngor-Okpala,0.37340813,0.37340813,0.539,0,-1,2018,-1
Isiala-Ngwa South,Ngor-Okpala,0.311710743,0.311710743,0.539,0,-1,2018,-1
Isin,Ngor-Okpala,0.586368322,0.586368322,0.539,0,-1,2018,-1
Isi-Uzo,Oke-Ero,0.271523548,0.271523548,0.539,0,-1,2018,-1
Isokan,Akinyele,0.170418859,0.170418859,0.539,0,-1,2018,-1
Isoko North,Isoko South,0.133755864,0.133755864,0.539,0,-1,2018,-1
Isoko South,Isoko South,0.133755864,0.133755864,0.539,0,-1,2018,-1
Isu,Ngor-Okpala,0.55,0.55,0.539,0,-1,2018,-1
Isuikwato,Ngor-Okpala,0.311710743,0.311710743,0.539,0,-1,2018,-1
Itas-Gadau,Taura,0.191717479,0.191717479,0.539,0,-1,2018,-1
Itesiwaju,Akinyele,0.170418859,0.170418859,0.539,0,-1,2018,-1
Itu,Ngor-Okpala,0.733333334,0.733333334,0.539,0,-1,2018,-1
Ivo,Ngor-Okpala,0.311710743,0.311710743,0.539,0,-1,2018,-1
Iwajowa,Oke-Ero,0.271523548,0.271523548,0.539,0,-1,2018,-1
Iwo,Akinyele,0.510434128,0.510434128,0.539,0,-1,2018,-1
Izzi,Owan East,0.535574305,0.535574305,0.539,0,-1,2018,-1
Jaba,Oke-Ero,0.271523548,0.271523548,0.539,0,-1,2018,-1
Jada,Alkaleri,0.105227252,0.105227252,0.539,0,-1,2018,-1
Jahun,Taura,0.243476761,0.243476761,0.539,0,-1,2018,-1
Jakusko,Taura,0.192420845,0.192420845,0.539,0,-1,2018,-1
Jalingo,Keana,0.376923014,0.376923014,0.539,0,-1,2018,-1
Jama'are,Taura,0.156156068,0.156156068,0.539,0,-1,2018,-1
Jega,Birnin Kebbi,0.62345013,0.62345013,0.539,0,-1,2018,-1
Jema'a,Soba,0.153092786,0.153092786,0.539,0,-1,2018,-1
Jere,Gawabawa,0.55,0.55,0.539,0,-1,2018,-1
Jibia,Rimi,0.366666666,0.366666666,0.539,0,-1,2018,-1
Jos East,Soba,0.55,0.55,0.539,0,-1,2018,-1
Jos North,Soba,0.115088842,0.115088842,0.539,0,-1,2018,-1
Jos South,Soba,0.022544159,0.022544159,0.539,0,-1,2018,-1
Kabba-Bunu,Oke-Ero,0.271523548,0.271523548,0.539,0,-1,2018,-1
Kabo,Gwarzo,0.361536654,0.361536654,0.539,0,-1,2018,-1
Kachia,Ngor-Okpala,0.02871863,0.02871863,0.539,0,-1,2018,-1
Kaduna North,Soba,0.072310763,0.072310763,0.539,0,-1,2018,-1
Kaduna South,Soba,0.022544159,0.022544159,0.539,0,-1,2018,-1
Kafin Hausa,Taura,0.460975493,0.460975493,0.539,0,-1,2018,-1
Kafur,Gwarzo,0.225146183,0.225146183,0.539,0,-1,2018,-1
Kaga,Darazo,0.125808184,0.125808184,0.539,0,-1,2018,-1
Kagarko,Oke-Ero,0.271523548,0.271523548,0.539,0,-1,2018,-1
Kaiama,Oke-Ero,0.271523548,0.271523548,0.539,0,-1,2018,-1
Kaita,Rimi,0.169230769,0.169230769,0.539,0,-1,2018,-1
Kajola,Akinyele,0.170418859,0.170418859,0.539,0,-1,2018,-1
Kajuru,Soba,0.022544159,0.022544159,0.539,0,-1,2018,-1
Kala-Balge,Darazo,0.125808184,0.125808184,0.539,0,-1,2018,-1
Kalgo,Birnin Kebbi,0.581014105,0.581014105,0.539,0,-1,2018,-1
Kaltungo,Alkaleri,0.257540308,0.257540308,0.539,0,-1,2018,-1
Kanam,Alkaleri,0.326886723,0.326886723,0.539,0,-1,2018,-1
Kankara,Rimi,0.230995129,0.230995129,0.539,0,-1,2018,-1
Kanke,Alkaleri,0.257540308,0.257540308,0.539,0,-1,2018,-1
Kankia,Rimi,0.314285715,0.314285715,0.539,0,-1,2018,-1
Kano Municipal,Alkaleri,0.257540308,0.257540308,0.539,0,-1,2018,-1
Karasuwa,Taura,0.063244033,0.063244033,0.539,0,-1,2018,-1
Karaye,Gwarzo,0.458333334,0.458333334,0.539,0,-1,2018,-1
Karin-Lamido,Alkaleri,0.172606376,0.172606376,0.539,0,-1,2018,-1
Karu,Oke-Ero,0.271523548,0.271523548,0.539,0,-1,2018,-1
Katagum,Gwarzo,0.128504716,0.128504716,0.539,0,-1,2018,-1
Katcha,Oke-Ero,0.337118469,0.337118469,0.539,0,-1,2018,-1
Katsina,Rimi,0.548844548,0.548844548,0.539,0,-1,2018,-1
Katsina-Ala,Keana,0.194905934,0.194905934,0.539,0,-1,2018,-1
Kaugama,Taura,0.122222222,0.122222222,0.539,0,-1,2018,-1
Kaura,Soba,0.022544159,0.022544159,0.539,0,-1,2018,-1
Kaura-Namoda,Rimi,0.230995129,0.230995129,0.539,0,-1,2018,-1
Kauru,Soba,0.022544159,0.022544159,0.539,0,-1,2018,-1
Kazaure,Babura,0.34375,0.34375,0.539,0,-1,2018,-1
Keana,Keana,0.194905934,0.194905934,0.539,0,-1,2018,-1
Kebbe,Birnin Kebbi,0.464481248,0.464481248,0.539,0,-1,2018,-1
Keffi,Oke-Ero,0.271523548,0.271523548,0.539,0,-1,2018,-1
Khana,Nsit Ubium,0.314285715,0.314285715,0.539,0,-1,2018,-1
Kibiya,Gwarzo,0.189389802,0.189389802,0.539,0,-1,2018,-1
Kirfi,Alkaleri,0.084615385,0.084615385,0.539,0,-1,2018,-1
Kiri Kasamma,Taura,0.323102291,0.323102291,0.539,0,-1,2018,-1
Kiru,Gwarzo,0.262624369,0.262624369,0.539,0,-1,2018,-1
Kiyawa,Takali,0.157142857,0.157142857,0.539,0,-1,2018,-1
Kogi,Keana,0.366666666,0.366666666,0.539,0,-1,2018,-1
Koko-Besse,Birnin Kebbi,0.693373492,0.693373492,0.539,0,-1,2018,-1
Kokona,Oke-Ero,0.271523548,0.271523548,0.539,0,-1,2018,-1
Kolokuma-Opokuma,Ahoada West,0.427953851,0.427953851,0.539,0,-1,2018,-1
Konduga,Darazo,0.55,0.55,0.539,0,-1,2018,-1
Konshisha,Oke-Ero,0.271523548,0.271523548,0.539,0,-1,2018,-1
Kontagora,Oke-Ero,0.353032722,0.353032722,0.539,0,-1,2018,-1
Kosofe,Isoko South,0.760101856,0.760101856,0.539,0,-1,2018,-1
Kubau,Soba,0.022544159,0.022544159,0.539,0,-1,2018,-1
Kudan,Giwa,0.143559165,0.143559165,0.539,0,-1,2018,-1
Kuje,Keana,0.194905934,0.194905934,0.539,0,-1,2018,-1
Kukawa,Babura,0.66,0.66,0.539,0,-1,2018,-1
Kumbotso,Taura,0.192420845,0.192420845,0.539,0,-1,2018,-1
Kunchi,Babura,0.162151388,0.162151388,0.539,0,-1,2018,-1
Kura,Gwarzo,0.244444444,0.244444444,0.539,0,-1,2018,-1
Kurfi,Rimi,0.230995129,0.230995129,0.539,0,-1,2018,-1
Kurmi,Oru West,0.44,0.44,0.539,0,-1,2018,-1
Kusada,Rimi,0.20625,0.20625,0.539,0,-1,2018,-1
Kwali,Keana,0.194905934,0.194905934,0.539,0,-1,2018,-1
Kwami,Alkaleri,0.076443986,0.076443986,0.539,0,-1,2018,-1
Kwande,Oke-Ero,0.207547337,0.207547337,0.539,0,-1,2018,-1
Kware,Gawabawa,0.22,0.22,0.539,0,-1,2018,-1
Kwaya Kusar,Alkaleri,0.257540308,0.257540308,0.539,0,-1,2018,-1
Lafia,Alkaleri,0.257540308,0.257540308,0.539,0,-1,2018,-1
Lagelu,Akinyele,0.170418859,0.170418859,0.539,0,-1,2018,-1
Lagos Island,Isoko South,0.133755864,0.133755864,0.539,0,-1,2018,-1
Lagos Mainland,Isoko South,0.133755864,0.133755864,0.539,0,-1,2018,-1
Lamurde,Alkaleri,0.257540308,0.257540308,0.539,0,-1,2018,-1
Langtang North,Alkaleri,0.257540308,0.257540308,0.539,0,-1,2018,-1
Langtang South,Keana,0.194905934,0.194905934,0.539,0,-1,2018,-1
Lapai,Oke-Ero,0.271523548,0.271523548,0.539,0,-1,2018,-1
Lau,Alkaleri,0.2,0.2,0.539,0,-1,2018,-1
Lavun,Oke-Ero,0.450386313,0.450386313,0.539,0,-1,2018,-1
Lere,Soba,0.022544159,0.022544159,0.539,0,-1,2018,-1
Logo,Keana,0.194905934,0.194905934,0.539,0,-1,2018,-1
Lokoja,Keana,0.194905934,0.194905934,0.539,0,-1,2018,-1
Machina,Taura,0.060147216,0.060147216,0.539,0,-1,2018,-1
Madagali,Darazo,0.125808184,0.125808184,0.539,0,-1,2018,-1
Madobi,Taura,0.192420845,0.192420845,0.539,0,-1,2018,-1
Mafa,Darazo,0.125808184,0.125808184,0.539,0,-1,2018,-1
Magama,Oke-Ero,0.332531983,0.332531983,0.539,0,-1,2018,-1
Magumeri,Gawabawa,0.117294588,0.117294588,0.539,0,-1,2018,-1
Mai'Adua,Rimi,0.44,0.44,0.539,0,-1,2018,-1
Maiduguri,Darazo,0.034298437,0.034298437,0.539,0,-1,2018,-1
Maigatari,Babura,0.226493476,0.226493476,0.539,0,-1,2018,-1
Maiha,Alkaleri,0.257540308,0.257540308,0.539,0,-1,2018,-1
Maiyama,Birnin Kebbi,0.794444444,0.794444444,0.539,0,-1,2018,-1
Makoda,Babura,0.66,0.66,0.539,0,-1,2018,-1
Makurdi,Keana,0.092806509,0.092806509,0.539,0,-1,2018,-1
Malam Madori,Taura,0.55,0.55,0.539,0,-1,2018,-1
Malumfashi,Gwarzo,0.733333334,0.733333334,0.539,0,-1,2018,-1
Mangu,Darazo,0.314965467,0.314965467,0.539,0,-1,2018,-1
Mani,Rimi,0.219869779,0.219869779,0.539,0,-1,2018,-1
Maradun,Darazo,0.080843388,0.080843388,0.539,0,-1,2018,-1
Mariga,Oke-Ero,0.11,0.11,0.539,0,-1,2018,-1
Markafi,Gwarzo,0.189389802,0.189389802,0.539,0,-1,2018,-1
Marte,Babura,0.384205095,0.384205095,0.539,0,-1,2018,-1
Maru,Giwa,0.143559165,0.143559165,0.539,0,-1,2018,-1
Mashegu,Oke-Ero,0.271523548,0.271523548,0.539,0,-1,2018,-1
Mashi,Rimi,0.183333334,0.183333334,0.539,0,-1,2018,-1
Matazuu,Rimi,0.314285715,0.314285715,0.539,0,-1,2018,-1
Mayo-Belwa,Alkaleri,0.6,0.6,0.539,0,-1,2018,-1
Mbaitoli,Ngor-Okpala,0.415484806,0.415484806,0.539,0,-1,2018,-1
Mbo,Nsit Ubium,0.11,0.11,0.539,0,-1,2018,-1
Michika,Darazo,0.125808184,0.125808184,0.539,0,-1,2018,-1
Miga,Taura,0.122222222,0.122222222,0.539,0,-1,2018,-1
Mikang,Alkaleri,0.257540308,0.257540308,0.539,0,-1,2018,-1
Minjibir,Taura,0.591753741,0.591753741,0.539,0,-1,2018,-1
Misau,Darazo,0.13471763,0.13471763,0.539,0,-1,2018,-1
Mkpat Enin,Nsit Ubium,0.417951578,0.417951578,0.539,0,-1,2018,-1
Moba,Oke-Ero,0.095695823,0.095695823,0.539,0,-1,2018,-1
Mobbar,Babura,0.576473129,0.576473129,0.539,0,-1,2018,-1
Mokwa,Oke-Ero,0.281468301,0.281468301,0.539,0,-1,2018,-1
Monguno,Babura,0.384205095,0.384205095,0.539,0,-1,2018,-1
Mopa-Muro,Oke-Ero,0.271523548,0.271523548,0.539,0,-1,2018,-1
Moro,Oke-Ero,0.271523548,0.271523548,0.539,0,-1,2018,-1
Mubi North,Darazo,0.245063074,0.245063074,0.539,0,-1,2018,-1
Mubi South,Darazo,0.062011388,0.062011388,0.539,0,-1,2018,-1
Musawa,Gwarzo,0.405263158,0.405263158,0.539,0,-1,2018,-1
Mushin,Isoko South,0.133755864,0.133755864,0.539,0,-1,2018,-1
Muya,Giwa,0.392857143,0.392857143,0.539,0,-1,2018,-1
Nafada,Alkaleri,0.221772507,0.221772507,0.539,0,-1,2018,-1
Nangere,Darazo,0.036666666,0.036666666,0.539,0,-1,2018,-1
Nasarawa1,Alkaleri,0.257540308,0.257540308,0.539,0,-1,2018,-1
Nasarawa2,Alkaleri,0.402694173,0.402694173,0.539,0,-1,2018,-1
Nasarawa-Eggon,Keana,0.194905934,0.194905934,0.539,0,-1,2018,-1
Ndokwa East,Ahoada West,0.271107599,0.271107599,0.539,0,-1,2018,-1
Ndokwa West,Isoko South,0.133755864,0.133755864,0.539,0,-1,2018,-1
Nembe,Ahoada West,0.275,0.275,0.539,0,-1,2018,-1
Ngala,Taura,0.192420845,0.192420845,0.539,0,-1,2018,-1
Nganzai,Gawabawa,0.117294588,0.117294588,0.539,0,-1,2018,-1
Ngaski,Owan East,0.664720048,0.664720048,0.539,0,-1,2018,-1
Ngor-Okpala,Ngor-Okpala,0.611111112,0.611111112,0.539,0,-1,2018,-1
Nguru,Taura,0.192420845,0.192420845,0.539,0,-1,2018,-1
Ningi,Takali,0.094501706,0.094501706,0.539,0,-1,2018,-1
Njaba,Ngor-Okpala,0.88,0.88,0.539,0,-1,2018,-1
Njikoka,Uzo-Uwani,0.733333334,0.733333334,0.539,0,-1,2018,-1
Nkanu East,Owan East,0.490863176,0.490863176,0.539,0,-1,2018,-1
Nkanu West,Uzo-Uwani,0.462211734,0.462211734,0.539,0,-1,2018,-1
Nkwerre,Ngor-Okpala,0.275,0.275,0.539,0,-1,2018,-1
Nnewi North,Oru West,0.452185171,0.452185171,0.539,0,-1,2018,-1
Nnewi South,Oru West,0.631271495,0.631271495,0.539,0,-1,2018,-1
Nsit Atai,Nsit Ubium,0.327500537,0.327500537,0.539,0,-1,2018,-1
Nsit Ibom,Nsit Ubium,0.275,0.275,0.539,0,-1,2018,-1
Nsit Ubium,Nsit Ubium,0.471428572,0.471428572,0.539,0,-1,2018,-1
Nsukka,Uzo-Uwani,0.445857998,0.445857998,0.539,0,-1,2018,-1
Numan,Alkaleri,0.711764706,0.711764706,0.539,0,-1,2018,-1
Nwangele,Ngor-Okpala,0.311710743,0.311710743,0.539,0,-1,2018,-1
Obafemi-Owode,Owan East,0.501010726,0.501010726,0.539,0,-1,2018,-1
Obanliku,Obubra,0.451107239,0.451107239,0.539,0,-1,2018,-1
Obi Nwa,Ngor-Okpala,0.311710743,0.311710743,0.539,0,-1,2018,-1
Obi1,Keana,0.194905934,0.194905934,0.539,0,-1,2018,-1
Obi2,Keana,0.194905934,0.194905934,0.539,0,-1,2018,-1
Obia-Akpor,Ahoada West,0.234832173,0.234832173,0.539,0,-1,2018,-1
Obokun,Akinyele,0.170418859,0.170418859,0.539,0,-1,2018,-1
Obot Akara,Ngor-Okpala,0.311710743,0.311710743,0.539,0,-1,2018,-1
Obowo,Ngor-Okpala,0.311710743,0.311710743,0.539,0,-1,2018,-1
Obubra,Obubra,0.451107239,0.451107239,0.539,0,-1,2018,-1
Obudu,Obubra,0.451107239,0.451107239,0.539,0,-1,2018,-1
Odeda,Oke-Ero,0.271523548,0.271523548,0.539,0,-1,2018,-1
Odigbo,Akinyele,0.170418859,0.170418859,0.539,0,-1,2018,-1
Odogbolu,Oke-Ero,0.271523548,0.271523548,0.539,0,-1,2018,-1
Odo-Otin,Owan East,0.306837057,0.306837057,0.539,0,-1,2018,-1
Odukpani,Ngor-Okpala,0.311710743,0.311710743,0.539,0,-1,2018,-1
Offa,Akinyele,0.170418859,0.170418859,0.539,0,-1,2018,-1
Ofu,Owan East,0.306837057,0.306837057,0.539,0,-1,2018,-1
Ogbadibo,Ahoada West,0.149247155,0.149247155,0.539,0,-1,2018,-1
Ogba-Egbema-Ndoni,Owan East,0.306837057,0.306837057,0.539,0,-1,2018,-1
Ogbaru,Ahoada West,0.733333334,0.733333334,0.539,0,-1,2018,-1
Ogbia,Ahoada West,0.271107599,0.271107599,0.539,0,-1,2018,-1
Ogbomosho North,Akinyele,0.170418859,0.170418859,0.539,0,-1,2018,-1
Ogbomosho South,Akinyele,0.170418859,0.170418859,0.539,0,-1,2018,-1
Ogo Oluwa,Oke-Ero,0.271523548,0.271523548,0.539,0,-1,2018,-1
Ogoja,Obubra,0.451107239,0.451107239,0.539,0,-1,2018,-1
Ogori-Mangongo,Owan East,0.306837057,0.306837057,0.539,0,-1,2018,-1
Ogu-Bolo,Nsit Ubium,0.327500537,0.327500537,0.539,0,-1,2018,-1
Ogun waterside,Owan East,0.306837057,0.306837057,0.539,0,-1,2018,-1
Oguta,Oru West,0.55,0.55,0.539,0,-1,2018,-1
Ohafia,Ngor-Okpala,0.311710743,0.311710743,0.539,0,-1,2018,-1
Ohaji-Egbema,Oru West,0.513574283,0.513574283,0.539,0,-1,2018,-1
Ohaozara,Obubra,0.758467736,0.758467736,0.539,0,-1,2018,-1
Ohaukwu,Owan East,0.275,0.275,0.539,0,-1,2018,-1
Ohimini,Akinyele,0.170418859,0.170418859,0.539,0,-1,2018,-1
Oji-River,Oru West,0.452185171,0.452185171,0.539,0,-1,2018,-1
Ojo,Isoko South,0.133755864,0.133755864,0.539,0,-1,2018,-1
Oju,Oke-Ero,0.073054159,0.073054159,0.539,0,-1,2018,-1
Oke-Ero,Oke-Ero,0.44,0.44,0.539,0,-1,2018,-1
Okehi,Owan East,0.306837057,0.306837057,0.539,0,-1,2018,-1
Okene,Owan East,0.080373544,0.080373544,0.539,0,-1,2018,-1
Okigwe,Ngor-Okpala,0.366666666,0.366666666,0.539,0,-1,2018,-1
Okitipupa,Owan East,0.306837057,0.306837057,0.539,0,-1,2018,-1
Okobo,Nsit Ubium,0.327500537,0.327500537,0.539,0,-1,2018,-1
Okpe,Isoko South,0.133755864,0.133755864,0.539,0,-1,2018,-1
Okpokwu,Akinyele,0.157142857,0.157142857,0.539,0,-1,2018,-1
Okrika,Nsit Ubium,0.617416924,0.617416924,0.539,0,-1,2018,-1
Olamabolo,Akinyele,0.170418859,0.170418859,0.539,0,-1,2018,-1
Ola-oluwa,Owan East,0.366666666,0.366666666,0.539,0,-1,2018,-1
Olorunda,Akinyele,0.170418859,0.170418859,0.539,0,-1,2018,-1
Olorunsogo,Oke-Ero,0.271523548,0.271523548,0.539,0,-1,2018,-1
Oluyole,Oke-Ero,0.271523548,0.271523548,0.539,0,-1,2018,-1
Omala,Keana,0.194905934,0.194905934,0.539,0,-1,2018,-1
Omumma,Ngor-Okpala,0.07811201,0.07811201,0.539,0,-1,2018,-1
Ona-Ara,Akinyele,0.170418859,0.170418859,0.539,0,-1,2018,-1
Ondo East,Akinyele,0.170418859,0.170418859,0.539,0,-1,2018,-1
Ondo West,Akinyele,0.170418859,0.170418859,0.539,0,-1,2018,-1
Onicha,Obubra,0.413259675,0.413259675,0.539,0,-1,2018,-1
Onitsha North,Uzo-Uwani,0.462211734,0.462211734,0.539,0,-1,2018,-1
Onitsha South,Uzo-Uwani,0.462211734,0.462211734,0.539,0,-1,2018,-1
Onna,Nsit Ubium,0.395102003,0.395102003,0.539,0,-1,2018,-1
Opobo-Nkoro,Nsit Ubium,0.671483902,0.671483902,0.539,0,-1,2018,-1
Oredo,Uzo-Uwani,0.348880699,0.348880699,0.539,0,-1,2018,-1
Orelope,Oke-Ero,0.271523548,0.271523548,0.539,0,-1,2018,-1
Orhionmwon,Uzo-Uwani,0.200373726,0.200373726,0.539,0,-1,2018,-1
Ori Ire,Oke-Ero,0.271523548,0.271523548,0.539,0,-1,2018,-1
Oriade,Oke-Ero,0.373472684,0.373472684,0.539,0,-1,2018,-1
Orlu,Oru West,0.275,0.275,0.539,0,-1,2018,-1
Orolu,Oke-Ero,0.333333416,0.333333416,0.539,0,-1,2018,-1
Oron,Nsit Ubium,0.327500537,0.327500537,0.539,0,-1,2018,-1
Orsu,Oru West,0.283427525,0.283427525,0.539,0,-1,2018,-1
Oru East,Oru West,0.452185171,0.452185171,0.539,0,-1,2018,-1
Oru West,Oru West,0.476480976,0.476480976,0.539,0,-1,2018,-1
Oruk Anam,Nsit Ubium,0.322222262,0.322222262,0.539,0,-1,2018,-1
Orumba North,Oru West,0.52884612,0.52884612,0.539,0,-1,2018,-1
Orumba South,Oru West,0.452185171,0.452185171,0.539,0,-1,2018,-1
Ose,Owan East,0.306837057,0.306837057,0.539,0,-1,2018,-1
Oshimili North,Uzo-Uwani,0.462211734,0.462211734,0.539,0,-1,2018,-1
Oshimili South,Uzo-Uwani,0.462211734,0.462211734,0.539,0,-1,2018,-1
Oshodi-Isolo,Uzo-Uwani,0.275,0.275,0.539,0,-1,2018,-1
Osisioma Ngwa,Ngor-Okpala,0.311710743,0.311710743,0.539,0,-1,2018,-1
Osogbo,Owan East,0.55,0.55,0.539,0,-1,2018,-1
Oturkpo,Owan East,0.306837057,0.306837057,0.539,0,-1,2018,-1
Ovia North East,Owan East,0.306837057,0.306837057,0.539,0,-1,2018,-1
Ovia South West,Akinyele,0.157142857,0.157142857,0.539,0,-1,2018,-1
Owan East,Owan East,0.22,0.22,0.539,0,-1,2018,-1
Owan West,Owan East,0.306837057,0.306837057,0.539,0,-1,2018,-1
Owerri North,Ngor-Okpala,0.311710743,0.311710743,0.539,0,-1,2018,-1
Owerri West,Ngor-Okpala,0.311710743,0.311710743,0.539,0,-1,2018,-1
Owerri-Municipal,Oru West,0.452185171,0.452185171,0.539,0,-1,2018,-1
Owo,Owan East,0.160183733,0.160183733,0.539,0,-1,2018,-1
Oye,Oke-Ero,0.271523548,0.271523548,0.539,0,-1,2018,-1
Oyi,Uzo-Uwani,0.862069,0.862069,0.539,0,-1,2018,-1
Oyigbo,Nsit Ubium,0.55,0.55,0.539,0,-1,2018,-1
Oyo East,Akinyele,0.170418859,0.170418859,0.539,0,-1,2018,-1
Oyo West,Akinyele,0.170418859,0.170418859,0.539,0,-1,2018,-1
Oyun,Oke-Ero,0.564957159,0.564957159,0.539,0,-1,2018,-1
Pailoro,Oke-Ero,0.231269733,0.231269733,0.539,0,-1,2018,-1
Pankshin,Alkaleri,0.366666666,0.366666666,0.539,0,-1,2018,-1
Patani,Isoko South,0.133755864,0.133755864,0.539,0,-1,2018,-1
Pategi,Oke-Ero,0.271523548,0.271523548,0.539,0,-1,2018,-1
Port-Harcourt,Ahoada West,0.337383187,0.337383187,0.539,0,-1,2018,-1
Potiskum,Darazo,0.015378438,0.015378438,0.539,0,-1,2018,-1
Qua'an Pan,Keana,0.13780759,0.13780759,0.539,0,-1,2018,-1
Rabah,Gawabawa,0.366666666,0.366666666,0.539,0,-1,2018,-1
Rafi,Oke-Ero,0.54606672,0.54606672,0.539,0,-1,2018,-1
Rano,Gwarzo,0.244444444,0.244444444,0.539,0,-1,2018,-1
Remo North,Owan East,0.306837057,0.306837057,0.539,0,-1,2018,-1
Rijau,Alkaleri,0.99,0.99,0.539,0,-1,2018,-1
Rimi,Rimi,0.230995129,0.230995129,0.539,0,-1,2018,-1
Rimin Gado,Gwarzo,0.189389802,0.189389802,0.539,0,-1,2018,-1
Ringim,Taura,0.366666666,0.366666666,0.539,0,-1,2018,-1
Riyom,Soba,0.022544159,0.022544159,0.539,0,-1,2018,-1
Rogo,Gwarzo,0.366666666,0.366666666,0.539,0,-1,2018,-1
Roni,Babura,0.384205095,0.384205095,0.539,0,-1,2018,-1
Sabon Birni,Gawabawa,0.136253745,0.136253745,0.539,0,-1,2018,-1
Sabon-Gari,Soba,0.060152474,0.060152474,0.539,0,-1,2018,-1
Sabuwa,Giwa,0.55,0.55,0.539,0,-1,2018,-1
Safana,Babura,0.488888888,0.488888888,0.539,0,-1,2018,-1
Sagbama,Ahoada West,0.460607382,0.460607382,0.539,0,-1,2018,-1
Sakaba,Alkaleri,0.257540308,0.257540308,0.539,0,-1,2018,-1
Saki East,Oke-Ero,0.271523548,0.271523548,0.539,0,-1,2018,-1
Saki West,Akinyele,0.170418859,0.170418859,0.539,0,-1,2018,-1
Sandamu,Rimi,0.230995129,0.230995129,0.539,0,-1,2018,-1
Sanga,Soba,0.022544159,0.022544159,0.539,0,-1,2018,-1
Sapele,Isoko South,0.133755864,0.133755864,0.539,0,-1,2018,-1
Sardauna,Oru West,0.227220534,0.227220534,0.539,0,-1,2018,-1
Shagamu,Uzo-Uwani,0.499442962,0.499442962,0.539,0,-1,2018,-1
Shagari,Birnin Kebbi,0.165,0.165,0.539,0,-1,2018,-1
Shanga,Birnin Kebbi,0.942857143,0.942857143,0.539,0,-1,2018,-1
Shani,Alkaleri,0.257540308,0.257540308,0.539,0,-1,2018,-1
Shanono,Gwarzo,0.189389802,0.189389802,0.539,0,-1,2018,-1
Shelleng,Darazo,0.374206742,0.374206742,0.539,0,-1,2018,-1
Shendam,Keana,0.151964458,0.151964458,0.539,0,-1,2018,-1
Shinkafi,Rimi,0.230995129,0.230995129,0.539,0,-1,2018,-1
Shira,Takali,0.227027027,0.227027027,0.539,0,-1,2018,-1
Shiroro,Oke-Ero,0.469045518,0.469045518,0.539,0,-1,2018,-1
Shomgom,Alkaleri,0.155545272,0.155545272,0.539,0,-1,2018,-1
Shomolu,Isoko South,0.133755864,0.133755864,0.539,0,-1,2018,-1
Silame,Gawabawa,0.091666666,0.091666666,0.539,0,-1,2018,-1
Soba,Soba,0.022544159,0.022544159,0.539,0,-1,2018,-1
Sokoto North,Gawabawa,0.183333334,0.183333334,0.539,0,-1,2018,-1
Sokoto South,Birnin Kebbi,0.464481248,0.464481248,0.539,0,-1,2018,-1
Song,Darazo,0.336285715,0.336285715,0.539,0,-1,2018,-1
Southern Ijaw,Ahoada West,0.271107599,0.271107599,0.539,0,-1,2018,-1
Suleja,Babura,0.405263158,0.405263158,0.539,0,-1,2018,-1
Sule-Tankarkar,Giwa,0.356236309,0.356236309,0.539,0,-1,2018,-1
Sumaila,Takali,0.6875,0.6875,0.539,0,-1,2018,-1
Suru,Birnin Kebbi,0.586666666,0.586666666,0.539,0,-1,2018,-1
Surulere1,Oke-Ero,0.271523548,0.271523548,0.539,0,-1,2018,-1
Surulere2,Oke-Ero,0.271523548,0.271523548,0.539,0,-1,2018,-1
Tafa,Oke-Ero,0.55,0.55,0.539,0,-1,2018,-1
Tafawa-Balewa,Alkaleri,0.254327697,0.254327697,0.539,0,-1,2018,-1
Tai,Nsit Ubium,0.085762728,0.085762728,0.539,0,-1,2018,-1
Takali,Takali,0.295061478,0.295061478,0.539,0,-1,2018,-1
Takum,Keana,0.166506437,0.166506437,0.539,0,-1,2018,-1
Talata Mafara,Darazo,0.125808184,0.125808184,0.539,0,-1,2018,-1
Tambuwal,Birnin Kebbi,0.076224256,0.076224256,0.539,0,-1,2018,-1
Tangaza,Gawabawa,0.117294588,0.117294588,0.539,0,-1,2018,-1
Tarauni,Alkaleri,0.892126,0.892126,0.539,0,-1,2018,-1
Tarka,Keana,0.194905934,0.194905934,0.539,0,-1,2018,-1
Tarmua,Rimi,0.230995129,0.230995129,0.539,0,-1,2018,-1
Taura,Taura,0.452941177,0.452941177,0.539,0,-1,2018,-1
Tofa,Taura,0.253846154,0.253846154,0.539,0,-1,2018,-1
Toro,Giwa,0.225079589,0.225079589,0.539,0,-1,2018,-1
Toto,Keana,0.194905934,0.194905934,0.539,0,-1,2018,-1
Toungo,Keana,0.078571428,0.078571428,0.539,0,-1,2018,-1
Tsafe,Takali,0.037566088,0.037566088,0.539,0,-1,2018,-1
Tsanyawa,Gwarzo,0.189389802,0.189389802,0.539,0,-1,2018,-1
Tudun Wada,Gwarzo,0.096697627,0.096697627,0.539,0,-1,2018,-1
Tureta,Birnin Kebbi,0.11649885,0.11649885,0.539,0,-1,2018,-1
Udenu,Uzo-Uwani,0.760822395,0.760822395,0.539,0,-1,2018,-1
Udi,Uzo-Uwani,0.462211734,0.462211734,0.539,0,-1,2018,-1
Udu,Isoko South,0.133755864,0.133755864,0.539,0,-1,2018,-1
Udung Uko,Nsit Ubium,0.327500537,0.327500537,0.539,0,-1,2018,-1
Ughelli North,Isoko South,0.133755864,0.133755864,0.539,0,-1,2018,-1
Ughelli South,Isoko South,0.133755864,0.133755864,0.539,0,-1,2018,-1
Ugwunagbo,Ngor-Okpala,0.311710743,0.311710743,0.539,0,-1,2018,-1
Uhunmwonde,Owan East,0.306837057,0.306837057,0.539,0,-1,2018,-1
Ukanafun,Nsit Ubium,0.44,0.44,0.539,0,-1,2018,-1
Ukum,Keana,0.194905934,0.194905934,0.539,0,-1,2018,-1
Ukwa East,Nsit Ubium,0.327500537,0.327500537,0.539,0,-1,2018,-1
Ukwa West,Nsit Ubium,0.327500537,0.327500537,0.539,0,-1,2018,-1
Ukwuani,Uzo-Uwani,0.462211734,0.462211734,0.539,0,-1,2018,-1
Umuahia North,Oru West,0.705021845,0.705021845,0.539,0,-1,2018,-1
Umuahia South,Ngor-Okpala,0.55,0.55,0.539,0,-1,2018,-1
Umu-Neochi,Ngor-Okpala,0.311710743,0.311710743,0.539,0,-1,2018,-1
Ungogo,Taura,0.393191443,0.393191443,0.539,0,-1,2018,-1
Unuimo,Ngor-Okpala,0.311710743,0.311710743,0.539,0,-1,2018,-1
Uruan,Nsit Ubium,0.758447528,0.758447528,0.539,0,-1,2018,-1
Urue-Offong-Oruko,Nsit Ubium,0.44,0.44,0.539,0,-1,2018,-1
Ushongo,Oke-Ero,0.271523548,0.271523548,0.539,0,-1,2018,-1
Ussa,Oru West,0.275,0.275,0.539,0,-1,2018,-1
Uvwie,Isoko South,0.133755864,0.133755864,0.539,0,-1,2018,-1
Uyo,Nsit Ubium,0.434769838,0.434769838,0.539,0,-1,2018,-1
Uzo-Uwani,Uzo-Uwani,0.237831574,0.237831574,0.539,0,-1,2018,-1
Vandeikya,Oke-Ero,0.139372394,0.139372394,0.539,0,-1,2018,-1
Wamako,Gawabawa,0.117294588,0.117294588,0.539,0,-1,2018,-1
Wamba,Alkaleri,0.257540308,0.257540308,0.539,0,-1,2018,-1
Warawa,Gwarzo,0.057894737,0.057894737,0.539,0,-1,2018,-1
Warji,Takali,0.169230769,0.169230769,0.539,0,-1,2018,-1
Warri North,Owan East,0.306837057,0.306837057,0.539,0,-1,2018,-1
Warri South,Isoko South,0.133755864,0.133755864,0.539,0,-1,2018,-1
Warri South West,Isoko South,0.133755864,0.133755864,0.539,0,-1,2018,-1
Wasagu-Danko,Alkaleri,0.471428572,0.471428572,0.539,0,-1,2018,-1
Wase,Alkaleri,0.051162772,0.051162772,0.539,0,-1,2018,-1
Wudil,Gwarzo,0.135843074,0.135843074,0.539,0,-1,2018,-1
Wukari,Keana,0.254513927,0.254513927,0.539,0,-1,2018,-1
Wurno,Gawabawa,0.064940395,0.064940395,0.539,0,-1,2018,-1
Wushishi,Oke-Ero,0.271523548,0.271523548,0.539,0,-1,2018,-1
Yabo,Gawabawa,0.194117647,0.194117647,0.539,0,-1,2018,-1
Yagba East,Oke-Ero,0.271523548,0.271523548,0.539,0,-1,2018,-1
Yagba West,Oke-Ero,0.271523548,0.271523548,0.539,0,-1,2018,-1
Yakurr,Obubra,0.41693542,0.41693542,0.539,0,-1,2018,-1
Yala,Oke-Ero,0.322769954,0.322769954,0.539,0,-1,2018,-1
Yamaltu-Deba,Alkaleri,0.177984036,0.177984036,0.539,0,-1,2018,-1
Yankwashi,Babura,0.524049019,0.524049019,0.539,0,-1,2018,-1
Yauri,Birnin Kebbi,0.733073567,0.733073567,0.539,0,-1,2018,-1
Yenegoa,Isoko South,0.60167405,0.60167405,0.539,0,-1,2018,-1
Yola North,Alkaleri,0.163650302,0.163650302,0.539,0,-1,2018,-1
Yola South,Alkaleri,0.275,0.275,0.539,0,-1,2018,-1
Yorro,Alkaleri,0.118342055,0.118342055,0.539,0,-1,2018,-1
Yunusari,Babura,0.384205095,0.384205095,0.539,0,-1,2018,-1
Yusufari,Taura,0.192420845,0.192420845,0.539,0,-1,2018,-1
Zaki,Taura,0.321269851,0.321269851,0.539,0,-1,2018,-1
Zango,Babura,0.388235294,0.388235294,0.539,0,-1,2018,-1
Zango-Kataf,Soba,0.022544159,0.022544159,0.539,0,-1,2018,-1
Zaria,Soba,0.058865593,0.058865593,0.539,0,-1,2018,-1
Zing,Alkaleri,0.257540308,0.257540308,0.539,0,-1,2018,-1
Zurmi,Rimi,0.230995129,0.230995129,0.539,0,-1,2018,-1
Zuru,Alkaleri,0.257540308,0.257540308,0.539,0,-1,2018,-1
