LGA,pop,anc_total,preg_llin,coverage,kill_rate,block_initial,simday,duration,year
Aba North,147980.78,6209,65,0.0125628,0.393201897,0.53,0,-1,2018
Aba South,583525.12,19333,62,0.0038484,0.38693958,0.53,0,-1,2018
Abadam,149633.04,0,0,0,0.643492642,0.53,0,-1,2018
Abaji,169895.5,10152,38,0.0044916,0.520406247,0.53,0,-1,2018
Abak,207750.64,7440,1541,0.2485488,0.425644469,0.53,0,-1,2018
Abakaliki,211333.72,32825,4466,0.163266,0.473491294,0.53,0,-1,2018
Abeokuta North,297242.01,20448,1464,0.0859152,0.483229857,0.53,0,-1,2018
Abeokuta South,369510.29,50876,4173,0.0984276,0.494533241,0.53,0,-1,2018
Abi,204060.55,8731,2665,0.3662808,0.46000802,0.53,0,-1,2018
Aboh-Mbaise,285522.71,8026,954,0.1426368,0.432717137,0.53,0,-1,2018
Abua-Odual,422682.71,3613,2041,0.677886,0.341818833,0.53,0,-1,2018
Abuja Municipal,660512.21,146706,2776,0.0227064,0.538963989,0.53,0,-1,2018
Adavi,288280.3,10835,1488,0.1647996,0.384675567,0.53,0,-1,2018
Ado,255042.96,5086,1413,0.3333852,0.425122422,0.53,0,-1,2018
Ado Ekiti,445173.66,21680,1984,0.1098156,0.424809523,0.53,0,-1,2018
Ado-Odo-Ota,777420.25,74744,3503,0.0562404,0.46396913,0.53,0,-1,2018
Afijio,200406.4,8928,1485,0.1995972,0.510953009,0.53,0,-1,2018
Afikpo North,218142.17,18306,2601,0.170502,0.482537052,0.53,0,-1,2018
Afikpo South,218784.3,6604,2026,0.3681408,0.497764649,0.53,0,-1,2018
Agaie,198515.45,14721,6767,0.5516196,0.514957552,0.53,0,-1,2018
Agatu,164712.45,7701,2325,0.3622908,0.492360644,0.53,0,-1,2018
Agege,671207.2,65624,652,0.011922,0.49666464,0.53,0,-1,2018
Aguata,515609.54,8916,1080,0.1453572,0.503044714,0.53,0,-1,2018
Agwara,85754.458,10358,3976,0.4606296,0.548162892,0.53,0,-1,2018
Ahiazu-Mbaise,249404.06,6877,732,0.1277304,0.500049325,0.53,0,-1,2018
Ahoada East,249060.29,3846,190,0.0592824,0.307284555,0.53,0,-1,2018
Ahoada West,372551.61,3623,1574,0.5213364,0.30780961,0.53,0,-1,2018
Aiyedade,219473,7524,1559,0.2486448,0.460915111,0.53,0,-1,2018
Aiyedire,110685.07,3845,1148,0.358284,0.492615926,0.53,0,-1,2018
Ajaokuta,174400.5,7664,1284,0.2010444,0.394962504,0.53,0,-1,2018
Ajeromi-Ifelodun,998341.52,60065,1928,0.0385188,0.493901179,0.53,0,-1,2018
Ajingi,257095.76,27176,5163,0.2279808,0.699793659,0.53,0,-1,2018
Akamkpa,212971.17,8644,3376,0.468672,0.518082922,0.53,0,-1,2018
Akinyele,315694.64,28854,2295,0.0954456,0.421435221,0.53,0,-1,2018
Akko,493042.26,59005,5460,0.111042,0.484262319,0.53,0,-1,2018
Akoko North East,250091.29,15673,2797,0.214152,0.415864752,0.53,0,-1,2018
Akoko North West,304816.27,7953,2466,0.3720864,0.391306023,0.53,0,-1,2018
Akoko South East,117519.77,4449,1609,0.4339848,0.416261699,0.53,0,-1,2018
Akoko South West,327192.16,20126,4045,0.2411808,0.402871779,0.53,0,-1,2018
Akoko-Edo,360851.83,10320,1751,0.2036052,0.381512482,0.53,0,-1,2018
Akpabuyo,382460.28,6770,2912,0.5161596,0.473654536,0.53,0,-1,2018
Akuku Toru,233017.09,754,321,0.5108748,0.383835506,0.53,0,-1,2018
Akure North,187611.6,18727,3491,0.223698,0.408011613,0.53,0,-1,2018
Akure South,503594.43,73995,3489,0.0565824,0.377201065,0.53,0,-1,2018
Akwanga,161724.06,20757,1008,0.0582744,0.545084849,0.53,0,-1,2018
Albasu,280741.77,21509,4972,0.2773908,0.70899614,0.53,0,-1,2018
Aleiro,95163.458,9822,1000,0.1221744,0.6684684,0.53,0,-1,2018
Alimosho,1864618.6,144151,3281,0.0273132,0.485561977,0.53,0,-1,2018
Alkaleri,492041.46,62781,5920,0.1131552,0.588317246,0.53,0,-1,2018
Amuwo-Odofin,464312.24,43673,754,0.020718,0.471534679,0.53,0,-1,2018
Anambra East,213573.49,8604,2381,0.3320784,0.439848897,0.53,0,-1,2018
Anambra West,233192.37,7367,2201,0.358518,0.453035277,0.53,0,-1,2018
Anaocha,396976.94,10268,1671,0.1952868,0.476153753,0.53,0,-1,2018
Andoni,315171.87,969,81,0.1003092,0.28881499,0.53,0,-1,2018
Aninri,190657.02,1608,0,0,0.484335586,0.53,0,-1,2018
Aniocha North,152808.91,4226,962,0.2731656,0.434693912,0.53,0,-1,2018
Aniocha South,205188.99,6121,553,0.108414,0.387055583,0.53,0,-1,2018
Anka,207634.84,14126,4418,0.3753084,0.663563431,0.53,0,-1,2018
Ankpa,381181.45,32229,456,0.0169788,0.445447774,0.53,0,-1,2018
Apa,137963.75,2805,1089,0.465882,0.490137805,0.53,0,-1,2018
Apapa,317204.97,11999,792,0.0792072,0.511279973,0.53,0,-1,2018
Ardo-Kola,122492.42,22293,2154,0.1159464,0.464913317,0.53,0,-1,2018
Arewa-Dandi,265456.04,9694,979,0.121188,0.683834101,0.53,0,-1,2018
Argungu,281977.98,40640,2567,0.0757968,0.689763899,0.53,0,-1,2018
Arochukwu,234325.84,3642,208,0.0685332,0.485441926,0.53,0,-1,2018
Asa,180266.08,4026,1136,0.3385992,0.372563685,0.53,0,-1,2018
Asari-Toru,328750.56,1374,103,0.0899568,0.322109151,0.53,0,-1,2018
Askira-Uba,206258.49,25953,3705,0.1713096,0.647762427,0.53,0,-1,2018
Atakumosa East,111197.3,3027,827,0.3278496,0.490877048,0.53,0,-1,2018
Atakumosa West,100173.45,3953,1155,0.3506196,0.493158675,0.53,0,-1,2018
Atiba,253474,13257,1379,0.1248252,0.446329501,0.53,0,-1,2018
Atigbo,165483.56,15720,1806,0.137862,0.484593946,0.53,0,-1,2018
Augie,169181.89,11581,1194,0.12372,0.688770794,0.53,0,-1,2018
Auyo,186020.89,16686,5260,0.3782808,0.65332251,0.53,0,-1,2018
Awe,160503.61,18378,518,0.0338232,0.584430432,0.53,0,-1,2018
Awgu,282491.71,431,23,0.0640368,0.482762456,0.53,0,-1,2018
Awka North,156850.76,7478,1607,0.2578764,0.450124783,0.53,0,-1,2018
Awka South,263324.8,21772,2652,0.1461696,0.485419293,0.53,0,-1,2018
Ayamelum,220647.99,4775,1161,0.2917692,0.489171465,0.53,0,-1,2018
Babura,293263.94,56690,9802,0.207486,0.691880002,0.53,0,-1,2018
Badagry,351836.56,39132,1250,0.0383316,0.48109727,0.53,0,-1,2018
Bade,211220.2,25582,1967,0.092268,0.673687029,0.53,0,-1,2018
Bagudo,343041.67,15801,2513,0.1908492,0.570435833,0.53,0,-1,2018
Bagwai,240427.21,30286,5136,0.2034996,0.712788613,0.53,0,-1,2018
Bakassi,45638.189,6042,2651,0.5265144,0.352578982,0.53,0,-1,2018
Bakori,212967.33,38181,6231,0.1958352,0.649992258,0.53,0,-1,2018
Bakura,272757.87,22252,4134,0.2229372,0.681339741,0.53,0,-1,2018
Balanga,310181.17,41317,3441,0.0999396,0.623897182,0.53,0,-1,2018
Bali,294439.24,9715,2170,0.2680392,0.541470027,0.53,0,-1,2018
Bama,403262.38,818,68,0.099756,0.669778823,0.53,0,-1,2018
Barikin Ladi,241293.42,12097,745,0.0739032,0.489453402,0.53,0,-1,2018
Baruten,298638.45,5192,1570,0.3628656,0.417009995,0.53,0,-1,2018
Bassa1,199596.54,3248,238,0.0879312,0.464886674,0.53,0,-1,2018
Bassa2,257252.35,15722,1169,0.0892248,0.517430069,0.53,0,-1,2018
Batagarawa,263159.82,32210,3459,0.1288668,0.646174875,0.53,0,-1,2018
Batsari,297952.66,14540,2840,0.2343876,0.664209538,0.53,0,-1,2018
Bauchi,737575.27,111222,13027,0.1405512,0.624866967,0.53,0,-1,2018
Baure,281480.84,34201,2596,0.0910848,0.664606296,0.53,0,-1,2018
Bayo,117964.84,15640,3077,0.2360868,0.588279066,0.53,0,-1,2018
Bebeji,278831.31,36998,4317,0.1400184,0.721458816,0.53,0,-1,2018
Bekwara,149128.44,8181,2705,0.3967728,0.4460788,0.53,0,-1,2018
Bende,264482.87,5722,429,0.0899688,0.501154968,0.53,0,-1,2018
Biase,238419.2,9270,4046,0.5237544,0.476715539,0.53,0,-1,2018
Bichi,409108.8,54679,10017,0.2198352,0.698007406,0.53,0,-1,2018
Bida,281075.01,22148,4390,0.2378544,0.422188464,0.53,0,-1,2018
Billiri,294996.74,23232,3803,0.1964364,0.305232023,0.53,0,-1,2018
Bindawa,217223.23,17699,3009,0.204012,0.679287322,0.53,0,-1,2018
Binji,149743.39,6944,221,0.0381912,0.721642545,0.53,0,-1,2018
Biriniwa,441617.29,18675,3574,0.2296548,0.662953681,0.53,0,-1,2018
Birni Kudu,200575.51,84202,17656,0.2516232,0.710618621,0.53,0,-1,2018
Birnin Kebbi,387185.3,47533,4099,0.103482,0.688032578,0.53,0,-1,2018
Birnin Magaji,260665.78,15066,3958,0.3152532,0.708478232,0.53,0,-1,2018
Birnin-Gwari,359809.29,51925,13694,0.3164724,0.598687691,0.53,0,-1,2018
Biu,262988.5,66010,14503,0.2636508,0.630783932,0.53,0,-1,2018
Bodinga,250087.01,10335,308,0.0357624,0.727651305,0.53,0,-1,2018
Bogoro,125787.05,13301,3318,0.299346,0.594258836,0.53,0,-1,2018
Boki,262176.14,10207,4051,0.4762608,0.487034109,0.53,0,-1,2018
Bokkos,245681.02,3661,545,0.1786392,0.5419051,0.53,0,-1,2018
Boluwaduro,103284.76,1639,499,0.3653448,0.377867037,0.53,0,-1,2018
Bomadi,126443.02,5869,693,0.1416936,0.29598519,0.53,0,-1,2018
Bonny,321667.72,3079,88,0.0342972,0.310050826,0.53,0,-1,2018
Borgu,256854.12,28130,8548,0.36465,0.406785099,0.53,0,-1,2018
Boripe,203078.78,5560,1212,0.2615832,0.422477334,0.53,0,-1,2018
Bosso,220101.57,28596,7038,0.2953416,0.500669413,0.53,0,-1,2018
Brass,260778.17,5271,207,0.0471252,0.352505409,0.53,0,-1,2018
Buji,137218.96,23604,5175,0.2630916,0.694143703,0.53,0,-1,2018
Bukkuyum,308844.42,14243,2907,0.24492,0.665017493,0.53,0,-1,2018
Bungudu,376388.49,45684,10393,0.2729976,0.706022165,0.53,0,-1,2018
Bunkure,252303.37,31242,6238,0.2396004,0.698564959,0.53,0,-1,2018
Bunza,175202.72,12810,1456,0.1363932,0.650932828,0.53,0,-1,2018
Bursari,164893.86,10932,2294,0.2518116,0.663861803,0.53,0,-1,2018
Buruku,290457.43,5077,1669,0.3944844,0.440865552,0.53,0,-1,2018
Burutu,305973.9,3405,792,0.2791188,0.305581011,0.53,0,-1,2018
Bwari,458634.13,69461,3086,0.0533136,0.580366866,0.53,0,-1,2018
Calabar South,270052.37,18561,6540,0.4228224,0.4935513,0.53,0,-1,2018
Calabar-Municipal,252806.11,21492,4723,0.2637072,0.509382696,0.53,0,-1,2018
Chanchaga,300862.78,85406,14529,0.2041404,0.454714405,0.53,0,-1,2018
Charanchi,196203.23,10268,2153,0.2516172,0.684701159,0.53,0,-1,2018
Chibok,98587.828,12117,3068,0.3038376,0.639928775,0.53,0,-1,2018
Chikun,525036.45,62157,7060,0.1362996,0.59294545,0.53,0,-1,2018
Dala,618282.11,58157,9597,0.1980228,0.59673093,0.53,0,-1,2018
Damaturu,132995.2,23410,5107,0.261786,0.672754775,0.53,0,-1,2018
Damban,225423.41,25021,2419,0.1160148,0.714922519,0.53,0,-1,2018
Dambatta,307043.83,50621,11189,0.265242,0.689430592,0.53,0,-1,2018
Damboa,345887.12,22257,1972,0.1063212,0.663306114,0.53,0,-1,2018
Dan Musa,162096.18,18326,3591,0.2351412,0.7165261,0.53,0,-1,2018
Dandi,208108.13,22721,1679,0.0886752,0.629837503,0.53,0,-1,2018
Dandume,207788.97,53405,3675,0.0825768,0.523452319,0.53,0,-1,2018
Dange-Shnsi,277376.08,18000,1048,0.0698664,0.701316559,0.53,0,-1,2018
Danja,179222.42,36358,2385,0.0787176,0.617933944,0.53,0,-1,2018
Darazo,375795.8,53601,3927,0.0879168,0.705476275,0.53,0,-1,2018
Dass,134342.63,31397,3417,0.1305984,0.512538393,0.53,0,-1,2018
Daura,313269.61,30794,6262,0.2440212,0.591670466,0.53,0,-1,2018
Dawakin Kudu,332764.18,42713,3750,0.105354,0.713383698,0.53,0,-1,2018
Dawakin Tofa,365962.5,41605,12353,0.3562932,0.710486296,0.53,0,-1,2018
Degema,373071.4,1454,394,0.3251724,0.365159834,0.53,0,-1,2018
Dekina,371142.67,15044,6414,0.5116188,0.436648124,0.53,0,-1,2018
Demsa,254016.65,33257,2644,0.0954024,0.534738199,0.53,0,-1,2018
Dikwa,158190.11,8115,3476,0.5140116,0.675465,0.53,0,-1,2018
Doguwa,223174.01,40994,6526,0.1910328,0.664793709,0.53,0,-1,2018
Doma,199046.2,25152,1753,0.0836352,0.451927322,0.53,0,-1,2018
Donga,188994.38,5866,1610,0.3293556,0.503065731,0.53,0,-1,2018
Dukku,302360.57,29690,4514,0.1824456,0.652305857,0.53,0,-1,2018
Dunukofia,134249.7,5242,1786,0.408852,0.477122595,0.53,0,-1,2018
Dutse,346874.19,79653,13859,0.2087904,0.707234774,0.53,0,-1,2018
Dutsi,171124.1,21613,2967,0.1647336,0.622255799,0.53,0,-1,2018
Dutsin-Ma,241910.28,26725,3145,0.141216,0.681349048,0.53,0,-1,2018
Eastern Obolo,90429.557,1859,607,0.391824,0.281859788,0.53,0,-1,2018
Ebonyi,176670.21,31684,2202,0.0833988,0.483512158,0.53,0,-1,2018
Edati,239462.15,4326,2302,0.6385572,0.473631021,0.53,0,-1,2018
Ede North,122342.28,7925,1639,0.2481768,0.451417326,0.53,0,-1,2018
Ede South,110960.89,8673,1584,0.2191632,0.470033533,0.53,0,-1,2018
Edu,287246.62,5638,1686,0.3588504,0.409929917,0.53,0,-1,2018
Efon-Alayee,198994.66,1688,313,0.2225124,0.396790109,0.53,0,-1,2018
Egbado North,88452.564,17565,2533,0.1730484,0.386477465,0.53,0,-1,2018
Egbado South,374137.32,21469,1679,0.0938472,0.446407593,0.53,0,-1,2018
Egbeda,420569.21,28054,787,0.0336636,0.37639044,0.53,0,-1,2018
Egbedore,108625.94,6231,1071,0.2062596,0.487780896,0.53,0,-1,2018
Egor,467945.43,11431,1054,0.110646,0.477643111,0.53,0,-1,2018
Ehime-Mbano,191072.79,4145,663,0.1919424,0.507563152,0.53,0,-1,2018
Ejigbo,193568.26,8001,1810,0.2714664,0.48553143,0.53,0,-1,2018
Ekeremor,380856.57,7766,259,0.0400212,0.397208796,0.53,0,-1,2018
Eket,257738.35,17877,1132,0.0759864,0.328021397,0.53,0,-1,2018
Ekiti,78202.985,1084,255,0.282288,0.390814415,0.53,0,-1,2018
Ekiti East,238405.57,3296,642,0.2337384,0.412351259,0.53,0,-1,2018
Ekiti South West,259487.14,4353,687,0.1893864,0.487961894,0.53,0,-1,2018
Ekiti West,135423.98,3551,262,0.0885384,0.404541983,0.53,0,-1,2018
Ekwusigo,220398.66,5217,1066,0.2451984,0.341515837,0.53,0,-1,2018
Eleme,285112.33,9796,331,0.0405468,0.337309328,0.53,0,-1,2018
Emohua,301567.78,3568,588,0.1977576,0.334292623,0.53,0,-1,2018
Emure,213762.58,1964,546,0.3336048,0.436863758,0.53,0,-1,2018
Enugu East,397914.18,10468,908,0.1040892,0.453287726,0.53,0,-1,2018
Enugu North,349100.4,41977,1288,0.0368196,0.476529889,0.53,0,-1,2018
Enugu South,283331.48,13028,0,0,0.52292855,0.53,0,-1,2018
Epe,264737.34,19396,1149,0.0710868,0.461173792,0.53,0,-1,2018
Esan Central,164305.91,6230,1420,0.2735148,0.413280793,0.53,0,-1,2018
Esan North East,144982.28,7817,979,0.150288,0.409684078,0.53,0,-1,2018
Esan South East,230904.7,5968,912,0.183378,0.463795838,0.53,0,-1,2018
Esan West,173249.08,6926,372,0.0644532,0.432241487,0.53,0,-1,2018
Ese-Odo,220961.57,13914,2822,0.2433804,0.376721268,0.53,0,-1,2018
Esit Eket,95146.478,2514,683,0.3260148,0.346897657,0.53,0,-1,2018
Essien Udim,287776.98,1444,448,0.3722988,0.435041855,0.53,0,-1,2018
Etche,372594.93,4097,747,0.2187948,0.340210321,0.53,0,-1,2018
Ethiope East,293023.72,8895,935,0.126138,0.305480359,0.53,0,-1,2018
Ethiope West,297109.87,7272,1677,0.2767332,0.412296673,0.53,0,-1,2018
Etim Ekpo,157456.73,2055,1027,0.5997084,0.399175674,0.53,0,-1,2018
Etinan,252849.66,4917,775,0.1891392,0.35413511,0.53,0,-1,2018
Eti-Osa,419976.05,59084,1870,0.03798,0.515425093,0.53,0,-1,2018
Etsako Central,130203.2,4213,1042,0.296796,0.377689484,0.53,0,-1,2018
Etsako East,200995.48,6198,986,0.1909008,0.389711717,0.53,0,-1,2018
Etsako West,272052.08,7284,707,0.1164744,0.36946828,0.53,0,-1,2018
Etung,113015.29,6112,2967,0.5825256,0.515572062,0.53,0,-1,2018
Ewekoro,268447.8,13519,2378,0.2110812,0.528528126,0.53,0,-1,2018
Ezeagu,241977.29,48,0,0,0.472696867,0.53,0,-1,2018
Ezinihitte,241656.42,4096,388,0.1136724,0.505227255,0.53,0,-1,2018
Ezza North,202831.51,7273,1808,0.2983092,0.469710667,0.53,0,-1,2018
Ezza South,185540.15,10134,2068,0.2448792,0.451434864,0.53,0,-1,2018
Fagge,293549.54,83103,8367,0.1208184,0.586251328,0.53,0,-1,2018
Fakai,217838.97,11957,3159,0.3170364,0.601533253,0.53,0,-1,2018
Faskari,279499.04,32541,1611,0.0594084,0.672768838,0.53,0,-1,2018
Fika,206857.74,28988,2931,0.1213332,0.692121556,0.53,0,-1,2018
Fufore,292116.82,51833,6242,0.14451,0.629966874,0.53,0,-1,2018
Funakaye,344531.11,41276,5476,0.1592016,0.627807972,0.53,0,-1,2018
Fune,454469.01,41099,5665,0.1654056,0.692809524,0.53,0,-1,2018
Funtua,321610.31,59608,10426,0.2098908,0.538540771,0.53,0,-1,2018
Gabasawa,311601.47,30956,7279,0.282168,0.689822821,0.53,0,-1,2018
Gada,353969.38,9362,435,0.0557568,0.676355095,0.53,0,-1,2018
Gagarawa,113294.32,22787,4627,0.2436648,0.673924789,0.53,0,-1,2018
Gamawa,427761.09,32018,1853,0.0694488,0.698966685,0.53,0,-1,2018
Ganaye,231237.72,58546,6638,0.1360572,0.481907173,0.53,0,-1,2018
Ganjuwa,418918.73,29617,2618,0.106074,0.636975276,0.53,0,-1,2018
Garki,214532.6,36019,7623,0.2539656,0.685656303,0.53,0,-1,2018
Garko,239914.9,33592,3999,0.1428552,0.698176678,0.53,0,-1,2018
Garum Mallam,171991.67,26430,4218,0.1915092,0.733346686,0.53,0,-1,2018
Gashaka,123704.36,7788,1762,0.2714952,0.461519779,0.53,0,-1,2018
Gassol,373094.48,32557,3049,0.1123812,0.439278935,0.53,0,-1,2018
Gawabawa,329861.19,26584,843,0.0380532,0.714253917,0.53,0,-1,2018
Gaya,296779.9,36196,5448,0.1806168,0.695689515,0.53,0,-1,2018
Gbako,190388.55,7901,3485,0.5292996,0.470703464,0.53,0,-1,2018
Gboko,511756.91,4590,930,0.2431368,0.398561371,0.53,0,-1,2018
Gboyin,125408.97,3674,616,0.201198,0.36654315,0.53,0,-1,2018
Geidam,237683.54,12626,1406,0.1336296,0.693670268,0.53,0,-1,2018
Gezawa,416446.5,41599,6391,0.1843608,0.714118308,0.53,0,-1,2018
Giade,234455.46,20857,2211,0.1272096,0.680743195,0.53,0,-1,2018
Gireri,183193.96,40790,6248,0.18381,0.643299625,0.53,0,-1,2018
Giwa,408376.41,84000,19230,0.2747148,0.596484125,0.53,0,-1,2018
Gokana,341787.07,5170,835,0.1938108,0.375599012,0.53,0,-1,2018
Gombe,391103.01,108131,5188,0.0575748,0.536599101,0.53,0,-1,2018
Gombi,206353.38,28793,1960,0.0816864,0.54986676,0.53,0,-1,2018
Goronyo,259910.51,21859,124,0.0068076,0.67977715,0.53,0,-1,2018
Gubio,228195.61,1780,166,0.1119096,0.716543356,0.53,0,-1,2018
Gudu,136222.9,11715,206,0.0211008,0.71791011,0.53,0,-1,2018
Gujba,196571.9,33976,7675,0.271074,0.657759675,0.53,0,-1,2018
Gulani,156410.72,23852,4181,0.2103468,0.642489607,0.53,0,-1,2018
Guma,273174.36,2298,550,0.2872068,0.431083741,0.53,0,-1,2018
Gumel,151015.41,28369,7744,0.3275688,0.696620535,0.53,0,-1,2018
Gummi,298491.86,20377,4490,0.2644152,0.682376452,0.53,0,-1,2018
Gurara,135882.57,16712,7509,0.5391816,0.560704096,0.53,0,-1,2018
Guri,162087.79,25195,5273,0.2511456,0.647852757,0.53,0,-1,2018
Gusau,559163.48,80026,13077,0.1960908,0.68794435,0.53,0,-1,2018
Guyuk,250541.47,23234,3506,0.18108,0.58959986,0.53,0,-1,2018
Guzamala,142863.85,341,172,0.6052788,0.701881155,0.53,0,-1,2018
Gwagwalada,283043.86,26237,151,0.006906,0.578622846,0.53,0,-1,2018
Gwale,534543.69,64122,10885,0.203706,0.608574402,0.53,0,-1,2018
Gwandu,278902.66,12113,2362,0.2339964,0.704443878,0.53,0,-1,2018
Gwaram,384133.05,54540,8933,0.1965456,0.699039331,0.53,0,-1,2018
Gwarzo,271638.3,59257,8363,0.1693572,0.719876187,0.53,0,-1,2018
Gwer East,233321.49,6557,1933,0.3537588,0.43463817,0.53,0,-1,2018
Gwer West,174149.56,7501,1832,0.2930808,0.478971197,0.53,0,-1,2018
Gwiwa,175474.15,30984,4803,0.186018,0.648829951,0.53,0,-1,2018
Gwoza,412711.16,1400,1346,1,0.655002722,0.53,0,-1,2018
Hadejia,148855.04,41558,4742,0.1369272,0.630488544,0.53,0,-1,2018
Hawul,179706.02,17095,4531,0.3180576,0.625521494,0.53,0,-1,2018
Hong,238338.87,31262,3858,0.1480908,0.629555395,0.53,0,-1,2018
Ibadan North,493497.76,46860,5041,0.1290912,0.385220242,0.53,0,-1,2018
Ibadan North East,458241.84,37451,2394,0.0767088,0.373170294,0.53,0,-1,2018
Ibadan North West,228279.25,24666,1869,0.0909264,0.390908593,0.53,0,-1,2018
Ibadan South East,397377.43,34074,2994,0.1054416,0.354331864,0.53,0,-1,2018
Ibadan South West,422080.77,38910,2023,0.0623904,0.390146775,0.53,0,-1,2018
Ibaji,182681.32,7317,925,0.1517016,0.406770517,0.53,0,-1,2018
Ibarapa Central,153813.74,11644,1913,0.1971492,0.444353906,0.53,0,-1,2018
Ibarapa East,176587.3,17743,1011,0.068376,0.413265999,0.53,0,-1,2018
Ibarapa North,150995.24,5710,1858,0.3904728,0.434775142,0.53,0,-1,2018
Ibeju-Lekki,171444.68,35295,2212,0.0752064,0.484293743,0.53,0,-1,2018
Ibeno,112590.72,5957,1260,0.2538192,0.353239894,0.53,0,-1,2018
Ibesikpo Asutan,204779.79,6105,2056,0.4041276,0.430871605,0.53,0,-1,2018
Ibi,118452.13,7296,551,0.0906252,0.477905881,0.53,0,-1,2018
Ibiono Ibom,283254.23,5078,1092,0.258054,0.446021174,0.53,0,-1,2018
Idah,113797.11,10291,1299,0.1514724,0.445061456,0.53,0,-1,2018
Idanre,183957.37,13344,3355,0.3017088,0.38691517,0.53,0,-1,2018
Ideato North,231168.15,2658,454,0.204966,0.499135162,0.53,0,-1,2018
Ideato South,233317.76,1737,678,0.4683936,0.490817759,0.53,0,-1,2018
Idemili North,600034.1,21458,2344,0.1310844,0.478205882,0.53,0,-1,2018
Idemili South,289279.94,10044,2607,0.3114696,0.441250403,0.53,0,-1,2018
Ido,154234.95,15060,2033,0.1619916,0.418466109,0.53,0,-1,2018
Idosi-Osi,229515.69,5756,770,0.1605276,0.379754213,0.53,0,-1,2018
Ifako-Ijaye,624419.31,82622,1525,0.0221496,0.45214207,0.53,0,-1,2018
Ife Central,244080.39,10135,2172,0.2571684,0.495002812,0.53,0,-1,2018
Ife East,274482.81,16264,2625,0.1936788,0.503641962,0.53,0,-1,2018
Ife North,224291.74,8530,1634,0.2298708,0.473764721,0.53,0,-1,2018
Ife South,197504.1,6327,1504,0.2852532,0.46466042,0.53,0,-1,2018
Ifedayo,54080.207,1791,523,0.3504192,0.354121438,0.53,0,-1,2018
Ifedore,251400.14,8555,2207,0.3095736,0.438179998,0.53,0,-1,2018
Ifelodun1,293766.62,4548,1391,0.3670188,0.425290104,0.53,0,-1,2018
Ifelodun2,141188.19,7374,1120,0.182262,0.4599798,0.53,0,-1,2018
Ifo,249290.04,45927,2211,0.0577704,0.484704494,0.53,0,-1,2018
Igabi,613403.68,74586,11816,0.1901052,0.561783675,0.53,0,-1,2018
Igalamela-Odolu,211041.13,8281,1999,0.2896752,0.414321376,0.53,0,-1,2018
Igbo-Etiti,298337.61,1556,196,0.1511568,0.44612671,0.53,0,-1,2018
Igbo-Eze North,369886.57,2190,144,0.0789036,0.404119407,0.53,0,-1,2018
Igbo-Eze South,210054.5,3213,153,0.0571428,0.428315236,0.53,0,-1,2018
Igueben,95873.338,3000,631,0.2523996,0.472108841,0.53,0,-1,2018
Ihiala,420873.39,7258,1603,0.265032,0.297729955,0.53,0,-1,2018
Ihitte-Uboma,176206.5,3897,709,0.218322,0.516367403,0.53,0,-1,2018
Ijebu East,81432.285,5558,1218,0.2629728,0.481021987,0.53,0,-1,2018
Ijebu North,162693.31,12363,910,0.0883284,0.384607157,0.53,0,-1,2018
Ijebu North East,774869.03,5408,678,0.150444,0.457008243,0.53,0,-1,2018
Ijebu ode,419793.5,27239,731,0.0322044,0.435840096,0.53,0,-1,2018
Ijero,319368.01,5749,771,0.160932,0.348459432,0.53,0,-1,2018
Ijumu,170990.08,6542,2011,0.3688776,0.387970309,0.53,0,-1,2018
Ika,108944.74,2017,1442,0.8579076,0.36230356,0.53,0,-1,2018
Ika North East,268017.93,20096,1497,0.0893904,0.450121249,0.53,0,-1,2018
Ika South,237279.86,4705,698,0.1780236,0.436316512,0.53,0,-1,2018
Ikara,276492.11,60641,11717,0.2318628,0.693400299,0.53,0,-1,2018
Ikeduru,217902.75,5725,695,0.1456764,0.461899584,0.53,0,-1,2018
Ikeja,457059.33,57483,1538,0.0321072,0.524146789,0.53,0,-1,2018
Ikenne,99854.797,14031,1250,0.1069056,0.445601554,0.53,0,-1,2018
Ikere,212553.79,7471,587,0.094284,0.50525877,0.53,0,-1,2018
Ikole,198991.78,6186,706,0.1369548,0.394638898,0.53,0,-1,2018
Ikom,228836.37,24282,6550,0.3236964,0.51620494,0.53,0,-1,2018
Ikono,197017.33,5789,1119,0.2319576,0.419053252,0.53,0,-1,2018
Ikorodu,781650.02,99644,3096,0.0372852,0.509105403,0.53,0,-1,2018
Ikot Abasi,197195.07,4756,939,0.236922,0.293529351,0.53,0,-1,2018
Ikot Ekpene,213705.79,20775,1725,0.0996384,0.424084125,0.53,0,-1,2018
Ikpoba-Okha,510908.7,4486,373,0.0997776,0.396692086,0.53,0,-1,2018
Ikwerre,283382.69,7109,920,0.1552956,0.332764989,0.53,0,-1,2018
Ikwo,298920.15,27476,5451,0.2380692,0.45892996,0.53,0,-1,2018
Ikwuano,189977.59,2211,501,0.2719128,0.51532143,0.53,0,-1,2018
Ila,90550.563,4580,1385,0.3628824,0.401944026,0.53,0,-1,2018
Ilaje,414347.5,25728,6255,0.291744,0.373390349,0.53,0,-1,2018
Ilemeji,62848.012,1990,351,0.2116584,0.384421328,0.53,0,-1,2018
Ile-Oluji-Okeigbo,246471.28,14441,3012,0.2502876,0.446996131,0.53,0,-1,2018
Ilesha East,155545.17,4881,648,0.159312,0.460387401,0.53,0,-1,2018
Ilesha West,151121.91,8401,2179,0.3112488,0.44951503,0.53,0,-1,2018
Illela,214561.33,23026,350,0.01824,0.704570579,0.53,0,-1,2018
Ilorin East,291297.21,7782,968,0.149268,0.419388367,0.53,0,-1,2018
Ilorin South,297543.47,7467,412,0.0662112,0.391328258,0.53,0,-1,2018
Ilorin West,520354.25,32685,1822,0.0668928,0.378056657,0.53,0,-1,2018
Imeko-Afon,227412.75,8349,882,0.1267692,0.435344578,0.53,0,-1,2018
Ingawa,242027.19,19689,3051,0.185952,0.65900205,0.53,0,-1,2018
Ini,148163.29,3058,1681,0.6596472,0.45642023,0.53,0,-1,2018
Ipokia,175300.28,21679,2306,0.127644,0.44665789,0.53,0,-1,2018
Irele,206972,17009,3440,0.2426952,0.454716042,0.53,0,-1,2018
Irepo,183050.29,9524,1713,0.2158332,0.461353198,0.53,0,-1,2018
Irepodun1,211882.33,3709,462,0.1494744,0.525086856,0.53,0,-1,2018
Irepodun2,174386.7,6880,1508,0.2630232,0.38908676,0.53,0,-1,2018
Irepodun-Ifelodun,186292.35,2420,482,0.2390088,0.422491317,0.53,0,-1,2018
Irewole,209559.71,5861,1655,0.33885,0.451907523,0.53,0,-1,2018
Isa,208307.94,12116,332,0.0328824,0.710761859,0.53,0,-1,2018
Ise-Orun,164085.67,2505,472,0.2261076,0.467791215,0.53,0,-1,2018
Iseyin,383755.42,23744,2781,0.1405488,0.444882082,0.53,0,-1,2018
Ishielu,210393.52,5555,2280,0.4925292,0.461555673,0.53,0,-1,2018
Isiala Mbano,290023.31,3323,786,0.2838396,0.514006846,0.53,0,-1,2018
Isiala-Ngwa North,211648.53,3783,298,0.0945276,0.416760484,0.53,0,-1,2018
Isiala-Ngwa South,185529.41,4037,319,0.0948228,0.444481729,0.53,0,-1,2018
Isin,85172.104,3228,987,0.3669144,0.418451319,0.53,0,-1,2018
Isi-Uzo,211604.3,2581,125,0.0581172,0.480067127,0.53,0,-1,2018
Isokan,150570.28,7824,1153,0.1768404,0.432977043,0.53,0,-1,2018
Isoko North,210371.1,11569,1847,0.1915812,0.293011529,0.53,0,-1,2018
Isoko South,332309.14,2179,494,0.272052,0.270038761,0.53,0,-1,2018
Isu,240014.67,6341,1283,0.2428008,0.386482512,0.53,0,-1,2018
Isuikwato,157554.48,5471,272,0.0596604,0.471442169,0.53,0,-1,2018
Itas-Gadau,343531.64,15792,1762,0.13389,0.686667971,0.53,0,-1,2018
Itesiwaju,192160.01,7458,1608,0.2587284,0.482539024,0.53,0,-1,2018
Itu,189741.8,8677,891,0.123222,0.471929182,0.53,0,-1,2018
Ivo,168427.08,10466,3129,0.3587616,0.487111038,0.53,0,-1,2018
Iwajowa,153815.23,6296,1680,0.3202032,0.484355148,0.53,0,-1,2018
Iwo,279284.03,14168,2677,0.2267364,0.50517262,0.53,0,-1,2018
Izzi,326036.97,34945,3159,0.1084788,0.467628265,0.53,0,-1,2018
Jaba,221530.45,13848,4963,0.4300692,0.533201155,0.53,0,-1,2018
Jada,237418.64,21558,897,0.0499308,0.579074542,0.53,0,-1,2018
Jahun,322848.08,68796,14659,0.2556948,0.68692249,0.53,0,-1,2018
Jakusko,346160.14,24724,5605,0.2720436,0.679053969,0.53,0,-1,2018
Jalingo,197074.96,25598,1957,0.0917412,0.424462611,0.53,0,-1,2018
Jama'are,176074.98,22761,3164,0.166812,0.689541118,0.53,0,-1,2018
Jega,123190.47,20002,833,0.0499752,0.665830158,0.53,0,-1,2018
Jema'a,397409.46,28955,6722,0.2785836,0.545625437,0.53,0,-1,2018
Jere,315463.13,55409,6664,0.1443228,0.691561556,0.53,0,-1,2018
Jibia,242020.06,43557,2349,0.0647148,0.625486443,0.53,0,-1,2018
Jos East,117849.9,3649,487,0.1601532,0.554956846,0.53,0,-1,2018
Jos North,591025.49,31100,1380,0.0532476,0.533403445,0.53,0,-1,2018
Jos South,422261.76,26685,2442,0.1098144,0.510654246,0.53,0,-1,2018
Kabba-Bunu,207371.22,11163,2586,0.2779896,0.393788165,0.53,0,-1,2018
Kabo,227111.57,30357,3777,0.1493028,0.71581337,0.53,0,-1,2018
Kachia,348276.31,24307,5869,0.2897436,0.564762281,0.53,0,-1,2018
Kaduna North,509986.11,78067,7298,0.1121808,0.642698146,0.53,0,-1,2018
Kaduna South,573711.92,79407,6326,0.0955992,0.654957316,0.53,0,-1,2018
Kafin Hausa,381985.37,42468,9750,0.275502,0.651482047,0.53,0,-1,2018
Kafur,289264.07,35120,2003,0.0684396,0.686230808,0.53,0,-1,2018
Kaga,134450.17,1650,451,0.3279996,0.65241475,0.53,0,-1,2018
Kagarko,343527.11,24933,5595,0.2692812,0.618580297,0.53,0,-1,2018
Kaiama,177028.17,10910,2413,0.2654076,0.467392893,0.53,0,-1,2018
Kaita,262911.73,30744,1891,0.0738096,0.659073113,0.53,0,-1,2018
Kajola,300217.53,9685,1877,0.232566,0.464793778,0.53,0,-1,2018
Kajuru,317344.43,17809,4554,0.3068556,0.533070449,0.53,0,-1,2018
Kala-Balge,90808.942,7568,426,0.067548,0.63582369,0.53,0,-1,2018
Kalgo,223011.63,12013,521,0.052044,0.655765729,0.53,0,-1,2018
Kaltungo,218616.37,18731,2586,0.165672,0.538791259,0.53,0,-1,2018
Kanam,228394.94,2906,446,0.1841712,0.575511162,0.53,0,-1,2018
Kankara,350365.05,38991,4412,0.1357848,0.712510337,0.53,0,-1,2018
Kanke,167166.73,5776,1102,0.2289468,0.633783346,0.53,0,-1,2018
Kankia,215908.67,26544,5113,0.2311488,0.693136955,0.53,0,-1,2018
Kano Municipal,539660.89,52057,10440,0.2406588,0.630816237,0.53,0,-1,2018
Karasuwa,161672.26,8340,2326,0.3346764,0.683888724,0.53,0,-1,2018
Karaye,208773.21,29176,4224,0.1737324,0.727556296,0.53,0,-1,2018
Karin-Lamido,275990.9,13868,2719,0.2352756,0.455003762,0.53,0,-1,2018
Karu,292961.07,90630,1976,0.0261636,0.516071368,0.53,0,-1,2018
Katagum,442073.17,65267,4412,0.0811188,0.687814164,0.53,0,-1,2018
Katcha,182487.18,21295,8579,0.483438,0.480954753,0.53,0,-1,2018
Katsina,454046.39,67185,2644,0.0472248,0.671836104,0.53,0,-1,2018
Katsina-Ala,320394.13,9955,2020,0.2434956,0.408859386,0.53,0,-1,2018
Kaugama,180320.52,24714,6914,0.335712,0.638425145,0.53,0,-1,2018
Kaura,158071.26,10858,4064,0.4491432,0.570694568,0.53,0,-1,2018
Kaura-Namoda,410610.01,25142,8516,0.4064592,0.72320853,0.53,0,-1,2018
Kauru,242390.76,39094,9357,0.2872152,0.488559081,0.53,0,-1,2018
Kazaure,227583.56,27353,8058,0.3535116,0.679043778,0.53,0,-1,2018
Keana,112995.83,5208,482,0.11106,0.449296597,0.53,0,-1,2018
Kebbe,177732.5,4842,548,0.1358112,0.662933002,0.53,0,-1,2018
Keffi,132116.71,25529,2215,0.1041168,0.5015342,0.53,0,-1,2018
Khana,439454.82,3077,133,0.0518688,0.308022703,0.53,0,-1,2018
Kibiya,201876.95,24427,5267,0.2587464,0.716126831,0.53,0,-1,2018
Kirfi,220488.42,38451,3865,0.1206216,0.668154735,0.53,0,-1,2018
Kiri Kasamma,269901.58,40280,5249,0.1563756,0.651907622,0.53,0,-1,2018
Kiru,390922.51,37112,4617,0.1492884,0.721083872,0.53,0,-1,2018
Kiyawa,243675.66,59787,6965,0.1397964,0.702356647,0.53,0,-1,2018
Kogi,165245.69,10526,1265,0.1442148,0.433718849,0.53,0,-1,2018
Koko-Besse,253420.15,13455,3791,0.3381048,0.592390938,0.53,0,-1,2018
Kokona,156475.83,19282,1155,0.07188,0.508267659,0.53,0,-1,2018
Kolokuma-Opokuma,108922.86,4185,134,0.0384228,0.31668418,0.53,0,-1,2018
Konduga,233850.54,5685,1112,0.2347224,0.685445232,0.53,0,-1,2018
Konshisha,321754.31,2839,837,0.3537864,0.45479219,0.53,0,-1,2018
Kontagora,226949.91,38295,10660,0.334038,0.613446079,0.53,0,-1,2018
Kosofe,971034.35,63378,3428,0.0649056,0.508440915,0.53,0,-1,2018
Kubau,402128.73,78176,11956,0.1835244,0.658563106,0.53,0,-1,2018
Kudan,198169.36,37807,7907,0.2509692,0.673476599,0.53,0,-1,2018
Kuje,249526.38,32849,2989,0.1091904,0.498560793,0.53,0,-1,2018
Kukawa,304499.8,5749,2,0.0004176,0.632574443,0.53,0,-1,2018
Kumbotso,436983.22,53582,8854,0.1982904,0.679648396,0.53,0,-1,2018
Kunchi,163906.91,19270,3872,0.2411208,0.680296131,0.53,0,-1,2018
Kura,213488.83,43689,15427,0.4237308,0.70943541,0.53,0,-1,2018
Kurfi,167642.39,10416,1743,0.2008068,0.656290638,0.53,0,-1,2018
Kurmi,128989.01,4099,1348,0.3946332,0.501628429,0.53,0,-1,2018
Kusada,141531.01,14488,1349,0.1117344,0.698147157,0.53,0,-1,2018
Kwali,2263278.2,19750,37,0.0022476,0.520161192,0.53,0,-1,2018
Kwami,285006.11,21860,2865,0.1572732,0.559035931,0.53,0,-1,2018
Kwande,354582.46,4571,580,0.1522644,0.451208693,0.53,0,-1,2018
Kware,190907.96,23834,1153,0.0580512,0.725770018,0.53,0,-1,2018
Kwaya Kusar,84390.763,6938,889,0.153762,0.606689636,0.53,0,-1,2018
Lafia,471516.23,74682,2412,0.0387564,0.541291955,0.53,0,-1,2018
Lagelu,220994.76,20478,2249,0.13179,0.414987723,0.53,0,-1,2018
Lagos Island,305639.71,48109,4784,0.1193292,0.516005638,0.53,0,-1,2018
Lagos Mainland,463661.38,13545,1057,0.0936432,0.516213299,0.53,0,-1,2018
Lamurde,158966.33,15781,2500,0.1901016,0.483923569,0.53,0,-1,2018
Langtang North,193625.9,5413,660,0.1463148,0.528657291,0.53,0,-1,2018
Langtang South,146352.12,4105,563,0.16458,0.570014312,0.53,0,-1,2018
Lapai,164490.29,25130,8654,0.4132428,0.476147229,0.53,0,-1,2018
Lau,136118.35,6325,854,0.162024,0.504803441,0.53,0,-1,2018
Lavun,313540.81,17683,6816,0.462546,0.564173288,0.53,0,-1,2018
Lere,472156.4,75091,7872,0.1257996,0.535617259,0.53,0,-1,2018
Logo,241043.41,4814,1498,0.3734112,0.473946946,0.53,0,-1,2018
Lokoja,278395.5,21801,1447,0.0796476,0.389588612,0.53,0,-1,2018
Machina,93090.896,8369,1018,0.1459668,0.682341276,0.53,0,-1,2018
Madagali,190003.4,18931,2687,0.1703244,0.67676674,0.53,0,-1,2018
Madobi,201710.11,31669,5137,0.1946508,0.730463144,0.53,0,-1,2018
Mafa,154618.81,4127,594,0.172716,0.673505468,0.53,0,-1,2018
Magama,271324.52,11291,4446,0.472518,0.517157065,0.53,0,-1,2018
Magumeri,209454.89,9379,196,0.0250776,0.704144224,0.53,0,-1,2018
Mai'Adua,286831.72,16894,1925,0.1367352,0.632545498,0.53,0,-1,2018
Maiduguri,778922.26,109604,42196,0.4619832,0.699455384,0.53,0,-1,2018
Maigatari,253261.3,26230,7081,0.3239496,0.655669759,0.53,0,-1,2018
Maiha,156728.46,35642,3510,0.1181748,0.636938432,0.53,0,-1,2018
Maiyama,179970.05,19492,1589,0.0978252,0.630198767,0.53,0,-1,2018
Makoda,328349.75,29233,6918,0.28398,0.664761406,0.53,0,-1,2018
Makurdi,424018.44,8040,1439,0.214776,0.434420372,0.53,0,-1,2018
Malam Madori,227469.41,31628,7289,0.276552,0.646183975,0.53,0,-1,2018
Malumfashi,260800.18,57966,1622,0.0335784,0.708480769,0.53,0,-1,2018
Mangu,406037.13,20428,1752,0.102918,0.519252565,0.53,0,-1,2018
Mani,252311.2,28925,4183,0.173538,0.64616062,0.53,0,-1,2018
Maradun,307704.67,24815,7972,0.3855084,0.703907955,0.53,0,-1,2018
Mariga,297876.99,31052,10050,0.3883812,0.639142834,0.53,0,-1,2018
Markafi,208530.36,63515,8107,0.1531668,0.676537716,0.53,0,-1,2018
Marte,193232.44,0,0,0,0.675677048,0.53,0,-1,2018
Maru,425981.23,23831,6425,0.3235284,0.646101776,0.53,0,-1,2018
Mashegu,321165.85,20655,5596,0.3251124,0.515105843,0.53,0,-1,2018
Mashi,246847.69,19904,1690,0.1018896,0.639391742,0.53,0,-1,2018
Matazuu,164425.87,20231,3208,0.1902828,0.711635809,0.53,0,-1,2018
Mayo-Belwa,215795.28,41002,5407,0.1582464,0.618014343,0.53,0,-1,2018
Mbaitoli,346673.42,7876,789,0.1202136,0.343041421,0.53,0,-1,2018
Mbo,155356.67,3951,725,0.2201976,0.376723643,0.53,0,-1,2018
Michika,218857.56,26621,3539,0.159528,0.659846477,0.53,0,-1,2018
Miga,180985.68,39363,11193,0.3412236,0.675260641,0.53,0,-1,2018
Mikang,134107.58,5872,179,0.0365808,0.470852295,0.53,0,-1,2018
Minjibir,315645.33,47141,10547,0.2684796,0.696676631,0.53,0,-1,2018
Misau,393555.2,34060,2550,0.0898416,0.712271562,0.53,0,-1,2018
Mkpat Enin,265922.02,3975,1555,0.469434,0.318051677,0.53,0,-1,2018
Moba,211314.72,5456,599,0.1317444,0.362981752,0.53,0,-1,2018
Mobbar,174239.29,6705,2826,0.5057724,0.716736078,0.53,0,-1,2018
Mokwa,365848.15,19225,6926,0.432312,0.477717867,0.53,0,-1,2018
Monguno,164078.05,409,111,0.3256728,0.682872976,0.53,0,-1,2018
Mopa-Muro,62786.232,6343,2761,0.5223396,0.370880339,0.53,0,-1,2018
Moro,155111.38,3007,817,0.3260388,0.407959544,0.53,0,-1,2018
Mubi North,212896.48,21242,4641,0.2621784,0.665027176,0.53,0,-1,2018
Mubi South,181702.98,46831,2504,0.0641628,0.661769417,0.53,0,-1,2018
Musawa,244823.1,27632,1049,0.0455556,0.722835449,0.53,0,-1,2018
Mushin,923775.1,40128,3530,0.1055628,0.520071762,0.53,0,-1,2018
Muya,154817.47,11402,4218,0.443922,0.60929501,0.53,0,-1,2018
Nafada,201658.84,15779,3148,0.2394072,0.665494757,0.53,0,-1,2018
Nangere,132706.58,46561,2083,0.0536844,0.711658449,0.53,0,-1,2018
Nasarawa1,880921.75,102030,18473,0.217266,0.605439633,0.53,0,-1,2018
Nasarawa2,212622.3,30194,869,0.0345372,0.442674871,0.53,0,-1,2018
Nasarawa-Eggon,270659.32,26275,544,0.0248448,0.536568319,0.53,0,-1,2018
Ndokwa East,150561.53,1609,574,0.4280916,0.343545804,0.53,0,-1,2018
Ndokwa West,217915.89,10409,1017,0.1172448,0.351427873,0.53,0,-1,2018
Nembe,184513.01,3426,585,0.2049036,0.35581817,0.53,0,-1,2018
Ngala,354099.16,7913,1960,0.2972328,0.625059413,0.53,0,-1,2018
Nganzai,149063.96,1236,120,0.1165044,0.699533384,0.53,0,-1,2018
Ngaski,129730.59,15885,720,0.0543912,0.540983781,0.53,0,-1,2018
Ngor-Okpala,233395.1,4921,1473,0.3591948,0.334983127,0.53,0,-1,2018
Nguru,227615.29,12349,1644,0.1597536,0.63148795,0.53,0,-1,2018
Ningi,578326.16,40716,2269,0.0668724,0.651854983,0.53,0,-1,2018
Njaba,211764.77,1102,372,0.4050816,0.341492273,0.53,0,-1,2018
Njikoka,206795.68,10343,2463,0.2857584,0.489504274,0.53,0,-1,2018
Nkanu East,212116.15,3039,23,0.0090816,0.471406566,0.53,0,-1,2018
Nkanu West,209151.99,8835,89,0.0120888,0.511059551,0.53,0,-1,2018
Nkwerre,116968.99,2983,533,0.2144148,0.463076205,0.53,0,-1,2018
Nnewi North,219476.57,11997,1283,0.1283316,0.38462961,0.53,0,-1,2018
Nnewi South,220398.66,4795,1223,0.3060684,0.380306319,0.53,0,-1,2018
Nsit Atai,111418.21,1889,474,0.3011112,0.331769618,0.53,0,-1,2018
Nsit Ibom,162225.93,2600,979,0.4518456,0.425264532,0.53,0,-1,2018
Nsit Ubium,191531.18,2420,703,0.3485952,0.334843575,0.53,0,-1,2018
Nsukka,441462.62,3420,28,0.0098244,0.452803528,0.53,0,-1,2018
Numan,127850.34,7875,1224,0.1865148,0.55184819,0.53,0,-1,2018
Nwangele,187484.28,3272,777,0.2849628,0.481838967,0.53,0,-1,2018
Obafemi-Owode,121385.13,14113,2422,0.205938,0.456702555,0.53,0,-1,2018
Obanliku,155472.83,6525,3231,0.5942064,0.496554243,0.53,0,-1,2018
Obi Nwa,249790.53,3103,174,0.06729,0.409752288,0.53,0,-1,2018
Obi1,140943.59,7316,2683,0.440076,0.451978665,0.53,0,-1,2018
Obi2,212258.73,16700,979,0.0703476,0.522169724,0.53,0,-1,2018
Obia-Akpor,694228.29,92519,2312,0.0299868,0.308907738,0.53,0,-1,2018
Obokun,170029.12,7190,1405,0.234492,0.396441237,0.53,0,-1,2018
Obot Akara,221478.7,4114,1098,0.3202728,0.440171735,0.53,0,-1,2018
Obowo,172368.44,5596,784,0.16812,0.508816551,0.53,0,-1,2018
Obubra,243014.72,15596,4881,0.375558,0.495552804,0.53,0,-1,2018
Obudu,225627.54,9950,4038,0.4869948,0.490500973,0.53,0,-1,2018
Odeda,222088.86,13318,1556,0.1402008,0.44351983,0.53,0,-1,2018
Odigbo,328425.45,26351,3680,0.1675836,0.478615868,0.53,0,-1,2018
Odogbolu,337875.48,7020,997,0.1704276,0.462106458,0.53,0,-1,2018
Odo-Otin,195712.03,7045,1769,0.30132,0.479214434,0.53,0,-1,2018
Odukpani,271199.49,7558,2722,0.4321776,0.498229176,0.53,0,-1,2018
Offa,127853.68,4769,580,0.1459428,0.419305771,0.53,0,-1,2018
Ofu,273987.04,7655,468,0.0733644,0.406296962,0.53,0,-1,2018
Ogbadibo,183505.41,2962,1300,0.5266716,0.316440728,0.53,0,-1,2018
Ogba-Egbema-Ndoni,424209.21,5907,456,0.0926364,0.407482111,0.53,0,-1,2018
Ogbaru,309053.44,13659,2729,0.239754,0.322021221,0.53,0,-1,2018
Ogbia,253558.64,3054,280,0.1100196,0.44449378,0.53,0,-1,2018
Ogbomosho North,296816.5,20865,891,0.0512436,0.359214893,0.53,0,-1,2018
Ogbomosho South,150581.5,12845,1720,0.1606848,0.413445748,0.53,0,-1,2018
Ogo Oluwa,97361.548,5603,492,0.105372,0.491498674,0.53,0,-1,2018
Ogoja,242249.51,14187,3549,0.3001908,0.491849375,0.53,0,-1,2018
Ogori-Mangongo,56491.498,2288,515,0.2701044,0.386347145,0.53,0,-1,2018
Ogu-Bolo,111549.65,999,195,0.234234,0.374208023,0.53,0,-1,2018
Ogun waterside,161590.44,4413,892,0.242556,0.492471268,0.53,0,-1,2018
Oguta,208697.24,1548,230,0.1782948,0.308468253,0.53,0,-1,2018
Ohafia,337494.42,7063,272,0.0462132,0.486514324,0.53,0,-1,2018
Ohaji-Egbema,266384.93,5135,476,0.1112364,0.321773866,0.53,0,-1,2018
Ohaozara,207019.93,11420,2902,0.3049392,0.478301408,0.53,0,-1,2018
Ohaukwu,273476.19,25999,4365,0.2014692,0.460090005,0.53,0,-1,2018
Ohimini,101916.24,2203,1083,0.5899224,0.418374369,0.53,0,-1,2018
Oji-River,180482.79,3759,380,0.1213092,0.465835335,0.53,0,-1,2018
Ojo,872788.69,84828,839,0.0118692,0.488266396,0.53,0,-1,2018
Oju,242715.83,12879,3915,0.3647796,0.467648858,0.53,0,-1,2018
Oke-Ero,82150.917,2010,575,0.343284,0.400631968,0.53,0,-1,2018
Okehi,285150.75,12088,1794,0.1780944,0.371839834,0.53,0,-1,2018
Okene,456614.18,29271,2106,0.0863376,0.357715363,0.53,0,-1,2018
Okigwe,192978.69,4034,338,0.1005456,0.508750791,0.53,0,-1,2018
Okitipupa,333007.84,26704,5185,0.2329992,0.459942251,0.53,0,-1,2018
Okobo,155423.89,3468,1368,0.4733568,0.352520839,0.53,0,-1,2018
Okpe,191062.58,8662,1549,0.2145924,0.280610706,0.53,0,-1,2018
Okpokwu,251856.38,3085,457,0.1777632,0.416399046,0.53,0,-1,2018
Okrika,331627.32,5275,1266,0.288,0.34467839,0.53,0,-1,2018
Olamabolo,228338.46,3808,838,0.2640756,0.391533051,0.53,0,-1,2018
Ola-oluwa,111775.2,2846,825,0.3478572,0.488454858,0.53,0,-1,2018
Olorunda,192284.05,10504,1903,0.2174028,0.485001715,0.53,0,-1,2018
Olorunsogo,122118.66,8102,725,0.1073808,0.471433482,0.53,0,-1,2018
Oluyole,302798.54,26969,2751,0.1224072,0.36806908,0.53,0,-1,2018
Omala,154555.33,7372,1324,0.2155176,0.504091735,0.53,0,-1,2018
Omumma,149910.86,730,80,0.1315068,0.383538256,0.53,0,-1,2018
Ona-Ara,395903.21,25762,1714,0.0798384,0.36709896,0.53,0,-1,2018
Ondo East,106587.03,6246,1401,0.2691648,0.426186667,0.53,0,-1,2018
Ondo West,404448.44,25691,2234,0.1043484,0.453136055,0.53,0,-1,2018
Onicha,329875.77,7581,1966,0.3111996,0.465831417,0.53,0,-1,2018
Onitsha North,174030.68,20263,1867,0.1105656,0.445478249,0.53,0,-1,2018
Onitsha South,190355.38,7302,933,0.1533276,0.434081069,0.53,0,-1,2018
Onna,184275.07,4308,1201,0.3345408,0.291878138,0.53,0,-1,2018
Opobo-Nkoro,226303.17,476,151,0.3806724,0.289388868,0.53,0,-1,2018
Oredo,515816.7,5436,221,0.048786,0.445104909,0.53,0,-1,2018
Orelope,155997.45,6683,1317,0.2364804,0.45352717,0.53,0,-1,2018
Orhionmwon,251549.98,2828,273,0.115842,0.407105953,0.53,0,-1,2018
Ori Ire,224984.28,5608,1045,0.2236092,0.41347974,0.53,0,-1,2018
Oriade,216882.67,6509,1269,0.2339532,0.466673765,0.53,0,-1,2018
Orlu,175125.13,8380,671,0.0960864,0.433950418,0.53,0,-1,2018
Orolu,150424.35,5002,1444,0.346422,0.537649782,0.53,0,-1,2018
Oron,130635.41,781,85,0.130602,0.384179387,0.53,0,-1,2018
Orsu,163186.27,5632,1165,0.2482248,0.343580402,0.53,0,-1,2018
Oru East,171460.73,5915,1009,0.2046996,0.288284046,0.53,0,-1,2018
Oru West,185646.97,7675,908,0.1419672,0.28016566,0.53,0,-1,2018
Oruk Anam,257883.23,1671,519,0.3727104,0.387796568,0.53,0,-1,2018
Orumba North,240141.51,5259,1668,0.3806052,0.462606614,0.53,0,-1,2018
Orumba South,260746.56,5097,1904,0.4482636,0.490669288,0.53,0,-1,2018
Ose,206594.18,13463,2844,0.2534952,0.412008749,0.53,0,-1,2018
Oshimili North,168285.21,6795,1237,0.2184552,0.41124887,0.53,0,-1,2018
Oshimili South,218321.58,23897,526,0.0264132,0.384062211,0.53,0,-1,2018
Oshodi-Isolo,906992.7,85349,3486,0.0490128,0.512122932,0.53,0,-1,2018
Osisioma Ngwa,302371.56,5579,163,0.0350604,0.395923243,0.53,0,-1,2018
Osogbo,228669.76,22600,4905,0.260442,0.461848924,0.53,0,-1,2018
Oturkpo,373073.15,13352,2451,0.2202816,0.465020433,0.53,0,-1,2018
Ovia North East,211806.85,3676,501,0.1635468,0.408498179,0.53,0,-1,2018
Ovia South West,186347.18,8685,1639,0.2264592,0.429873962,0.53,0,-1,2018
Owan East,212544.77,8644,2069,0.2872284,0.389928709,0.53,0,-1,2018
Owan West,134075.92,5067,916,0.2169336,0.451058274,0.53,0,-1,2018
Owerri North,144861.35,8790,1353,0.18471,0.332376349,0.53,0,-1,2018
Owerri West,144835.08,9013,1262,0.168024,0.301251273,0.53,0,-1,2018
Owerri-Municipal,255960.87,29015,870,0.0359808,0.296064867,0.53,0,-1,2018
Owo,312079.1,24735,3319,0.1610184,0.368753461,0.53,0,-1,2018
Oye,193592.65,5138,680,0.1588164,0.377433124,0.53,0,-1,2018
Oyi,234046.21,10493,2192,0.2506812,0.449447388,0.53,0,-1,2018
Oyigbo,183250.43,4022,730,0.2178024,0.359702918,0.53,0,-1,2018
Oyo East,184981.56,19201,960,0.0599964,0.521707747,0.53,0,-1,2018
Oyo West,203487.79,12779,716,0.0672348,0.478720265,0.53,0,-1,2018
Oyun,134382.24,5563,749,0.161568,0.442781654,0.53,0,-1,2018
Pailoro,236123.86,31113,6327,0.2440272,0.546967894,0.53,0,-1,2018
Pankshin,263896.39,5150,746,0.1738248,0.558053877,0.53,0,-1,2018
Patani,98807.506,2715,558,0.24663,0.266110793,0.53,0,-1,2018
Pategi,159852.03,3765,770,0.245418,0.392551518,0.53,0,-1,2018
Port-Harcourt,808231.99,42299,1754,0.0497604,0.311971015,0.53,0,-1,2018
Potiskum,311092.77,106759,6159,0.0692292,0.692995272,0.53,0,-1,2018
Qua'an Pan,271115.91,21763,1520,0.0838116,0.587826633,0.53,0,-1,2018
Rabah,212673.62,18780,637,0.0407028,0.708381434,0.53,0,-1,2018
Rafi,271736.76,36433,7246,0.2386632,0.574772763,0.53,0,-1,2018
Rano,214726.05,31999,5257,0.1971432,0.721528803,0.53,0,-1,2018
Remo North,187684.32,5824,805,0.1658652,0.39588712,0.53,0,-1,2018
Rijau,262960.12,13025,4529,0.4172592,0.601450652,0.53,0,-1,2018
Rimi,219202.18,23767,3007,0.151824,0.655926771,0.53,0,-1,2018
Rimin Gado,154711.89,18013,5584,0.3719976,0.719050977,0.53,0,-1,2018
Ringim,270607.61,52017,5602,0.1292352,0.682463107,0.53,0,-1,2018
Riyom,181117.03,6377,723,0.1360512,0.596169578,0.53,0,-1,2018
Rogo,336238.15,40017,9496,0.2847588,0.697858927,0.53,0,-1,2018
Roni,109665.53,25197,4330,0.2062152,0.657745318,0.53,0,-1,2018
Sabon Birni,295986.53,22484,553,0.029514,0.691562668,0.53,0,-1,2018
Sabon-Gari,409009.45,54852,7826,0.17121,0.641366645,0.53,0,-1,2018
Sabuwa,193974.77,14882,1817,0.1465128,0.605307927,0.53,0,-1,2018
Safana,262024.91,14399,2415,0.201264,0.60659165,0.53,0,-1,2018
Sagbama,263733.35,5985,627,0.1257144,0.312771086,0.53,0,-1,2018
Sakaba,183403.11,16124,2075,0.154428,0.650673231,0.53,0,-1,2018
Saki East,164633.68,12438,2682,0.258756,0.500006612,0.53,0,-1,2018
Saki West,415235.41,39751,4223,0.1274832,0.494698068,0.53,0,-1,2018
Sandamu,195738.43,13609,1981,0.174678,0.692853778,0.53,0,-1,2018
Sanga,212913.15,25740,5868,0.2735664,0.49769857,0.53,0,-1,2018
Sapele,250842.97,3823,1006,0.3157728,0.37261735,0.53,0,-1,2018
Sardauna,315862.49,19644,4936,0.3015276,0.362160557,0.53,0,-1,2018
Shagamu,107681.19,33795,2487,0.0883092,0.491958645,0.53,0,-1,2018
Shagari,223007.54,6541,504,0.0924624,0.696705129,0.53,0,-1,2018
Shanga,216700.87,12953,1105,0.1023696,0.609664023,0.53,0,-1,2018
Shani,152824.95,4849,343,0.0848832,0.653021266,0.53,0,-1,2018
Shanono,207592.09,27419,5070,0.2218896,0.710883327,0.53,0,-1,2018
Shelleng,210073.77,31973,3595,0.1349268,0.600969346,0.53,0,-1,2018
Shendam,286380.97,12537,1243,0.1189764,0.546233826,0.53,0,-1,2018
Shinkafi,197957.96,27861,6578,0.2833212,0.714247715,0.53,0,-1,2018
Shira,349533.1,17911,1526,0.1022388,0.686675947,0.53,0,-1,2018
Shiroro,351609.26,15320,5563,0.435744,0.584587609,0.53,0,-1,2018
Shomgom,221119.14,16744,3065,0.2196612,0.454493674,0.53,0,-1,2018
Shomolu,587636.65,45788,360,0.0094344,0.520017201,0.53,0,-1,2018
Silame,148818.07,10220,451,0.0529548,0.697024733,0.53,0,-1,2018
Soba,418132.9,71587,16951,0.2841468,0.596311426,0.53,0,-1,2018
Sokoto North,331982.72,19326,473,0.02937,0.702320289,0.53,0,-1,2018
Sokoto South,277900.76,45768,991,0.0259836,0.71480524,0.53,0,-1,2018
Song,271556.03,43082,6903,0.1922748,0.575879905,0.53,0,-1,2018
Southern Ijaw,450129.09,4716,472,0.120102,0.377856327,0.53,0,-1,2018
Suleja,323489.96,31819,7419,0.2797956,0.59158217,0.53,0,-1,2018
Sule-Tankarkar,184391.81,33236,3898,0.1407384,0.690626067,0.53,0,-1,2018
Sumaila,374504.95,59881,11399,0.2284332,0.665925938,0.53,0,-1,2018
Suru,382544.9,11392,2012,0.211938,0.612737045,0.53,0,-1,2018
Surulere1,735470.67,79480,1450,0.0218928,0.511114818,0.53,0,-1,2018
Surulere2,212201.69,6944,692,0.1195848,0.469643564,0.53,0,-1,2018
Tafa,124784.81,23243,7917,0.4087428,0.570554,0.53,0,-1,2018
Tafawa-Balewa,328583.28,40200,1957,0.0584184,0.561175608,0.53,0,-1,2018
Tai,175946.53,2289,216,0.1132368,0.381917564,0.53,0,-1,2018
Takali,299329.64,39350,7343,0.2239284,0.709085745,0.53,0,-1,2018
Takum,190739.02,8487,1886,0.2666664,0.466829983,0.53,0,-1,2018
Talata Mafara,314017.78,36370,7806,0.2575524,0.679747419,0.53,0,-1,2018
Tambuwal,320697.82,16679,396,0.0284904,0.699284483,0.53,0,-1,2018
Tangaza,162327.15,18449,1837,0.1194864,0.692206336,0.53,0,-1,2018
Tarauni,326826.1,64960,6249,0.1154376,0.625743826,0.53,0,-1,2018
Tarka,113339.44,3931,1373,0.41913,0.410062837,0.53,0,-1,2018
Tarmua,116660.54,9601,1727,0.2158524,0.686058597,0.53,0,-1,2018
Taura,185677.04,36211,2948,0.0976944,0.711846173,0.53,0,-1,2018
Tofa,144294.42,21836,5342,0.2935704,0.720682508,0.53,0,-1,2018
Toro,523378.07,75782,3036,0.0480744,0.623800515,0.53,0,-1,2018
Toto,169775.33,15457,2064,0.1602384,0.452417095,0.53,0,-1,2018
Toungo,73336.771,12385,2086,0.202116,0.446472042,0.53,0,-1,2018
Tsafe,388196.01,63311,8096,0.1534524,0.690350267,0.53,0,-1,2018
Tsanyawa,232798.66,19908,5245,0.3161544,0.673850382,0.53,0,-1,2018
Tudun Wada,342143.75,40592,6064,0.1792668,0.696527424,0.53,0,-1,2018
Tureta,97479.272,6905,605,0.1051416,0.70782607,0.53,0,-1,2018
Udenu,254449.84,9564,39,0.0048936,0.444547985,0.53,0,-1,2018
Udi,333630.9,4941,297,0.0721308,0.443030522,0.53,0,-1,2018
Udu,209212.38,11861,1339,0.1354692,0.24889334,0.53,0,-1,2018
Udung Uko,79578.249,958,495,0.6200412,0.322887578,0.53,0,-1,2018
Ughelli North,468481.58,37983,2063,0.0651768,0.288820013,0.53,0,-1,2018
Ughelli South,311679.91,18033,1762,0.117252,0.258365504,0.53,0,-1,2018
Ugwunagbo,113741.77,2037,54,0.031812,0.386810187,0.53,0,-1,2018
Uhunmwonde,166325.56,4147,643,0.1860624,0.450623986,0.53,0,-1,2018
Ukanafun,189741.8,2214,1122,0.60813,0.41101835,0.53,0,-1,2018
Ukum,309290.31,4076,1738,0.5116776,0.446657171,0.53,0,-1,2018
Ukwa East,81040.567,1319,224,0.2037912,0.380519132,0.53,0,-1,2018
Ukwa West,121915.36,2041,80,0.0470352,0.373187786,0.53,0,-1,2018
Ukwuani,175689.89,5982,1661,0.3331992,0.406905033,0.53,0,-1,2018
Umuahia North,303786.83,10282,350,0.040848,0.501112024,0.53,0,-1,2018
Umuahia South,190771.96,3431,108,0.0377736,0.528927156,0.53,0,-1,2018
Umu-Neochi,225682.8,3294,190,0.0692172,0.489251418,0.53,0,-1,2018
Ungogo,545761.37,67780,10197,0.1805316,0.650525031,0.53,0,-1,2018
Unuimo,208272.57,4280,355,0.0995328,0.518917277,0.53,0,-1,2018
Uruan,176697.83,11639,1094,0.1127928,0.460591042,0.53,0,-1,2018
Urue-Offong-Oruko,106286.06,1763,1033,0.7031196,0.30126919,0.53,0,-1,2018
Ushongo,268529.23,8432,2930,0.4169832,0.405123965,0.53,0,-1,2018
Ussa,129673.9,2233,527,0.283206,0.46526634,0.53,0,-1,2018
Uvwie,279422.67,15048,1039,0.0828552,0.245801456,0.53,0,-1,2018
Uyo,462391.18,11132,1376,0.1483296,0.459725229,0.53,0,-1,2018
Uzo-Uwani,124480,1655,139,0.1007856,0.463605313,0.53,0,-1,2018
Vandeikya,328096.1,14225,4081,0.3442668,0.446888644,0.53,0,-1,2018
Wamako,256093.74,37463,314,0.0100584,0.709862406,0.53,0,-1,2018
Wamba,103929.41,18849,2416,0.1538124,0.474808309,0.53,0,-1,2018
Warawa,190141.05,22456,3141,0.1678488,0.713851327,0.53,0,-1,2018
Warji,171350.59,22599,2800,0.1486788,0.655190649,0.53,0,-1,2018
Warri North,200367.33,1095,808,0.88548,0.317614669,0.53,0,-1,2018
Warri South,442788.44,15552,1227,0.0946764,0.261546529,0.53,0,-1,2018
Warri South West,170277.2,4459,1760,0.4736484,0.247431724,0.53,0,-1,2018
Wasagu-Danko,174843.54,32474,2162,0.0798912,0.610059384,0.53,0,-1,2018
Wase,222634.75,427,49,0.1377048,0.542214526,0.53,0,-1,2018
Wudil,273412.93,49258,11887,0.2895852,0.696329773,0.53,0,-1,2018
Wukari,340395.92,16027,2178,0.1630752,0.460148695,0.53,0,-1,2018
Wurno,231410.97,10975,1471,0.1608384,0.700606421,0.53,0,-1,2018
Wushishi,122154.51,12635,3653,0.3469416,0.586509958,0.53,0,-1,2018
Yabo,163978.19,11974,187,0.0187404,0.687948856,0.53,0,-1,2018
Yagba East,212471.16,3507,1268,0.4338756,0.370406416,0.53,0,-1,2018
Yagba West,199820.39,6681,2213,0.3974856,0.380889805,0.53,0,-1,2018
Yakurr,276844.9,22295,5528,0.2975376,0.470109825,0.53,0,-1,2018
Yala,297128.07,11000,4436,0.4839276,0.497455497,0.53,0,-1,2018
Yamaltu-Deba,372493.51,54374,4508,0.0994884,0.568738538,0.53,0,-1,2018
Yankwashi,134947.27,22037,6727,0.3663108,0.658693878,0.53,0,-1,2018
Yauri,143924.4,26387,1050,0.0477504,0.620072014,0.53,0,-1,2018
Yenegoa,497945.97,16687,764,0.0549408,0.34556186,0.53,0,-1,2018
Yola North,279377.3,42335,6033,0.1710072,0.596198663,0.53,0,-1,2018
Yola South,274247.68,49088,6133,0.1499268,0.589972357,0.53,0,-1,2018
Yorro,126000.01,3944,1114,0.3389448,0.55120021,0.53,0,-1,2018
Yunusari,190124.17,4450,946,0.2551008,0.689290824,0.53,0,-1,2018
Yusufari,167858.57,12069,2145,0.2132736,0.682638557,0.53,0,-1,2018
Zaki,285968.18,17112,2345,0.1644456,0.69149605,0.53,0,-1,2018
Zango,220626.52,19393,1994,0.1233852,0.609533872,0.53,0,-1,2018
Zango-Kataf,451067.97,25136,7829,0.3737592,0.442972479,0.53,0,-1,2018
Zaria,581992.74,114879,19251,0.2010912,0.6133025,0.53,0,-1,2018
Zing,179484.84,7796,1954,0.3007692,0.637049113,0.53,0,-1,2018
Zurmi,428807.97,19573,6181,0.3789504,0.702961675,0.53,0,-1,2018
Zuru,238795.04,21976,993,0.0542232,0.611940869,0.53,0,-1,2018
