,LGA,repDS,U5_ITN_use,six_nine_ITN_use,ten_eighteen_ITN_use,over_eighteen_ITN_use
1,Aba North,Ngor-Okpala,0.368493072,0.459164498,0.342350367,0.317512273
2,Aba South,Ngor-Okpala,0.432585871,0.42691277,0.242141206,0.289843907
3,Arochukwu,Ngor-Okpala,0.409807769,0.327133985,0.239735094,0.325629622
4,Bende,Ngor-Okpala,0.254506108,0.25399127,0.099431805,0.181414612
5,Ikwuano,Ngor-Okpala,0.393004114,0.324127916,0.425072045,0.42030651
6,Isiala-Ngwa North,Ngor-Okpala,0.042898792,0.129356358,0.071963678,0.059840232
7,Isiala-Ngwa South,Ngor-Okpala,0.104366275,0.076877973,0.219305704,0.117883509
8,Isuikwato,Ngor-Okpala,0.45242915,0.153256705,0.105045492,0.230249359
9,Obi Nwa,Ngor-Okpala,0.3,0.466666667,0.318181818,0.34375
10,Ohafia,Ngor-Okpala,0.182997461,0.109757356,0.143886995,0.184305851
11,Osisioma Ngwa,Ngor-Okpala,0.264705882,0.2,0.130434783,0.333333333
12,Ugwunagbo,Ngor-Okpala,0.142857143,0.142857143,0.277777778,0.076923077
13,Ukwa East,Nsit Ubium,0.217391304,0.055555556,0.04,0.071428571
14,Ukwa West,Nsit Ubium,0.33446468,0.294193051,0.202569073,0.227821791
15,Umu-Neochi,Oru West,0.414834691,0.505751301,0.336016178,0.369315235
16,Umuahia North,Ngor-Okpala,0.133333333,0.266473717,0.2,0.175438596
17,Umuahia South,Ngor-Okpala,0.190246395,0.219712762,0.165294373,0.278242778
18,Demsa,Alkaleri,0.45367231,0.28476821,0.267025783,0.384980239
19,Gireri,Darazo,0.43370955,0.251051565,0.419360098,0.414123463
20,Gombi,Alkaleri,0.46428318,0.413940794,0.395597499,0.338836572
21,Guyuk,Alkaleri,0.649078623,0.538183465,0.609110853,0.520162675
22,Hong,Darazo,0.608695652,0.444444444,0.24137931,0.384615385
23,Lamurde,Alkaleri,0.318181818,0.142857143,0.363636364,0.403225806
24,Mayo-Belwa,Alkaleri,0.64,0.1875,0.44,0.438596491
25,Numan,Alkaleri,0.833333333,0.4375,0.368421053,0.611111111
26,Shelleng,Darazo,0.364360702,0.294522122,0.31610634,0.366244989
27,Itu,Ngor-Okpala,0.304424538,0.266473717,0.219305704,0.020408163
28,Song,Darazo,0.481299215,0.567045456,0.489233428,0.494332723
29,Yola North,Alkaleri,0.489106732,0.454789001,0.414279228,0.409390884
30,Yola South,Alkaleri,0.523809524,0.375,0.444444444,0.259259259
31,Abak,Nsit Ubium,0.117647059,0.066666667,0.173913043,0.163934426
32,Awka North,Uzo-Uwani,0.238095238,0.142857143,0.086956522,0.210526316
33,Eket,Nsit Ubium,0.363636364,0.333333333,0.35,0.318181818
34,Esit Eket,Nsit Ubium,0.642857143,0.4,0.162162162,0.490566038
35,Essien Udim,Ngor-Okpala,0.40416306,0.41932543,0.101814961,0.248747098
36,Etim Ekpo,Ngor-Okpala,0.304424538,0.266473717,0.219305704,0.266910909
37,Etinan,Nsit Ubium,0.230769231,0.166666667,0.202569073,0.142857143
38,Ibesikpo Asutan,Nsit Ubium,0.316326558,0.365384584,0.264150952,0.295373674
39,Ibiono Ibom,Ngor-Okpala,0.680806712,0.564126427,0.347777775,0.518035164
40,Ika,Ngor-Okpala,0.304424538,0.266473717,0.219305704,0.266910909
41,Ikono,Ngor-Okpala,0.166666667,0.117647059,0.291666667,0.186440678
42,Ikot Abasi,Nsit Ubium,0.347826087,0.461538462,0.3,0.123076923
43,Ikot Ekpene,Ngor-Okpala,0.05605449,0.266473717,0.200480127,0.116877293
44,Ini,Ngor-Okpala,0.692307692,0.357142857,0.533333333,0.510204082
45,Mkpat Enin,Nsit Ubium,0.602843612,0.379341874,0.33631654,0.380262242
46,Nsit Atai,Nsit Ubium,0.33446468,0.294193051,0.202569073,0.227821791
47,Nsit Ibom,Nsit Ubium,0.2,0.076923077,0.202569073,0.169230769
48,Nsit Ubium,Nsit Ubium,0.294117647,0.545454545,0.136363636,0.293103448
49,Awka South,Uzo-Uwani,0.115384615,0.224106265,0.160050482,0.055555556
50,Obot Akara,Ngor-Okpala,0.352941176,0.444444444,0.230769231,0.298245614
51,Okobo,Nsit Ubium,0.3,0.222222222,0.454545455,0.290909091
52,Onna,Nsit Ubium,0.415362737,0.411823643,0.219786096,0.410602704
53,Oruk Anam,Nsit Ubium,0.345323717,0.431578963,0.239130379,0.284408547
54,Ukanafun,Nsit Ubium,0.265452627,0.285096449,0.102586479,0.139673943
55,Uruan,Nsit Ubium,0.33564019,0.30263162,0.215921543,0.260106819
56,Urue-Offong/Oruko,Nsit Ubium,0.421052632,0.307692308,0.208333333,0.321428571
57,Ayamelum,Uzo-Uwani,0.226000001,0.090196079,0.056149735,0.148743718
58,Uyo,Nsit Ubium,0.189887959,0.077486364,0.109020534,0.123168765
59,Aguata,Oru West,0.255850471,0.387034474,0.239642794,0.237666189
60,Anambra East,Uzo-Uwani,0.107142857,0.224106265,0.1,0.035087719
61,Anambra West,Uzo-Uwani,0.32464731,0.370188311,0.265600186,0.278397658
62,Anaocha,Oru West,0.181100292,0.123857833,0.152765099,0.105016002
63,Dunukofia,Uzo-Uwani,0.276486564,0.224106265,0.160050482,0.188842186
64,Ekwusigo,Oru West,0.366666667,0.083333333,0.041666667,0.203389831
65,Idemili North,Uzo-Uwani,0.293142139,0.219004233,0.1091815,0.194200106
66,Idemili South,Oru West,0.184337998,0.117186102,0.091506586,0.163297291
67,Ihiala,Oru West,0.200934575,0.230563004,0.187705817,0.306561085
68,Njikoka,Uzo-Uwani,0.285714286,0.16700485,0.195035427,0.150182471
69,Nnewi North,Oru West,0.252890955,0.225946586,0.152765099,0.217649894
70,Nnewi South,Oru West,0.384363006,0.428571429,0.244666354,0.251257319
71,Ogbaru,Ahoada West,0.346153846,0.266666667,0.363636364,0.220588235
72,Onitsha North,Uzo-Uwani,0.03030303,0.224106265,0.160050482,0.029850746
73,Onitsha South,Uzo-Uwani,0.276486564,0.224106265,0.047619048,0.015151515
74,Orumba North,Oru West,0.254172856,0.159451365,0.102097342,0.110652484
75,Orumba South,Oru West,0.252890955,0.225946586,0.152765099,0.217649894
76,Oyi,Uzo-Uwani,0.22643074,0.060150372,0.033836856,0.101360915
77,Alkaleri,Alkaleri,0.455387964,0.397922582,0.306625021,0.457443319
78,Bauchi,Alkaleri,0.449957029,0.254519356,0.275214477,0.412964953
79,Bogoro,Alkaleri,0.484534717,0.381738609,0.338571783,0.497522113
80,Damban,Darazo,0.320754717,0.325,0.282608696,0.519480519
81,Darazo,Darazo,0.381143004,0.333840547,0.354634865,0.522147671
82,Dass,Alkaleri,0.861111111,0.461538462,0.363636364,0.773584906
83,Gamawa,Gwarzo,0.484848485,0.25,0.333333333,0.634920635
84,Jama'are,Taura,0.53934621,0.444648002,0.516734467,0.797350525
85,Ganjuwa,Darazo,0.576367392,0.244194758,0.307748719,0.624384825
86,Giade,Darazo,0.314285714,0.085714286,0.142857143,0.308823529
87,Itas/Gadau,Taura,0.704426374,0.610191562,0.629827895,0.915155207
88,Katagum,Gwarzo,0.515383228,0.391156259,0.432060917,0.764630621
89,Kirfi,Alkaleri,0.611111111,0.157894737,0.193548387,0.483870968
90,Misau,Darazo,0.388163903,0.340650807,0.23447449,0.609141639
91,Ningi,Takali,0.599580132,0.317186346,0.365245735,0.69904886
92,Ukum,Keana,0.402895063,0.341754412,0.408776947,0.277550274
93,Shira,Takali,0.781774613,0.55818179,0.45037035,0.758869912
94,Tafawa-Balewa,Alkaleri,0.461421544,0.263822992,0.171341493,0.42448662
95,Toro,Giwa,0.481885111,0.255012033,0.242007543,0.632073731
96,Warji,Takali,0.861111111,0.296296296,0.390243902,0.836363636
97,Zaki,Taura,0.498359592,0.41261459,0.456992977,0.706893587
98,Kolokuma/Opokuma,Ahoada West,0.236773625,0.146298451,0.199398894,0.25380437
99,Nembe,Ahoada West,0.615384615,0.555555556,0.35,0.528301887
100,Ogbia,Ahoada West,0.279080839,0.195282068,0.099086898,0.168082691
101,Sagbama,Ahoada West,0.231956133,0.226313895,0.173679613,0.205364027
102,Yenegoa,Isoko South,0.266772758,0.256305154,0.222104023,0.244577309
103,Ado,Akinyele,0.394663802,0.22521866,0.201283786,0.280297908
104,Agatu,Keana,0.75,0.833333333,0.655172414,0.705882353
105,Apa,Keana,0.842105263,0.352941176,0.416666667,0.467741935
106,Buruku,Keana,0.678571429,0.527777778,0.546875,0.523584906
107,Gboko,Keana,0.764633412,0.645455044,0.438547558,0.565466494
108,Guma,Keana,0.754372326,0.751840155,0.739637308,0.670350686
109,Gwer East,Oke-Ero,0.888888889,0.916666667,0.739130435,0.660714286
110,Gwer West,Keana,0.535714286,0.294117647,0.866666667,0.484375
111,Katsina-Ala,Keana,0.770171343,0.610136606,0.461619835,0.540749047
112,Konshisha,Oke-Ero,0.37037037,0.181818182,0.307692308,0.353846154
113,Logo,Keana,0.508873086,0.36051872,0.345747474,0.443661769
114,Makurdi,Keana,0.805491132,0.613397361,0.655426287,0.646262764
115,Obi1,Keana,0.508873086,0.36051872,0.345747474,0.443661769
116,Ogbadibo,Owan East,0.464431748,0.418946669,0.343821936,0.380122437
117,Ohimini,Akinyele,0.43481825,0.392030997,0.310573478,0.377487976
118,Oju,Oke-Ero,0.623814125,0.399359141,0.386233941,0.415949169
119,Okpokwu,Akinyele,0.484848485,0.133333333,0.142857143,0.34375
120,Oturkpo,Owan East,0.665504672,0.504148738,0.437773746,0.495138587
121,Tarka,Keana,0.88,0.583333333,0.782608696,0.716666667
122,Ushongo,Oke-Ero,0.391788901,0.299429972,0.260379648,0.355121446
123,Vandeikya,Oke-Ero,0.581193317,0.487317931,0.378051261,0.458639931
124,Askira/Uba,Darazo,0.349526848,0.286287543,0.113684119,0.346127211
125,Enugu East,Uzo-Uwani,0.329093825,0.20369517,0.219981236,0.228052903
126,Bayo,Alkaleri,0.324324324,0.565217391,0.448979592,0.479452055
127,Biu,Darazo,0.157894737,0.171428571,0.156862745,0.222222222
128,Chibok,Darazo,0.452267101,0.327499677,0.260204646,0.492014848
129,Damboa,Darazo,0.452267101,0.327499677,0.260204646,0.492014848
130,Biase,Ngor-Okpala,0.482671224,0.526268077,0.476156082,0.550827005
131,Dikwa,Darazo,0.452267101,0.327499677,0.260204646,0.492014848
132,Gubio,Gawabawa,0.285714286,0.352734644,0.238095238,0.212765957
133,Jere,Gawabawa,0.511039422,0.394532061,0.208201451,0.382382438
134,Guzamala,Babura,0.717584416,0.651199027,0.639332017,0.715626442
135,Hawul,Darazo,0.337806295,0.384955748,0.285515959,0.308921158
136,Kwaya Kusar,Alkaleri,0.484534717,0.381738609,0.338571783,0.497522113
137,Enugu North,Uzo-Uwani,0.154716936,0.048309143,0.141453801,0.113708785
138,Kaga,Darazo,0.388888889,0.318181818,0.233333333,0.385964912
139,Mafa,Darazo,0.452267101,0.327499677,0.260204646,0.492014848
140,Obudu,Obubra,0.647208055,0.594090851,0.548608298,0.560815073
141,Konduga,Darazo,0.512820513,0.421052632,0.689655172,0.698113208
142,Bomadi,Isoko South,0.375,0.789473684,0.3,0.303571429
143,Magumeri,Gawabawa,0.541896854,0.352734644,0.28107122,0.599523849
144,Maiduguri,Darazo,0.459238917,0.46306288,0.282129313,0.444007024
145,Shani,Alkaleri,0.484534717,0.381738609,0.338571783,0.497522113
146,Abi,Obubra,0.64610383,0.450892796,0.426174519,0.566548821
147,Marte,Babura,0.717584416,0.651199027,0.639332017,0.715626442
148,Nganzai,Gawabawa,0.541896854,0.352734644,0.28107122,0.599523849
149,Bekwara,Oke-Ero,0.391788901,0.299429972,0.260379648,0.355121446
150,Calabar-Municipal,Nsit Ubium,0.331461607,0.392374883,0.149901442,0.248555116
151,Ikom,Obubra,0.5828662,0.461164995,0.73705717,0.47923167
152,Obubra,Obubra,0.674772031,0.704081635,0.539772723,0.587939693
153,Enugu South,Uzo-Uwani,0.117565295,0.096628193,0.089494789,0.134867503
154,Odukpani,Ngor-Okpala,0.341531595,0.210471194,0.048749998,0.308634786
155,Ogoja,Obubra,0.482802547,0.54187192,0.533333333,0.462743438
156,Yakurr,Obubra,0.24258289,0.088757375,0.255827844,0.349943355
157,Ogbomosho North,Akinyele,0.378056084,0.444615416,0.408676299,0.388909059
158,Yala,Oke-Ero,0.354784519,0.478395015,0.378736362,0.41809937
159,Aniocha North,Uzo-Uwani,0.454545455,0.642857143,0.575757576,0.490196078
160,Aniocha South,Uzo-Uwani,0.309074723,0.216639461,0.149918383,0.114574196
161,Ibadan South West,Owan East,0.269024205,0.426143685,0.247986825,0.278602363
162,Ethiope East,Isoko South,0.071428571,0.156482654,0.052470085,0.07965734
163,Ethiope West,Isoko South,0.2,0.255845189,0.111111111,0.255813953
164,Ika North East,Uzo-Uwani,0.1,0.166666667,0.160050482,0.038461538
165,Ika South,Uzo-Uwani,0.276486564,0.224106265,0.076923077,0.0625
166,Isoko North,Isoko South,0.166666667,0.285714286,0.25,0.142857143
167,Ogbomosho South,Akinyele,0.43481825,0.392030997,0.310573478,0.377487976
168,Isoko South,Isoko South,0.463214914,0.49319292,0.535686944,0.394115143
169,Ndokwa East,Ahoada West,0.416666667,0.307692308,0.214285714,0.366666667
170,Ndokwa West,Isoko South,0.631578947,0.5,0.470588235,0.321428571
171,Okpe,Isoko South,0.333333333,0.166666667,0.148148148,0.266666667
172,Oshimili North,Uzo-Uwani,0.276486564,0.224106265,0.160050482,0.188842186
173,Oshimili South,Uzo-Uwani,0.375,0.444444444,0.166666667,0.37254902
174,Patani,Isoko South,0.489620759,0.569279466,0.528683068,0.357097751
175,Sapele,Isoko South,0.335412085,0.218260693,0.274587058,0.349576812
176,Udu,Isoko South,0.578947368,0.285714286,0.392857143,0.327272727
177,Ughelli North,Isoko South,0.190181401,0.12316324,0.039430875,0.130051453
178,Ughelli South,Isoko South,0.498249426,0.48956742,0.224957721,0.182540209
179,Ukwuani,Uzo-Uwani,0.266666667,0.1,0.058823529,0.217391304
180,Uvwie,Isoko South,0.294117647,0.368943463,0.238086574,0.153605817
181,Warri South,Isoko South,0.351097037,0.450830272,0.38439152,0.345305595
182,Ohaozara,Obubra,0.727416794,0.717607948,0.722082809,0.655497383
183,Abakaliki,Owan East,0.763663577,0.624739896,0.555434439,0.620208008
184,Afikpo North,Oru West,0.905685179,0.7833935,0.678846153,0.738112654
185,Afikpo South,Ngor-Okpala,0.66709147,0.563956235,0.528864595,0.583653742
186,Ebonyi,Owan East,0.464431748,0.418946669,0.343821936,0.380122437
187,Ezza North,Owan East,0.68627451,0.6,0.529411765,0.5625
188,Ezza South,Obubra,0.735494891,0.665466448,0.65376283,0.622009871
189,Ikwo,Obubra,0.762011018,0.676328931,0.602892256,0.710917223
190,Ishielu,Owan East,0.620780141,0.706437387,0.497992048,0.589326015
191,Ivo,Ngor-Okpala,0.304424538,0.266473717,0.219305704,0.266910909
192,Izzi,Owan East,0.551277798,0.537229424,0.444185918,0.516621408
193,Ohaukwu,Owan East,0.375,0.5,0.483870968,0.446428571
194,Onicha,Obubra,0.674363328,0.706345041,0.57082199,0.662857148
195,Akoko-Edo,Owan East,0.403855019,0.232317606,0.394492588,0.499327837
196,Egor,Uzo-Uwani,0.199248098,0.166666667,0.21594687,0.156359395
197,Esan North East,Uzo-Uwani,0.266666667,0.3,0.230769231,0.227272727
198,Esan Central,Owan East,0.555555556,0.625,0.235294118,0.280701754
199,Esan South East,Uzo-Uwani,0.419240922,0.298191902,0.318773719,0.413052039
200,Esan West,Uzo-Uwani,0.333333333,0.4,0.6,0.243243243
201,Etsako Central,Owan East,0.25,0.133333333,0.391304348,0.160714286
202,Etsako East,Owan East,0.222853343,0.035081229,0.082263184,0.219326988
203,Etsako West,Owan East,0.156801223,0.047429771,0.039901288,0.091796309
204,Igueben,Uzo-Uwani,0.246225282,0.155754508,0.318977515,0.312708352
205,Ikpoba-Okha,Uzo-Uwani,0.320654373,0.317064796,0.486610421,0.409053457
206,Aninri,Oru West,0.415856951,0.502677276,0.181500874,0.379519564
207,Oredo,Uzo-Uwani,0.408607556,0.324212256,0.228866773,0.318484301
208,Orhionmwon,Uzo-Uwani,0.25178341,0.296366685,0.275456393,0.242035061
209,Ovia North East,Owan East,0.363636364,0.3,0.166666667,0.375
210,Ovia South West,Akinyele,0.631147615,0.384615397,0.516129069,0.518817183
211,Owan East,Owan East,0.37037037,0.25,0.25,0.372093023
212,Owan West,Owan East,0.151941644,0.138882972,0.214010569,0.387601876
213,Uhunmwonde,Owan East,0.224944264,0.162064783,0.167862242,0.283756511
214,Ado Ekiti,Owan East,0.307654798,0.266792702,0.30162414,0.251320966
215,Efon-Alayee,Oke-Ero,0.209302326,0.375,0.166666667,0.225490196
216,Ekiti East,Oke-Ero,0.25,0.299429972,0.125,0.188679245
217,Ekiti South West,Oke-Ero,0.27166064,0.266233759,0.271209078,0.255773664
218,Awgu,Oru West,0.083333333,0.095238095,0.107142857,0.085365854
219,Ekiti West,Oke-Ero,0.184223534,0.213830864,0.207872038,0.250242197
220,Emure,Oke-Ero,0.357142857,0.153846154,0.090909091,0.216666667
221,Gboyin,Obubra,0.31983529,0.131551915,0.188804999,0.238079038
222,Idosi-Osi,Oke-Ero,0.200434256,0.201353458,0.15356295,0.157016209
223,Ijero,Oke-Ero,0.351895834,0.399107494,0.215514406,0.210181374
224,Ikere,Owan East,0.5,0.166666667,0.3,0.288888889
225,Ikole,Oke-Ero,0.213149407,0.229371439,0.189242759,0.224233591
226,Ilemeji,Oke-Ero,0.666666667,0.571428571,0.4,0.24
227,Irepodun/Ifelodun,Oke-Ero,0.181818182,0.299429972,0.260379648,0.157894737
228,Ise/Orun,Oke-Ero,0.171060699,0.158432706,0.218823528,0.266373142
229,Moba,Oke-Ero,0.383931717,0.196426059,0.159547617,0.17050588
230,Oye,Oke-Ero,0.245703847,0.209197195,0.036515435,0.143266993
231,Ezeagu,Uzo-Uwani,0.406541925,0.310152923,0.183547524,0.347315147
232,Igbo-Etiti,Uzo-Uwani,0.169787781,0.114435291,0.170949379,0.215102855
233,Igbo-Eze North,Uzo-Uwani,0.221092798,0.217855838,0.209511436,0.118120562
234,Igbo-Eze South,Uzo-Uwani,0.233254471,0.136519718,0.166793844,0.240351624
235,Isi-Uzo,Owan East,0.464431748,0.418946669,0.343821936,0.380122437
236,Nkanu East,Owan East,0.559380035,0.306545916,0.262474999,0.394325816
237,Nkanu West,Uzo-Uwani,0.210526316,0.1,0.160050482,0.106060606
238,Nsukka,Uzo-Uwani,0.38611887,0.308084027,0.130108738,0.221830526
239,Oji-River,Oru West,0.086956522,0.225946586,0.055555556,0.038961039
240,Udenu,Uzo-Uwani,0.218782976,0.170819671,0.028096039,0.175444736
241,Udi,Uzo-Uwani,0.3040081,0.253926617,0.162436058,0.258933681
242,Uzo-Uwani,Uzo-Uwani,0.327028337,0.367206931,0.086675444,0.252716862
243,Ahiazu-Mbaise,Ngor-Okpala,0.090909091,0.428571429,0.076923077,0.214285714
244,Abaji,Keana,0.426753569,0.242500786,0.181989309,0.341084875
245,Bwari,Giwa,0.244205568,0.13000955,0.04295174,0.179001411
246,Gwagwalada,Keana,0.335692259,0.228815615,0.178987204,0.224981429
247,Kuje,Keana,0.508873086,0.36051872,0.345747474,0.443661769
248,Kwali,Keana,0.249141339,0.091169507,0.095544523,0.240719521
249,Bunkure,Gwarzo,0.829787234,0.666666667,0.794117647,0.861111111
250,Abuja Municipal,Keana,0.418523067,0.320238662,0.155117782,0.264070273
251,Akko,Alkaleri,0.31899959,0.2148466,0.214430948,0.466775466
252,Balanga,Alkaleri,0.556849082,0.508376924,0.564286353,0.803248637
253,Billiri,Alkaleri,0.531522209,0.380907069,0.33393797,0.705255164
254,Dukku,Darazo,0.233051961,0.096059125,0.098622582,0.422999526
255,Funakaye,Alkaleri,0.35483871,0.215686275,0.205882353,0.555555556
256,Gombe,Alkaleri,0.359366859,0.280686294,0.281409971,0.460274947
257,Kaltungo,Alkaleri,0.484534717,0.381738609,0.338571783,0.497522113
258,Kwami,Alkaleri,0.304503189,0.193656634,0.159344999,0.530232685
259,Dala,Alkaleri,0.658560253,0.452861936,0.465236703,0.621102597
260,Nafada,Alkaleri,0.480470832,0.387279203,0.271401175,0.718152909
261,Shomgom,Alkaleri,0.528795842,0.400231178,0.481615342,0.835300207
262,Yamaltu/Deba,Alkaleri,0.352948378,0.312419728,0.151352523,0.634547765
263,Aboh-Mbaise,Ngor-Okpala,0.194444444,0.266473717,0.076923077,0.086021505
264,Fagge,Alkaleri,0.484534717,0.381738609,0.338571783,0.497522113
265,Ehime-Mbano,Ngor-Okpala,0.1769013,0.190706742,0.191736714,0.128451426
266,Ezinihitte,Ngor-Okpala,0.039516986,0.062695796,0.109386966,0.189200567
267,Ideato North,Oru West,0.096977064,0.134732491,0.062479402,0.126360864
268,Ideato South,Ngor-Okpala,0.454545455,0.266473717,0.095238095,0.117647059
269,Ihitte/Uboma,Ngor-Okpala,0.304424538,0.266473717,0.219305704,0.266910909
270,Ikeduru,Ngor-Okpala,0.169572346,0.12167345,0.171591701,0.240899779
271,Isiala Mbano,Ngor-Okpala,0.289884807,0.243586368,0.227390223,0.210542634
272,Isu,Ngor-Okpala,0.214285714,0.266473717,0.25,0.288135593
273,Mbaitoli,Ngor-Okpala,0.388128732,0.305279057,0.151276234,0.283367964
274,Obowo,Ngor-Okpala,0.04616033,0.075746025,0.067782444,0.145227952
275,Ngor-Okpala,Ngor-Okpala,0.151515152,0.266473717,0.055555556,0.246153846
276,Njaba,Ngor-Okpala,0.304424538,0.086561791,0.036011103,0.032867537
277,Nkwerre,Ngor-Okpala,0.222012635,0.104956786,0.219305704,0.182582974
278,Nwangele,Ngor-Okpala,0.304424538,0.266473717,0.219305704,0.266910909
279,Oyo East,Akinyele,0.222222222,0.142857143,0.277777778,0.257575758
280,Oguta,Oru West,0.35483871,0.333333333,0.24,0.294117647
281,Ohaji/Egbema,Oru West,0.261863148,0.095878891,0.096041132,0.150670666
282,Okigwe,Ngor-Okpala,0.24,0.192307692,0.068181818,0.101449275
283,Orlu,Oru West,0.260869565,0.125,0.133333333,0.157303371
284,Orsu,Oru West,0.257919839,0.364935574,0.328369299,0.243362921
285,Oru East,Oru West,0.052631579,0.222222222,0.227272727,0.166666667
286,Oru West,Oru West,0.272736387,0.333250624,0.207451519,0.346218903
287,Owerri-Municipal,Oru West,0.8125,0.75,0.916666667,0.585714286
288,Tofa,Taura,0.75,0.55,0.42,0.784810127
289,Owerri North,Ngor-Okpala,0.619047619,0.666666667,0.526315789,0.607843137
290,Owerri West,Ngor-Okpala,0.304424538,0.266473717,0.219305704,0.266910909
291,Unuimo,Ngor-Okpala,0.304424538,0.266473717,0.219305704,0.266910909
292,Auyo,Taura,0.727272727,0.692307692,0.771428571,0.747663551
293,Babura,Babura,0.874582296,0.842755015,0.74694856,0.861709269
294,Biriniwa,Taura,0.749295991,0.646893034,0.947368421,0.767208089
295,Malam Madori,Taura,0.857142857,0.818181818,0.875,0.931034483
296,Birni Kudu,Takali,0.879221521,0.780412827,0.840102739,0.8898771
297,Buji,Takali,0.742088223,0.432266982,0.549887443,0.86602248
298,Jahun,Taura,0.906724843,0.88129703,0.796475482,0.931820208
299,Dutse,Takali,0.740198607,0.8758553,0.622426255,0.767381241
300,Gagarawa,Taura,0.923076923,0.972222222,0.871794872,0.942028986
301,Kafin Hausa,Taura,0.950194866,0.840231475,0.908210855,0.972138948
302,Garki,Babura,0.944444444,0.878787879,0.952380952,0.932432432
303,Gumel,Babura,0.813953488,0.814814815,0.9,0.983050847
304,Guri,Taura,0.749295991,0.646893034,0.603650819,0.767208089
305,Gwaram,Takali,0.836572687,0.813620788,0.702300859,0.915806931
306,Gwiwa,Babura,0.942307692,0.903225806,0.838709677,0.951612903
307,Hadejia,Taura,0.749295991,0.646893034,0.603650819,0.767208089
308,Kaugama,Taura,0.87755102,0.888888889,0.921052632,0.767208089
309,Kazaure,Babura,0.867924528,0.789473684,0.796875,0.949367089
310,Kiri Kasamma,Taura,0.95426831,0.931417983,0.902249808,0.953359679
311,Tsanyawa,Gwarzo,0.914893617,0.652173913,0.611111111,0.873015873
312,Miga,Taura,0.749295991,0.916666667,0.962962963,0.97826087
313,Ringim,Taura,0.828571429,0.95,0.846153846,0.970149254
314,Roni,Babura,0.717584416,0.651199027,0.639332017,0.715626442
315,Taura,Taura,0.822222222,0.769230769,0.620689655,0.841269841
316,Yankwashi,Babura,0.906122861,0.769208941,0.818889593,0.939150636
317,kiyawa,Takali,0.836363636,0.697674419,0.513513514,0.823529412
318,Dutsi,Rimi,0.774193548,0.68,0.605263158,0.707692308
319,Birnin-Gwari,Giwa,0.582706192,0.469378753,0.328007795,0.532330697
320,Kajuru,Soba,0.928571429,0.761904762,0.48,0.652173913
321,Chikun,Soba,0.8,0.846153846,0.52,0.508474576
322,Giwa,Giwa,0.737419113,0.583410843,0.416886871,0.720179025
323,Koko/Besse,Birnin Kebbi,0.950888927,0.844308444,0.675011074,0.85687547
324,Igabi,Soba,0.566011302,0.528315258,0.436655293,0.481778827
325,Ikara,Soba,0.633002088,0.472517731,0.580761674,0.604234676
326,Jaba,Oke-Ero,0.555555556,0.5,0.272727273,0.523809524
327,Ogori/Mangongo,Owan East,0.464431748,0.418946669,0.343821936,0.380122437
328,Jema'a,Soba,0.471794867,0.268834255,0.250138653,0.423622566
329,Kachia,Ngor-Okpala,0.492198246,0.473976046,0.37721268,0.382450653
330,Kaduna North,Soba,0.218632612,0.254940711,0.159292034,0.089167459
331,Kudan,Giwa,0.78026403,0.584976317,0.686797898,0.682705958
332,Kagarko,Oke-Ero,0.869565217,0.333333333,0.352941176,0.5
333,Kaura,Soba,0.904761905,0.571428571,0.586206897,0.529411765
334,Kauru,Soba,0.954545455,0.515566576,0.666666667,0.838235294
335,Kubau,Soba,0.811072268,0.714979278,0.554951194,0.65087995
336,Lere,Soba,0.864,0.712250712,0.571332887,0.718087019
337,Markafi,Gwarzo,0.705952781,0.606857993,0.508646207,0.693592607
338,Sabon-Gari,Soba,0.607866755,0.354691675,0.361975754,0.374085897
339,Sanga,Soba,0.7,0.541666667,0.75,0.508196721
340,Soba,Soba,0.843427297,0.749648955,0.739366889,0.67322227
341,Zango-Kataf,Soba,0.61059512,0.537943709,0.637003665,0.728417262
342,Zaria,Soba,0.619440196,0.399002754,0.32668156,0.367714952
343,Kaduna South,Soba,0.476059913,0.531677658,0.435082141,0.380913205
344,Bichi,Gwarzo,0.705952781,0.606857993,0.508646207,0.693592607
345,Ajingi,Taura,0.838709677,0.727272727,0.740740741,0.980769231
346,Albasu,Takali,0.789473684,0.631578947,0.590909091,0.806451613
347,Bagwai,Babura,0.907407407,0.697674419,0.710526316,0.838235294
348,Bebeji,Gwarzo,0.763157895,0.7,0.575757576,0.666666667
349,Dambatta,Babura,0.584615385,0.567567568,0.285714286,0.705882353
350,Dawakin Kudu,Gwarzo,0.85,0.681818182,0.611111111,0.694444444
351,Dawakin Tofa,Taura,0.829268293,0.794117647,0.62,0.793650794
352,Doguwa,Giwa,0.736111111,0.770833333,0.5,0.816091954
353,Gabasawa,Taura,0.658536585,0.612903226,0.661016949,0.698924731
354,Garko,Gwarzo,0.658536585,0.407407407,0.408163265,0.6625
355,Garum Mallam,Gwarzo,0.818181818,0.75,0.608695652,0.783783784
356,Gaya,Gwarzo,0.878787879,0.730769231,0.806451613,0.941176471
357,Gezawa,Gwarzo,0.740740741,0.741935484,0.711538462,0.718309859
358,Gwale,Alkaleri,0.761861053,0.732151497,0.715963606,0.644022018
359,Gwarzo,Gwarzo,0.673076923,0.5,0.403508772,0.538461538
360,Kabo,Gwarzo,0.76035782,0.693155138,0.544107839,0.750374097
361,Kano Municipal,Alkaleri,0.484534717,0.381738609,0.338571783,0.497522113
362,Karaye,Gwarzo,0.826923077,0.695652174,0.675675676,0.833333333
363,Kibiya,Gwarzo,0.705952781,0.606857993,0.508646207,0.693592607
364,Kiru,Gwarzo,0.779024324,0.623254161,0.515756018,0.733256354
365,Kumbotso,Taura,0.749295991,0.646893034,0.603650819,0.767208089
366,Yagba West,Oke-Ero,0.25,0.5,0.5,0.517241379
367,Kunchi,Babura,0.509004749,0.352733678,0.243679168,0.48046215
368,Kura,Gwarzo,0.825,0.695652174,0.541666667,0.84375
369,Madobi,Taura,0.749295991,0.646893034,0.603650819,0.767208089
370,Makoda,Babura,0.636363636,0.518518519,0.538461538,0.742857143
371,Ekiti,Oke-Ero,0.358598375,0.075483829,0.228405589,0.226141753
372,Minjibir,Taura,0.761938783,0.610201596,0.531197879,0.796941845
373,Nasarawa1,Alkaleri,0.758102767,0.625652174,0.592108085,0.612633102
374,Rano,Gwarzo,0.885714286,0.769230769,0.65,0.855072464
375,Rimin Gado,Gwarzo,0.705952781,0.606857993,0.508646207,0.693592607
376,Bindawa,Rimi,0.794871795,0.916666667,0.807692308,0.805970149
377,Rogo,Gwarzo,0.87804878,0.666666667,0.576923077,0.887096774
378,Shanono,Gwarzo,0.705952781,0.606857993,0.508646207,0.693592607
379,Sumaila,Takali,0.837837838,0.655172414,0.212121212,0.671641791
380,Takali,Takali,0.678756292,0.561025491,0.694047979,0.677809015
381,Tarauni,Alkaleri,0.510791322,0.580469168,0.39707834,0.493405235
382,Tudun Wada,Gwarzo,0.593939372,0.486304143,0.291187144,0.506036979
383,Ungogo,Taura,0.798303699,0.691283154,0.545649808,0.667878796
384,Warawa,Gwarzo,0.283018868,0.322580645,0.226415094,0.5
385,Wudil,Gwarzo,0.711402805,0.593380607,0.459316669,0.739032014
386,Daura,Babura,0.519412943,0.420582088,0.468171518,0.45305405
387,Bakori,Gwarzo,0.66,0.756097561,0.71875,0.739726027
388,Batagarawa,Rimi,0.754530143,0.524184174,0.475913102,0.694047638
389,Batsari,Rimi,0.847826087,0.608695652,0.44,0.767123288
390,Charanchi,Rimi,0.861111111,0.818181818,0.742857143,0.803030303
391,Dan Musa,Rimi,0.954545455,0.818181818,0.826923077,0.873239437
392,Dandume,Giwa,0.582706192,0.469378753,0.328007795,0.532330697
393,Danja,Giwa,0.630434783,0.55,0.2,0.44
394,Dutsin-Ma,Rimi,0.732019322,0.592426281,0.525823573,0.685107348
395,Faskari,Giwa,0.508196721,0.62962963,0.689655172,0.594594595
396,Funtua,Gwarzo,0.673321885,0.507343504,0.348372254,0.599895342
397,Asa,Oke-Ero,0.393939394,0.260869565,0.266666667,0.440677966
398,Ingawa,Rimi,0.931034483,0.833333333,0.512820513,0.818181818
399,Kafur,Gwarzo,0.708988548,0.703184718,0.730656019,0.680214942
400,Kankara,Rimi,0.918032787,0.857142857,0.844444444,0.911392405
401,Kankia,Rimi,0.85,0.821428571,0.833333333,0.835820896
402,Katsina,Rimi,0.567142174,0.556590769,0.471469757,0.497753543
403,Kurfi,Rimi,0.732019322,0.592426281,0.525823573,0.685107348
404,Kusada,Rimi,0.75,0.571428571,0.446428571,0.718309859
405,Malumfashi,Gwarzo,0.571428571,0.5,0.359375,0.543478261
406,Mani,Rimi,0.636810762,0.577843274,0.520196789,0.552895802
407,Matazuu,Rimi,0.961538462,0.923076923,0.941176471,0.984615385
408,Birnin Kebbi,Birnin Kebbi,0.874349018,0.714472081,0.540596894,0.784096173
409,Musawa,Gwarzo,0.758070431,0.589424132,0.517838492,0.685483475
410,Rimi,Rimi,0.732019322,0.592426281,0.525823573,0.685107348
411,Sabuwa,Giwa,0.363636364,0.36,0.266666667,0.566666667
412,Safana,Babura,0.952380952,0.852941176,0.882352941,0.942028986
413,Sandamu,Rimi,0.732019322,0.592426281,0.525823573,0.685107348
414,Aleiro,Birnin Kebbi,0.789226475,0.614967322,0.534978419,0.78771905
415,Argungu,Birnin Kebbi,0.880353787,0.739925815,0.650569606,0.878877198
416,Augie,Birnin Kebbi,0.977777778,0.708333333,0.85,0.909090909
417,Bunza,Birnin Kebbi,0.789226475,0.614967322,0.534978419,0.78771905
418,Fakai,Birnin Kebbi,0.925,0.807692308,0.711538462,0.783783784
419,Gwandu,Birnin Kebbi,0.789226475,0.78125,0.791666667,0.865671642
420,Jega,Birnin Kebbi,0.934417004,0.799158486,0.537410615,0.915591009
421,Kalgo,Birnin Kebbi,0.927737471,0.789110521,0.720989636,0.876524196
422,Iseyin,Akinyele,0.621354362,0.440761858,0.204179158,0.559328204
423,Maiyama,Birnin Kebbi,0.875,0.714285714,0.457142857,0.782608696
424,Ngaski,Owan East,0.967346939,0.876599634,0.68161435,0.859334625
425,Sakaba,Alkaleri,0.484534717,0.381738609,0.338571783,0.497522113
426,Shanga,Birnin Kebbi,0.973684211,0.814814815,0.697674419,0.714285714
427,Suru,Birnin Kebbi,0.93877551,0.806451613,0.527777778,0.819444444
428,Wasagu/Danko,Alkaleri,0.95,0.947368421,0.666666667,0.90625
429,Yauri,Birnin Kebbi,0.98183935,0.929500384,0.67213445,0.89052381
430,Zuru,Alkaleri,0.484534717,0.913043478,0.703703704,0.895833333
431,Adavi,Owan East,0.830655145,0.595557959,0.519685549,0.592855281
432,Ajaokuta,Owan East,0.4,0.416666667,0.407407407,0.413043478
433,Ankpa,Owan East,0.409335716,0.263829772,0.384044517,0.327565622
434,Bassa1,Keana,0.9,0.75,0.770833333,0.846153846
435,Dekina,Owan East,0.22239362,0.223553422,0.186247591,0.329535015
436,Edu,Oke-Ero,0.275828235,0.222354339,0.238085868,0.365918206
437,Ibaji,Uzo-Uwani,0.526264619,0.509690941,0.423182439,0.608589306
438,Idah,Uzo-Uwani,0.276486564,0.224106265,0.160050482,0.188842186
439,Igalamela-Odolu,Uzo-Uwani,0.845747123,0.769543044,0.693778231,0.720103359
440,Ijumu,Oke-Ero,0.55,0.666666667,0.583333333,0.54
441,Kabba/Bunu,Oke-Ero,0.535581734,0.361650218,0.434111405,0.5
442,Kogi,Keana,0.363636364,0.1,0.166666667,0.301886792
443,Lokoja,Keana,0.605339166,0.541794922,0.421650388,0.591267231
444,Mopa-Muro,Oke-Ero,0.391788901,0.299429972,0.260379648,0.355121446
445,Ofu,Owan East,0.540084421,0.414473633,0.407294799,0.568438009
446,Okehi,Owan East,0.75,0.571428571,0.333333333,0.512820513
447,Okene,Owan East,0.516561461,0.448181307,0.306656436,0.491094608
448,Olamabolo,Owan East,0.36041507,0.629779202,0.288515541,0.315320738
449,Omala,Keana,0.122571401,0.032353346,0.182721127,0.20689111
450,Yagba East,Oke-Ero,0.529411765,0.6,0.375,0.535714286
451,Ifelodun1,Oke-Ero,0.367932207,0.306901545,0.247713367,0.460711266
452,Ilorin East,Oke-Ero,0.289941315,0.295344661,0.263293536,0.302916209
453,Ilorin South,Oke-Ero,0.391788901,0.299429972,0.260379648,0.355121446
454,Ilorin West,Owan East,0.217238965,0.200527697,0.205987169,0.141257146
455,Irepodun1,Owan East,0.191973375,0.155091047,0.287478323,0.3102155
456,Itesiwaju,Akinyele,0.43481825,0.392030997,0.310573478,0.377487976
457,Isin,Oke-Ero,0.299054347,0.166666667,0.178191485,0.340654862
458,Kaiama,Oke-Ero,0.619047619,0.59375,0.347826087,0.638888889
459,Moro,Oke-Ero,0.208333333,0.25,0.108108108,0.2
460,Offa,Akinyele,0.243887332,0.268292669,0.286452093,0.303979904
461,Oke-Ero,Oke-Ero,0.133333333,0.090909091,0.210526316,0.208333333
462,Kajola,Akinyele,0.396945104,0.1752945,0.256845889,0.399760373
463,Oyun,Oke-Ero,0.411474907,0.116692039,0.26626085,0.369624561
464,Pategi,Oke-Ero,0.764705882,0.4,0.222222222,0.755102041
465,Agege,Uzo-Uwani,0.236100835,0.257686681,0.050976405,0.178004623
466,Ajeromi-Ifelodun,Uzo-Uwani,0.148953743,0.147321439,0.011366354,0.041432729
467,Alimosho,Uzo-Uwani,0.247223361,0.184538925,0.148105303,0.147674315
468,Apapa,Isoko South,0.307692308,0.2,0.210526316,0.206896552
469,Epe,Uzo-Uwani,0.076923077,0.25,0.166666667,0.18
470,Ifako-Ijaye,Uzo-Uwani,0.276486564,0.224106265,0.160050482,0.031920249
471,Ikeja,Uzo-Uwani,0.4,0.224106265,0.160050482,0.109090909
472,Mushin,Isoko South,0.121620751,0.14988435,0.0713975,0.048112926
473,Kokona,Oke-Ero,0.729032252,0.640765073,0.538461538,0.659225087
474,Ojo,Isoko South,0.278301893,0.289831061,0.147221679,0.192058757
475,Oshodi-Isolo,Uzo-Uwani,0.13028846,0.078841517,0.160050482,0.044036018
476,Surulere1,Oke-Ero,0.03442095,0.036336121,0.013773319,0.027144489
477,Akwanga,Oke-Ero,0.822883221,0.800838317,0.727112838,0.792005115
478,Obi2,Keana,0.823529412,0.85,0.294117647,0.8
479,Awe,Keana,0.605432934,0.429533507,0.468947384,0.732287966
480,Doma,Keana,0.738946068,0.484623909,0.332206395,0.600357251
481,Karu,Oke-Ero,0.380360634,0.380141437,0.448174308,0.397831492
482,Keana,Keana,0.511047108,0.441048146,0.346819024,0.589015934
483,Keffi,Oke-Ero,0.722389048,0.429725569,0.434474849,0.570575557
484,Lafia,Alkaleri,0.501905966,0.364569988,0.269162619,0.465595333
485,Nasarawa2,Keana,0.656017976,0.461261583,0.483376965,0.64975546
486,Nasarawa-Eggon,Alkaleri,0.692307692,0.666666667,0.620689655,0.658536585
487,Chanchaga,Keana,0.343627973,0.174183095,0.194156293,0.327245053
488,Toto,Keana,0.665760191,0.576987785,0.491463825,0.630641004
489,Wamba,Alkaleri,0.941176471,0.5,0.71875,0.819444444
490,Agaie,Oke-Ero,0.391788901,0.299429972,0.260379648,0.355121446
491,Agwara,Birnin Kebbi,0.789226475,0.614967322,0.534978419,0.78771905
492,Bida,Oke-Ero,0.391304348,0.181818182,0.155555556,0.340909091
493,Bosso,Keana,0.359945185,0.318367248,0.268395424,0.398904399
494,Edati,Oke-Ero,0.470588235,0.375,0.266666667,0.536231884
495,Gbako,Oke-Ero,0.166666667,0.121212121,0.260379648,0.141025641
496,Gurara,Oke-Ero,0.391788901,0.299429972,0.260379648,0.355121446
497,Katcha,Oke-Ero,0.380502224,0.123584445,0.1324138,0.310474544
498,Kontagora,Oke-Ero,0.314253047,0.161544985,0.137070127,0.274759284
499,Lapai,Oke-Ero,0.391788901,0.299429972,0.260379648,0.355121446
500,Lavun,Oke-Ero,0.340848191,0.286407935,0.176210845,0.31019557
501,Magama,Oke-Ero,0.352184692,0.230655127,0.184593034,0.348613248
502,Mariga,Oke-Ero,0.436363636,0.103448276,0.08,0.430555556
503,Mashegu,Oke-Ero,0.391788901,0.299429972,0.260379648,0.355121446
504,Pailoro,Oke-Ero,0.232081151,0.111427771,0.111189888,0.215628656
505,Lagelu,Akinyele,0.43481825,0.392030997,0.310573478,0.377487976
506,Mokwa,Oke-Ero,0.453568073,0.245256575,0.232270097,0.433460148
507,Muya,Giwa,0.488372093,0.166666667,0.035714286,0.394366197
508,Abeokuta South,Uzo-Uwani,0.378117902,0.636654445,0.175224834,0.2573025
509,Ijebu North,Owan East,0.558238653,0.374806236,0.352085926,0.209476907
510,Rafi,Oke-Ero,0.453310856,0.38809097,0.286600197,0.460372282
511,Rijau,Alkaleri,0.484534717,0.96875,0.638888889,0.984615385
512,Ado-Odo/Ota,Uzo-Uwani,0.437146656,0.447816926,0.289844266,0.30835722
513,Ijebu North East,Oke-Ero,0.111111111,0.299429972,0.260379648,0.066666667
514,Shiroro,Oke-Ero,0.265165379,0.181315656,0.285587031,0.294412917
515,Suleja,Giwa,0.412932782,0.3,0.156546892,0.235180818
516,Tafa,Oke-Ero,0.606060606,0.52,0.34375,0.46031746
517,Wushishi,Oke-Ero,0.391788901,0.299429972,0.260379648,0.355121446
518,Abeokuta North,Owan East,0.5585438,0.50745042,0.396366979,0.512361736
519,Egbado South,Uzo-Uwani,0.205496634,0.379322307,0.213980582,0.259901354
520,Ewekoro,Uzo-Uwani,0.7798507,0.679724304,0.480287211,0.636818403
521,Ifo,Uzo-Uwani,0.386315631,0.304872618,0.237381855,0.199603975
522,Ijebu East,Oke-Ero,0.5,0.166666667,0.260379648,0.186046512
523,Ijebu ode,Owan East,0.747058801,0.377990428,0.116487458,0.262370517
524,Ikenne,Owan East,0.153846154,0.418946669,0.25,0.08
525,Obafemi-Owode,Owan East,0.539050749,0.48770825,0.308850416,0.391735404
526,Odeda,Oke-Ero,0.823529412,0.454545455,0.3,0.5
527,Odogbolu,Owan East,0.4,0.333333333,0.666666667,0.255813953
528,Ogun waterside,Owan East,0.464431748,0.418946669,0.343821936,0.380122437
529,Remo North,Owan East,0.588235294,0.333333333,0.343821936,0.195652174
530,Shagamu,Uzo-Uwani,0.288248311,0.254403105,0.168918903,0.203706057
531,Akoko North East,Oke-Ero,0.557814073,0.683896847,0.651406759,0.590929797
532,Akoko North West,Oke-Ero,0.410516355,0.526788924,0.257189745,0.313420451
533,Akoko South East,Oke-Ero,0.388888889,0.4,0.388888889,0.367647059
534,Akoko South West,Oke-Ero,0.711850348,0.65103268,0.571270358,0.574807002
535,Akure North,Owan East,0.235294118,0.142857143,0.375,0.185185185
536,Ifedayo,Oke-Ero,0.615384615,0.444444444,0.466666667,0.48
537,Akure South,Owan East,0.428571429,0.5625,0.5,0.454545455
538,Ese-Odo,Owan East,0.555555556,0.5,0.470588235,0.523809524
539,Idanre,Akinyele,0.43481825,0.392030997,0.310573478,0.377487976
540,Ifedore,Oke-Ero,0.534859216,0.686508582,0.382894942,0.519012134
541,Ile-Oluji-Okeigbo,Akinyele,0.774403333,0.507434778,0.416297806,0.535604026
542,Irele,Akinyele,0.666666667,0.533333333,0.607142857,0.509433962
543,Odigbo,Akinyele,0.681747006,0.659805784,0.531692306,0.603978194
544,Ifelodun2,Akinyele,0.333333333,0.333333333,0.066666667,0.408163265
545,Okitipupa,Owan East,0.418949214,0.290723381,0.270402164,0.376401525
546,Ondo East,Akinyele,0.642857143,0.454545455,0.538461538,0.759259259
547,Ondo West,Akinyele,0.693629478,0.559531249,0.420098786,0.5171677
548,Ose,Owan East,0.6772655,0.615682482,0.615079366,0.571626617
549,Owo,Owan East,0.730592434,0.745756536,0.533431942,0.601262243
550,Aiyedade,Akinyele,0.384615385,0.375,0.416666667,0.277777778
551,Aiyedire,Akinyele,0.43481825,0.392030997,0.310573478,0.377487976
552,Atakumosa East,Oke-Ero,0.210526316,0.285714286,0.5,0.241935484
553,Orolu,Oke-Ero,0.424911632,0.346846816,0.212690927,0.317622076
554,Atakumosa West,Akinyele,0.285714286,0.25,0.384615385,0.245901639
555,Boluwaduro,Akinyele,0.381254259,0.22239645,0.10724577,0.308492383
556,Boripe,Akinyele,0.473684211,0.2,0.583333333,0.436363636
557,Ede North,Akinyele,0.43481825,0.392030997,0.310573478,0.377487976
558,Ede South,Akinyele,0.43481825,0.392030997,0.310573478,0.377487976
559,Egbedore,Akinyele,0.45421774,0.376642327,0.266298347,0.425178617
560,Ejigbo,Akinyele,0.470284781,0.224596666,0.278254826,0.432518962
561,Ife Central,Akinyele,0.370860927,0.363636364,0.112676056,0.154362416
562,Ife East,Akinyele,0.363636364,0.666666667,0.310573478,0.104477612
563,Ife North,Akinyele,0.082463807,0.06802154,0.054673458,0.072593452
564,Ife South,Akinyele,0.43481825,0.392030997,0.310573478,0.377487976
565,Ila,Oke-Ero,0.337088515,0.460069442,0.361482952,0.282519604
566,Ilesha East,Owan East,0.083333333,0.142857143,0.058823529,0.2
567,Ilesha West,Akinyele,0.255319146,0.324624433,0.230378757,0.243742778
568,Irepodun2,Akinyele,0.44,0.538461538,0.473684211,0.218181818
569,Irewole,Akinyele,0.252061262,0.104738156,0.079664594,0.154339257
570,Isokan,Akinyele,0.43481825,0.392030997,0.310573478,0.377487976
571,Iwo,Akinyele,0.281946314,0.300462655,0.227941543,0.278599867
572,Osogbo,Owan East,0.247452907,0.2,0.155639397,0.317641643
573,Obokun,Akinyele,0.43481825,0.392030997,0.310573478,0.377487976
574,Odo-Otin,Oke-Ero,0.348131854,0.487897644,0.259816091,0.303001986
575,Ola-oluwa,Akinyele,0.43481825,0.392030997,0.310573478,0.377487976
576,Olorunda,Akinyele,0.43481825,0.392030997,0.310573478,0.377487976
577,Oriade,Oke-Ero,0.105263158,0.104201982,0.03949059,0.09244473
578,Ibadan South East,Akinyele,0.43481825,0.392030997,0.310573478,0.377487976
579,Afijio,Akinyele,0.538461538,0.25,0.111111111,0.347826087
580,Akinyele,Akinyele,0.464362203,0.556624126,0.419195418,0.355369252
581,Atiba,Akinyele,0.75,0.5,0.310573478,0.566666667
582,Egbeda,Akinyele,0.473740114,0.560115021,0.317784661,0.421938196
583,Ibadan North,Owan East,0.380628229,0.41082061,0.224059475,0.251946235
584,Ibadan North East,Owan East,0.523809524,0.571428571,0.625,0.565217391
585,Ibadan North West,Owan East,0.323425346,0.472449841,0.311850234,0.299684294
586,Ibarapa Central,Akinyele,0.357807052,0.375169148,0.44857222,0.515042539
587,Ibarapa East,Oke-Ero,0.391788901,0.299429972,0.260379648,0.355121446
588,Ibarapa North,Oke-Ero,0.391788901,0.299429972,0.260379648,0.355121446
589,Ido,Akinyele,0.506710314,0.491129615,0.356596265,0.326871641
590,Irepo,Oke-Ero,0.391788901,0.299429972,0.260379648,0.355121446
591,Ogo Oluwa,Oke-Ero,0.391788901,0.299429972,0.260379648,0.355121446
592,Olorunsogo,Oke-Ero,0.391788901,0.299429972,0.260379648,0.355121446
593,Oluyole,Oke-Ero,0.391788901,0.299429972,0.260379648,0.355121446
594,Ona-Ara,Akinyele,0.43481825,0.392030997,0.310573478,0.377487976
595,Orelope,Oke-Ero,0.391788901,0.299429972,0.260379648,0.355121446
596,Ori Ire,Oke-Ero,0.25,0.3,0.238095238,0.418181818
597,Oyo West,Akinyele,0.454545455,0.142857143,0.05,0.234042553
598,Saki East,Oke-Ero,0.256501549,0.198962469,0.053177693,0.419861008
599,Saki West,Akinyele,0.393841171,0.413092568,0.347480103,0.463219228
600,Surulere2,Oke-Ero,0.157894737,0.444444444,0.4375,0.355932203
601,Barikin Ladi,Soba,0.626139982,0.515566576,0.431801862,0.486391795
602,Bassa2,Soba,0.251903919,0.182899621,0.132601355,0.218721077
603,Bokkos,Giwa,0.53538517,0.461116812,0.222917387,0.336216785
604,Jos East,Soba,0.590909091,0.277777778,0.222222222,0.428571429
605,Jos North,Soba,0.522537509,0.321151837,0.228652788,0.402190017
606,Jos South,Soba,0.523737199,0.257313895,0.243586588,0.323798926
607,Kanam,Alkaleri,0.529240601,0.399926936,0.335198028,0.393608529
608,Kanke,Alkaleri,0.422954199,0.308113923,0.31664203,0.414514415
609,Langtang North,Alkaleri,0.333333333,0.3,0.451612903,0.451612903
610,Langtang South,Keana,0.508873086,0.36051872,0.345747474,0.443661769
611,Mangu,Darazo,0.613195813,0.501233271,0.357275284,0.465360486
612,Mikang,Alkaleri,0.484534717,0.381738609,0.338571783,0.497522113
613,Abua/Odual,Ahoada West,0.145590149,0.300011628,0.095100445,0.097399364
614,Pankshin,Alkaleri,0.217219582,0.189659539,0.26875978,0.281852219
615,Qua'an Pan,Keana,0.373816153,0.283542035,0.231385107,0.347472741
616,Riyom,Soba,0.64,0.642857143,0.714285714,0.464285714
617,Shendam,Keana,0.314996096,0.143340498,0.189678365,0.265435073
618,Wase,Alkaleri,0.328671332,0.261467872,0.218855208,0.283783791
619,Ahoada East,Ahoada West,0.117816091,0.263960478,0.045255473,0.068187744
620,Ahoada West,Ahoada West,0.111111111,0.263960478,0.229098821,0.2
621,Andoni,Nsit Ubium,0.553821989,0.703952829,0.555587611,0.434060556
622,Asari-Toru,Ahoada West,0.454056649,0.494097309,0.369375132,0.260014416
623,Bonny,Nsit Ubium,0.1847398,0.304634901,0.071429267,0.108733131
624,Eleme,Ahoada West,0.334594703,0.254864533,0.171533773,0.268713938
625,Emohua,Ahoada West,0.466666667,0.214285714,0.315789474,0.189655172
626,Etche,Ngor-Okpala,0.189331333,0.265626203,0.271860382,0.26147852
627,Gokana,Nsit Ubium,0.220027729,0.230710689,0.110953956,0.173612354
628,Ikwerre,Oru West,0.29194173,0.15267912,0.083696353,0.141089116
629,Khana,Nsit Ubium,0.047619048,0.083333333,0.384615385,0.081967213
630,Obia/Akpor,Ahoada West,0.255492555,0.193917311,0.191891516,0.248023911
631,Ogba/Egbema/Ndoni,Ahoada West,0.399508815,0.156078347,0.117017556,0.140913141
632,Ogu/Bolo,Nsit Ubium,0.33446468,0.294193051,0.202569073,0.227821791
633,Okrika,Nsit Ubium,0.457985388,0.349969054,0.074590824,0.193130855
634,Omumma,Ngor-Okpala,0.146245584,0.160250289,0.110463687,0.194673955
635,Opobo/Nkoro,Nsit Ubium,0.602010979,0.442883908,0.447329865,0.289477492
636,Oyigbo,Nsit Ubium,0.333333333,0.294193051,0.0625,0.152173913
637,Port-Harcourt,Ahoada West,0.238711516,0.2946257,0.330645146,0.205550909
638,Tai,Nsit Ubium,0.139534877,0.155405389,0.112765959,0.123642053
639,Binji,Gawabawa,0.466666667,0.444444444,0.290322581,0.804347826
640,Bodinga,Gawabawa,0.427859204,0.270862569,0.394797566,0.596753141
641,Dange-Shnsi,Gawabawa,0.764705882,0.529411765,0.166666667,0.827586207
642,Akuku Toru,Ahoada West,0.5,0.692307692,0.384615385,0.24
643,Goronyo,Gawabawa,0.588235294,0.153846154,0.368421053,0.613636364
644,Gawabawa,Gawabawa,0.447272942,0.190509869,0.235265365,0.522596299
645,Illela,Gawabawa,0.605179244,0.331705584,0.25569101,0.713138101
646,Isa,Rimi,0.8,0.565217391,0.266666667,0.551724138
647,Kebbe,Birnin Kebbi,0.789226475,0.614967322,0.534978419,0.78771905
648,Kware,Gawabawa,0.558139535,0.391304348,0.148148148,0.692307692
649,Rabah,Gawabawa,0.365853659,0.166666667,0.170212766,0.582278481
650,Shagari,Birnin Kebbi,0.52,0.333333333,0.527777778,0.740740741
651,Mubi South,Darazo,0.395320489,0.421511053,0.491295171,0.42711917
652,Silame,Gawabawa,0.709677419,0.692307692,0.7,0.948717949
653,Sokoto North,Gawabawa,0.404509205,0.271187727,0.284439847,0.557486971
654,Sokoto South,Birnin Kebbi,0.462122758,0.374430593,0.404363962,0.684160645
655,Tambuwal,Birnin Kebbi,0.655906915,0.46118628,0.565238128,0.808849393
656,Tureta,Birnin Kebbi,0.545499786,0.236689636,0.276186409,0.602619501
657,Wamako,Gawabawa,0.419354839,0.454545455,0.416666667,0.410714286
658,Wurno,Gawabawa,0.566000583,0.440460625,0.44933945,0.738449162
659,Yabo,Gawabawa,0.652173913,0.5,0.424242424,0.822580645
660,Ardo-Kola,Keana,0.5,0.4,0.441176471,0.548387097
661,Gassol,Keana,0.367913764,0.199445386,0.267754229,0.457482077
662,Bali,Keana,0.268987822,0.124883102,0.042301812,0.188030929
663,Donga,Keana,0.32305734,0.369040504,0.127395847,0.223881381
664,Ibi,Keana,0.508873086,0.36051872,0.345747474,0.443661769
665,Jalingo,Keana,0.171428569,0.296629209,0.210350591,0.248966088
666,Yorro,Alkaleri,0.151846072,0.381738609,0.092650918,0.156599255
667,Potiskum,Darazo,0.585939966,0.429924145,0.394835359,0.513146014
668,Karin-Lamido,Alkaleri,0.066633005,0.057988154,0.015827705,0.067323472
669,Lau,Alkaleri,0.170212766,0.03125,0.070175439,0.133858268
670,Wukari,Keana,0.42950465,0.303466465,0.252620506,0.355949278
671,Zing,Alkaleri,0.1875,0.181818182,0.111111111,0.09375
672,Bade,Taura,0.736842105,0.694444444,0.795454545,0.759493671
673,Nguru,Taura,0.684210526,0.37037037,0.458333333,0.738095238
674,Bursari,Taura,0.604166667,0.454545455,0.289473684,0.492063492
675,Damaturu,Darazo,0.161290323,0.121212121,0.075,0.115942029
676,Fika,Darazo,0.452267101,0.147058824,0.260204646,0.042857143
677,Gujba,Darazo,0.452267101,0.327499677,0.260204646,0.492014848
678,Fune,Darazo,0.130446723,0.153939112,0.095508126,0.208923888
679,Gulani,Alkaleri,0.484534717,0.381738609,0.338571783,0.497522113
680,Geidam,Babura,0.717584416,0.651199027,0.639332017,0.715626442
681,Nangere,Darazo,0.364864865,0.147058824,0.166666667,0.301204819
682,Jakusko,Taura,0.512573098,0.416346743,0.456107024,0.656579762
683,Karasuwa,Taura,0.755536233,0.710374922,0.576678826,0.787037526
684,Tarmua,Rimi,0.732019322,0.592426281,0.525823573,0.685107348
685,Anka,Darazo,0.489908647,0.294612795,0.259568682,0.677019938
686,Bakura,Darazo,0.568458239,0.1242193,0.220476209,0.732518499
687,Birnin Magaji,Rimi,0.732019322,0.592426281,0.525823573,0.685107348
688,Bukkuyum,Alkaleri,0.360542629,0.089060106,0.064894365,0.530305213
689,Bungudu,Takali,0.620606501,0.324114918,0.260735507,0.59442566
690,Gummi,Birnin Kebbi,0.305614292,0.04398587,0.109842428,0.469238903
691,Ipokia,Uzo-Uwani,0.454545455,0.25,0.3,0.355932203
692,Gusau,Darazo,0.698235949,0.457345984,0.206150472,0.769114111
693,Kaura-Namoda,Rimi,0.432231885,0.180422409,0.208870294,0.553058088
694,Maradun,Darazo,0.715923048,0.21048229,0.257550785,0.758017814
695,Tsafe,Takali,0.53209981,0.123542428,0.209375482,0.5975451
696,Maru,Giwa,0.582706192,0.469378753,0.328007795,0.532330697
697,Shinkafi,Rimi,0.571428571,0.322580645,0.255813953,0.681818182
698,Talata Mafara,Darazo,0.493658506,0.228289256,0.141540684,0.569468183
699,Zurmi,Rimi,0.42078668,0.140503265,0.174715185,0.527304937
700,Mbo,Nsit Ubium,0.352941176,0.666666667,0.321428571,0.3
701,Oron,Nsit Ubium,0.066666667,0.294193051,0.2,0.25
702,Udung Uko,Nsit Ubium,0.33446468,0.294193051,0.202569073,0.227821791
703,Calabar South,Nsit Ubium,0.503793657,0.289940862,0.179419564,0.230488395
704,Ibeno,Nsit Ubium,0.33446468,0.294193051,0.202569073,0.227821791
705,Eastern Obolo,Nsit Ubium,0.611111111,0.388888889,0.323529412,0.360655738
706,Degema,Ahoada West,0.2,0.263960478,0.142857143,0.166666667
707,Brass,Ahoada West,0.523182847,0.494260236,0.433477069,0.435870811
708,Southern Ijaw,Ahoada West,0.229416799,0.190161179,0.205909014,0.268609718
709,Ekeremor,Ahoada West,0.491716412,0.519645239,0.593970251,0.509221184
710,Burutu,Isoko South,0.291262183,0.42352942,0.540816316,0.273885364
711,Warri South West,Isoko South,0.428571429,0.428571429,0.2,0.685185185
712,Warri North,Owan East,0.606036701,0.471168493,0.487972817,0.429468134
713,Ilaje,Owan East,0.761904762,0.75,0.722222222,0.716981132
714,Ibeju/Lekki,Uzo-Uwani,0.243243243,0.2,0.115384615,0.257575758
715,Amuwo-Odofin,Isoko South,0.47710782,0.235467984,0.102034176,0.100888573
716,Badagry,Uzo-Uwani,0.375,0.333333333,0.344827586,0.264150943
717,Egbado North,Owan East,0.222222222,0.230769231,0.058823529,0.25
718,Imeko-Afon,Oke-Ero,0.25,0.3,0.3125,0.314814815
719,Iwajowa,Oke-Ero,0.75,0.526315789,0.230769231,0.735849057
720,Atigbo,Oke-Ero,0.214285714,0.299429972,0.260379648,0.173913043
721,Baruten,Oke-Ero,0.353383442,0.230601131,0.234270389,0.336931011
722,Borgu,Oke-Ero,0.142857143,0.043478261,0.181818182,0.134328358
723,Bagudo,Birnin Kebbi,0.896493581,0.744287257,0.655809425,0.832315501
724,Dandi,Birnin Kebbi,0.865663905,0.82922218,0.503173764,0.757595484
725,Arewa-Dandi,Birnin Kebbi,0.944444444,0.826086957,0.76,0.939393939
726,Gudu,Gawabawa,0.541896854,0.352734644,0.28107122,0.599523849
727,Tangaza,Gawabawa,0.541896854,0.352734644,0.28107122,0.599523849
728,Gada,Gawabawa,0.454220264,0.16072196,0.267299852,0.564402412
729,Sabon Birni,Gawabawa,0.738132088,0.461368656,0.342557519,0.791720571
730,kaita,Rimi,0.882352941,0.518518519,0.529411765,0.655172414
731,Jibia,Rimi,0.854166667,0.826086957,0.641025641,0.796875
732,Mashi,Rimi,0.87804878,0.677419355,0.666666667,0.8
733,Mai'Adua,Rimi,0.87804878,0.918918919,0.90625,0.961538462
734,Zango,Babura,0.6875,0.515151515,0.526315789,0.639344262
735,Baure,Babura,0.372093023,0.515151515,0.566666667,0.430379747
736,Sule-Tankarkar,Babura,0.921568627,0.833333333,0.862068966,0.941176471
737,Maigatari,Babura,0.717584416,0.964814107,0.954923663,0.939594887
738,Ussa,Oru West,0.115384615,0.225946586,0.152765099,0.075757576
739,Machina,Taura,0.691060004,0.551337845,0.529656676,0.665854335
740,Yusufari,Taura,0.267857143,0.161290323,0.111111111,0.292307692
741,Shomolu,Isoko South,0.3,0.2,0.17817353,0.078125
742,Yunusari,Babura,0.717584416,0.651199027,0.639332017,0.715626442
743,Monguno,Babura,0.717584416,0.651199027,0.639332017,0.715626442
744,Mobbar,Babura,0.493776459,0.450878353,0.474307234,0.56222709
745,Ngala,Taura,0.749295991,0.646893034,0.603650819,0.767208089
746,Abadam,Babura,0.717584416,0.651199027,0.639332017,0.715626442
747,Kukawa,Babura,0.538461538,0.75,0.5,0.705882353
748,Kala/Balge,Darazo,0.452267101,0.327499677,0.260204646,0.492014848
749,Bama,Darazo,0.452267101,0.327499677,0.260204646,0.492014848
750,Gwoza,Darazo,0.452267101,0.327499677,0.260204646,0.492014848
751,Madagali,Darazo,0.452267101,0.327499677,0.260204646,0.492014848
752,Michika,Darazo,0.5,0.428571429,0.166666667,0.396551724
753,Mubi North,Darazo,0.337183006,0.375322672,0.325618543,0.360855615
754,Maiha,Alkaleri,0.382978723,0.275862069,0.378378378,0.455882353
755,Fufore,Alkaleri,0.372915678,0.40166749,0.396978755,0.381692756
756,Jada,Alkaleri,0.459651437,0.481068068,0.366520339,0.388792505
757,Ganaye,Alkaleri,0.434782609,0.19047619,0.333333333,0.416666667
758,Toungo,Keana,0.433333333,0.357142857,0.454545455,0.295081967
759,Kurmi,Oru West,0.076923077,0.086956522,0.085106383,0.077922078
760,Gashaka,Oru West,0.195652174,0.076923077,0.04,0.230769231
761,Sardauna,Oru West,0.036710873,0.025877755,0.015378114,0.056807141
762,Takum,Keana,0.351704909,0.347428556,0.220457908,0.290336882
763,Kwande,Oke-Ero,0.392421049,0.266331628,0.241225244,0.381666977
764,Obanliku,Obubra,0.882352941,0.842105263,0.75,0.703703704
765,Boki,Obubra,0.125,0.25,0.111111111,0.183673469
766,Etung,Obubra,0.25,0.1,0.388888889,0.282051282
767,Akamkpa,Ngor-Okpala,0.416996009,0.299737126,0.459918974,0.349381787
768,Bakassi,Obubra,0.647208055,0.594090851,0.548608298,0.560815073
769,Akpabuyo,Nsit Ubium,0.340380114,0.244272456,0.301952894,0.382230957
770,Eti-Osa,Isoko South,0.125,0.666666667,0.17817353,0.174180404
771,Ikorodu,Uzo-Uwani,0.151892926,0.010384456,0.016491386,0.040550217
772,Kosofe,Isoko South,0.231067122,0.178238948,0.094993847,0.112109923
773,Lagos Island,Isoko South,0.287978429,0.255845189,0.17817353,0.174180404
774,Lagos Mainland,Isoko South,0.02523659,0.255845189,0.17817353,0.087849209