,adm1,adm2,year,llins_yn,llins_num,llin_month,mortality,Kill_rate
0,Adamawa,Lamurde,2010,,,,0.67809547,0.6541598365028833
1,Adamawa,Song,2010,,,,0.753191828,0.6913112514691124
2,Adamawa,Yola South,2010,,,,0.8083418729999999,0.7142291150711051
3,Akwa lbom,Abak,2010,,,,0.722364563,0.6769122662111883
4,Akwa lbom,Essien Udim,2010,,,,0.69176266,0.661448320774548
5,Akwa lbom,Ibesikpo Asutan,2010,,,,0.738593362,0.6846382179938467
6,Akwa lbom,Ikot Abasi,2010,,,,0.46170393600000004,0.5090468864650947
7,Akwa lbom,Obot Akara,2010,,,,0.69367019,0.6624467456749926
8,Akwa lbom,Oruk Anam,2010,,,,0.677306988,0.6537321201896505
9,Anambra,Ayamelum,2010,,,,0.714672874,0.6731361352891656
10,Akwa lbom,Uyo,2010,,,,0.7286014259999999,0.6799200208331903
11,Anambra,Anaocha,2010,,,,0.731896698,0.6814896849995334
12,Anambra,Ihiala,2010,,,,0.548692497,0.5736082284633445
13,Anambra,Nnewi North,2010,,,,0.681588098,0.6560449389409622
14,Anambra,Onitsha South,2010,,,,0.715601623,0.6735960191303301
15,Anambra,Oyi,2010,,,,0.67143453,0.6505217337755737
16,Bauchi,Bauchi,2010,,,,0.7869456140000001,0.7057591211840843
17,Bauchi,Damban,2010,,,,0.8531699070000001,0.7303313374518104
18,Bauchi,Gamawa,2010,,,,0.849288788,0.7290219962864074
19,Bauchi,Giade,2010,,,,0.809072021,0.7145089849811003
20,Bauchi,Katagum,2010,,,,0.8335454059999999,0.7235486275494275
21,Bauchi,Misau,2010,,,,0.854425745,0.7307516698434419
22,Bauchi,Ningi,2010,,,,0.757628049,0.6932877309382589
23,Bauchi,Shira,2010,,,,0.8231514740000001,0.7197897026878524
24,Ekiti,Ado Ekiti,2010,,,,0.5490412179999999,0.5738519993214132
25,Ekiti,Ekiti West,2010,,,,0.562659647,0.5832666545197778
26,Ekiti,Irepodun/Ifelodun,2010,,,,0.569981101,0.5882417840278892
27,Gombe,Akko,2010,,,,0.708246615,0.6699244386971408
28,Gombe,Dukku,2010,,,,0.806641347,0.7135749724615819
29,Gombe,Gombe,2010,,,,0.745665948,0.6879036298937512
30,Kano,Dala,2010,,,,0.767276689,0.6975047550598006
31,Gombe,Shomgom,2010,,,,0.6626358179999999,0.6456296288094574
32,Kano,Tofa,2010,,,,0.78682214,0.7057087168399058
33,Jigawa,Malam Madori,2010,,,,0.832407763,0.7231428972387848
34,Jigawa,Birni Kudu,2010,,,,0.8099067459999999,0.7148282076150894
35,Jigawa,Kafin Hausa,2010,,,,0.837861447,0.7250752934566808
36,Jigawa,Gwaram,2010,,,,0.830878899,0.7225954475582106
37,Kaduna,Birnin-Gwari,2010,,,,0.585336478,0.5984747641419744
38,Kaduna,Chikun,2010,,,,0.610430948,0.6145935207128969
39,Kebbi,Koko/Besse,2010,,,,0.461923759,0.5092183018820632
40,Kaduna,Kaduna North,2010,,,,0.6195223129999999,0.620243504030406
41,Kaduna,Kauru,2010,,,,0.586972837,0.5995489085161168
42,Kaduna,Lere,2010,,,,0.645529076,0.635837174000931
43,Kaduna,Markafi,2010,,,,0.7920001790000001,0.707807336549443
44,Kaduna,Soba,2010,,,,0.7559986999999999,0.6925645666889204
45,Kaduna,Zaria,2010,,,,0.700548728,0.6660088399268147
46,Kano,Bagwai,2010,,,,0.7895333940000001,0.7068114339927863
47,Kano,Bebeji,2010,,,,0.8346993629999999,0.7239587564117879
48,Kano,Garko,2010,,,,0.780447188,0.7030822300850809
49,Kano,Kabo,2010,,,,0.8232279220000001,0.7198177786806433
50,Kano,Kura,2010,,,,0.780242509,0.7029971157159838
51,Kano,Ungogo,2010,,,,0.788990135,0.7065911624293638
52,Kano,Warawa,2010,,,,0.8183158429999999,0.7180007542439472
53,Kano,Wudil,2010,,,,0.7769352759999999,0.7016150117781682
54,Kebbi,Augie,2010,,,,0.737904205,0.6843167521054014
55,Kebbi,Gwandu,2010,,,,0.74799644,0.6889662152288566
56,Niger,Chanchaga,2010,,,,0.5130669179999999,0.548029221425594
57,Niger,Katcha,2010,,,,0.590574912,0.6019021680165095
58,Niger,Lavun,2010,,,,0.42730459299999995,0.481824622277771
59,Niger,Magama,2010,,,,0.402257587,0.4615896904718689
60,Niger,Pailoro,2010,,,,0.6455055120000001,0.6358234297577872
61,Ogun,Ijebu North,2010,,,,0.42139529,0.47707760507992203
62,Ogun,Ado-Odo/Ota,2010,,,,0.301524648,0.3787897478150513
63,Niger,Shiroro,2010,,,,0.611439475,0.6152253134087156
64,Ogun,Remo North,2010,,,,0.345553011,0.4150394547665459
65,Rivers,Ahoada West,2010,,,,0.24809996399999998,0.3355490981945018
66,Rivers,Andoni,2010,,,,0.41106961200000003,0.46874137471116856
67,Rivers,Asari-Toru,2010,,,,0.419448262,0.4755096198382495
68,Rivers,Emohua,2010,,,,0.448809061,0.49893178000358784
69,Rivers,Gokana,2010,,,,0.638079536,0.6314571667520242
70,Rivers,Ikwerre,2010,,,,0.5390859610000001,0.5668410811903966
71,Rivers,Obia/Akpor,2010,,,,0.501796153,0.539673311780151
72,Rivers,Ogu/Bolo,2010,,,,0.656688559,0.6422672742078512
73,Rivers,Port-Harcourt,2010,,,,0.495086742,0.5346431877258983
74,Sokoto,Dange-Shnsi,2010,,,,0.7796724290000001,0.7027597930509537
75,Sokoto,Illela,2010,,,,0.812766916,0.7159161085870904
76,Sokoto,Shagari,2010,,,,0.750502012,0.6901012469337476
77,Sokoto,Sokoto South,2010,,,,0.816505591,0.7173244214992873
78,Sokoto,Yabo,2010,,,,0.762247693,0.6953207143834439
79,Ogun,Egbado North,2010,,,,0.29088085399999997,0.37008336169012557
80,Niger,Borgu,2010,,,,0.191233851,0.2913928964289232
81,Adamawa,Madagali,2010,,,,0.82635036,0.7209590583880553
82,Adamawa,Michika,2010,,,,0.7915686390000001,0.7076336196785176
83,Adamawa,Mubi North,2010,,,,0.781123417,0.703363086528332
84,Adamawa,Ganaye,2010,,,,0.6756497159999999,0.6528305503226975
85,Sokoto,Binji,2013,1.0,,12.0,0.697685008,0.6645331098775555
86,Sokoto,Bodinga,2013,1.0,,12.0,0.748081524,0.6890048838856456
87,Sokoto,Dange-Shnsi,2013,1.0,,12.0,0.665757175,0.6473763630329182
88,Sokoto,Gada,2013,1.0,,12.0,0.705202063,0.6683847239783322
89,Sokoto,Gawabawa,2013,1.0,,12.0,0.717855252,0.6747074484657213
90,Sokoto,Goronyo,2013,1.0,,12.0,0.672566144,0.6511437776289565
91,Sokoto,Gudu,2013,1.0,,12.0,0.777687446,0.701930475026434
92,Sokoto,Illela,2013,1.0,,12.0,0.7380347209999999,0.6843776777696694
93,Sokoto,Isa,2013,1.0,,12.0,0.773934247,0.7003497329081317
94,Sokoto,Kebbe,2013,1.0,,12.0,0.671238212,0.6504136529548198
95,Sokoto,Kware,2013,1.0,,12.0,0.7243842359999999,0.6778915590491177
96,Sokoto,Rabah,2013,1.0,,12.0,0.695887528,0.6636015408198505
97,Sokoto,Sabon Birni,2013,1.0,,12.0,0.726648053,0.6789831984187208
98,Sokoto,Shagari,2013,1.0,,12.0,0.658530685,0.6433135390876081
99,Sokoto,Silame,2013,1.0,,12.0,0.637402389,0.6310555675557764
100,Sokoto,Sokoto North,2013,1.0,,12.0,0.7205095490000001,0.676008334005727
101,Sokoto,Sokoto South,2013,1.0,,12.0,0.757982334,0.6934445516324559
102,Sokoto,Tambuwal,2013,1.0,,12.0,0.638212609,0.6315360212501797
103,Sokoto,Tangaza,2013,1.0,,12.0,0.630628271,0.6270063054877645
104,Sokoto,Tureta,2013,1.0,,12.0,0.688034893,0.6594838584138641
105,Sokoto,Wamako,2013,1.0,,12.0,0.68884797,0.6599138359632254
106,Sokoto,Wurno,2013,1.0,,12.0,0.642953288,0.6343306368512066
107,Sokoto,Yabo,2013,1.0,,12.0,0.665538622,0.6472544619374685
108,Akwa Ibom,Abak,2014,1.0,,12.0,0.7044353720000001,0.6679951476077178
109,Akwa Ibom,Eastern Obolo,2014,1.0,,12.0,0.6406668010000001,0.6329862948446056
110,Akwa Ibom,Eket,2014,1.0,,12.0,0.661269754,0.6448612783807326
111,Akwa Ibom,Esit Eket,2014,1.0,,12.0,0.693944461,0.6625899238114921
112,Akwa Ibom,Essien Udim,2014,1.0,,12.0,0.717303314,0.6744358349343864
113,Akwa Ibom,Etim Ekpo,2014,1.0,,12.0,0.719284105,0.6754088307045784
114,Akwa Ibom,Etinan,2014,1.0,,12.0,0.730641027,0.6808931468658252
115,Akwa Ibom,Ibeno,2014,1.0,,12.0,0.682817824,0.6567049824061924
116,Akwa Ibom,Ibesikpo Asutan,2014,1.0,,12.0,0.711981095,0.6717971542156423
117,Akwa Ibom,Ibiono Ibom,2014,1.0,,12.0,0.726055769,0.6786982074533922
118,Akwa Ibom,Ika,2014,1.0,,12.0,0.694065535,0.6626530979834677
119,Akwa Ibom,Ikono,2014,1.0,,12.0,0.749542253,0.6896673757282266
120,Akwa Ibom,Ikot Abasi,2014,1.0,,12.0,0.5515114289999999,0.5755749684653783
121,Akwa Ibom,Ikot Ekpene,2014,1.0,,12.0,0.7477401490000001,0.6888496837554335
122,Akwa Ibom,Ini,2014,1.0,,12.0,0.729042137,0.680130727767493
123,Akwa Ibom,Itu,2014,1.0,,12.0,0.7271274529999999,0.6792135535415191
124,Akwa Ibom,Mbo,2014,1.0,,12.0,0.611886472,0.6155049350321447
125,Akwa Ibom,Mkpat Enin,2014,1.0,,12.0,0.712673595,0.6721424949887053
126,Akwa Ibom,Nsit Atai,2014,1.0,,12.0,0.760535794,0.6945703447888077
127,Akwa Ibom,Nsit Ibom,2014,1.0,,12.0,0.7243445709999999,0.6778723752978182
128,Akwa Ibom,Nsit Ubium,2014,1.0,,12.0,0.730989344,0.6810588192219998
129,Akwa Ibom,Obot Akara,2014,1.0,,12.0,0.731862027,0.6814732398602856
130,Akwa Ibom,Okobo,2014,1.0,,12.0,0.682612775,0.6565950576763292
131,Akwa Ibom,Onna,2014,1.0,,12.0,0.6859355970000001,0.6583698173469364
132,Akwa Ibom,Oron,2014,1.0,,12.0,0.5876092310000001,0.5999657933027747
133,Akwa Ibom,Oruk Anam,2014,1.0,,12.0,0.700380177,0.6659222691617741
134,Akwa Ibom,Udung Uko,2014,1.0,,12.0,0.572083704,0.5896592034958547
135,Akwa Ibom,Ukanafun,2014,1.0,,12.0,0.7031687879999999,0.6673499396365979
136,Akwa Ibom,Uruan,2014,1.0,,12.0,0.640300082,0.6327700689235117
137,Akwa Ibom,Urue-Offong/Oruko,2014,1.0,,12.0,0.6849718690000001,0.6578565205966961
138,Akwa Ibom,Uyo,2014,1.0,,12.0,0.661542863,0.6450150795116362
139,Anambra,Aguata,2014,1.0,,10.0,0.539069575,0.5668294538484333
140,Anambra,Anambra East,2014,1.0,,10.0,0.407162368,0.46557430410724077
141,Anambra,Anambra West,2014,1.0,,10.0,0.444502667,0.4955286687758947
142,Anambra,Anaocha,2014,1.0,,10.0,0.489463902,0.5303967213283993
143,Anambra,Awka North,2014,1.0,,10.0,0.455391826,0.5041099486366941
144,Anambra,Awka South,2014,1.0,,10.0,0.49137668100000004,0.531844398535779
145,Anambra,Ayamelum,2014,1.0,,10.0,0.44580892,0.49656219900851306
146,Anambra,Dunukofia,2014,1.0,,10.0,0.423845301,0.4790479347327327
147,Anambra,Ekwusigo,2014,1.0,,10.0,0.455868751,0.5044839555832713
148,Anambra,Idemili North,2014,1.0,,10.0,0.438980486,0.49114755742045424
149,Anambra,Idemili South,2014,1.0,,10.0,0.446015902,0.4967258661858716
150,Anambra,Ihiala,2014,1.0,,10.0,0.509956139,0.5457349822020308
151,Anambra,Njikoka,2014,1.0,,10.0,0.45366109200000004,0.5027513719398402
152,Anambra,Nnewi North,2014,1.0,,10.0,0.470000952,0.5154918525188821
153,Anambra,Nnewi South,2014,1.0,,10.0,0.5349134879999999,0.5638711698639446
154,Anambra,Ogbaru,2014,1.0,,10.0,0.49906794299999996,0.5376328664518305
155,Anambra,Onitsha North,2014,1.0,,10.0,0.35113281,0.4196423427724362
156,Anambra,Onitsha South,2014,1.0,,10.0,0.35423213200000003,0.42219834289995317
157,Anambra,Orumba North,2014,1.0,,10.0,0.489219035,0.5302111655226298
158,Anambra,Orumba South,2014,1.0,,10.0,0.560833231,0.5820160585125772
159,Anambra,Oyi,2014,1.0,,10.0,0.407650688,0.465970474597332
160,Bauchi,Alkaleri,2014,1.0,,10.0,0.354726605,0.42260606940142104
161,Bauchi,Bauchi,2014,1.0,,10.0,0.576844256,0.5928494999095072
162,Bauchi,Bogoro,2014,1.0,,10.0,0.47356087799999996,0.5182410035043435
163,Bauchi,Damban,2014,1.0,,10.0,0.675355264,0.6526700010262021
164,Bauchi,Darazo,2014,1.0,,10.0,0.643435161,0.6346131133666085
165,Bauchi,Dass,2014,1.0,,10.0,0.5867980770000001,0.5994343436138809
166,Bauchi,Gamawa,2014,1.0,,10.0,0.692599272,0.6618867809867728
167,Bauchi,Ganjuwa,2014,1.0,,10.0,0.601318851,0.60882876669238
168,Bauchi,Giade,2014,1.0,,10.0,0.7255836809999999,0.6784707392945888
169,Bauchi,Itas/Gadau,2014,1.0,,10.0,0.6945909,0.6629270088590818
170,Bauchi,Jama'are,2014,1.0,,10.0,0.6891556679999999,0.6600763366176341
171,Bauchi,Katagum,2014,1.0,,10.0,0.70043745,0.6659516896065061
172,Bauchi,Kirfi,2014,1.0,,10.0,0.509764138,0.5455930750993649
173,Bauchi,Misau,2014,1.0,,10.0,0.7154547259999999,0.6735233528182888
174,Bauchi,Ningi,2014,1.0,,10.0,0.602216809,0.6094013580851245
175,Bauchi,Shira,2014,1.0,,10.0,0.712051267,0.6718321754774204
176,Bauchi,Tafawa-Balewa,2014,1.0,,10.0,0.493529699,0.5334700693395393
177,Bauchi,Toro,2014,1.0,,10.0,0.500465005,0.5386785884611611
178,Bauchi,Warji,2014,1.0,,10.0,0.693917899,0.6625760617704793
179,Bauchi,Zaki,2014,1.0,,10.0,0.683905077,0.6572869564581456
180,Ekiti,Ado Ekiti,2014,1.0,,12.0,0.279943459,0.3611765212576584
181,Ekiti,Efon-Alayee,2014,1.0,,12.0,0.377530639,0.4413751521477773
182,Ekiti,Ekiti East,2014,1.0,,12.0,0.314152928,0.3891581476751034
183,Ekiti,Ekiti South West,2014,1.0,,12.0,0.302365506,0.3794789461373735
184,Ekiti,Ekiti West,2014,1.0,,12.0,0.360382695,0.4272682994352575
185,Ekiti,Emure,2014,1.0,,12.0,0.34918261,0.4180337267108128
186,Ekiti,Gboyin,2014,1.0,,12.0,0.299962022,0.3775094679905459
187,Ekiti,Idosi-Osi,2014,1.0,,12.0,0.313926104,0.3889716135442647
188,Ekiti,Ijero,2014,1.0,,12.0,0.368567071,0.4340075715260428
189,Ekiti,Ikere,2014,1.0,,12.0,0.318877503,0.3930455794089222
190,Ekiti,Ikole,2014,1.0,,12.0,0.278179536,0.35974439152806154
191,Ekiti,Ilemeji,2014,1.0,,12.0,0.248705864,0.3360316957154224
192,Ekiti,Irepodun/Ifelodun,2014,1.0,,12.0,0.302856898,0.3798817954123322
193,Ekiti,Ise/Orun,2014,1.0,,12.0,0.321546428,0.3952431778573966
194,Ekiti,Moba,2014,1.0,,12.0,0.310096088,0.3858234280192535
195,Ekiti,Oye,2014,1.0,,12.0,0.279065564,0.3604635985907109
196,Gombe,Akko,2014,1.0,,10.0,0.45169102899999997,0.5012024248851155
197,Gombe,Balanga,2014,1.0,,10.0,0.421138191,0.4768706659924202
198,Gombe,Billiri,2014,1.0,,10.0,0.45802648799999995,0.5061740678590957
199,Gombe,Dukku,2014,1.0,,10.0,0.584364954,0.5978355308509951
200,Gombe,Funakaye,2014,1.0,,10.0,0.599547729,0.607696523777879
201,Gombe,Gombe,2014,1.0,,10.0,0.492427289,0.5326381863149506
202,Gombe,Kaltungo,2014,1.0,,10.0,0.416355735,0.4730153213442272
203,Gombe,Kwami,2014,1.0,,10.0,0.49009291899999996,0.5308731409117953
204,Gombe,Nafada,2014,1.0,,10.0,0.648668371,0.6376619668043346
205,Gombe,Shomgom,2014,1.0,,10.0,0.39775540200000004,0.4579239310410051
206,Gombe,Yamaltu/Deba,2014,1.0,,10.0,0.510057667,0.5458100068824496
207,Jigawa,Auyo,2014,1.0,,10.0,0.590021725,0.6015417733861236
208,Jigawa,Babura,2014,1.0,,10.0,0.683227975,0.6569247001794021
209,Jigawa,Biriniwa,2014,1.0,,10.0,0.7020498940000001,0.6667782837123203
210,Jigawa,Birni Kudu,2014,1.0,,10.0,0.6226933570000001,0.6221901342923144
211,Jigawa,Buji,2014,1.0,,10.0,0.6139979320000001,0.6168224451550117
212,Jigawa,Dutse,2014,1.0,,10.0,0.667370908,0.6482745684806915
213,Jigawa,Gagarawa,2014,1.0,,10.0,0.717564691,0.6745645083317734
214,Jigawa,Garki,2014,1.0,,10.0,0.6751489509999999,0.6525574437131921
215,Jigawa,Gumel,2014,1.0,,10.0,0.729419523,0.6803109671788978
216,Jigawa,Guri,2014,1.0,,10.0,0.592840833,0.6033745655106295
217,Jigawa,Gwaram,2014,1.0,,10.0,0.621176504,0.621260532013351
218,Jigawa,Gwiwa,2014,1.0,,10.0,0.617802054,0.6191822559931893
219,Jigawa,Hadejia,2014,1.0,,10.0,0.606791258,0.6123030506244344
220,Jigawa,Jahun,2014,1.0,,10.0,0.6717567170000001,0.650699004357492
221,Jigawa,Kafin Hausa,2014,1.0,,10.0,0.614187054,0.6169401854538974
222,Jigawa,Kaugama,2014,1.0,,10.0,0.652548871,0.6399003774368509
223,Jigawa,Kazaure,2014,1.0,,10.0,0.625530389,0.6239211211498439
224,Jigawa,Kiri Kasamma,2014,1.0,,10.0,0.630469553,0.6269107411346653
225,Jigawa,kiyawa,2014,1.0,,10.0,0.6478902089999999,0.6372108020834625
226,Jigawa,Maigatari,2014,1.0,,10.0,0.704029095,0.6677884071166327
227,Jigawa,Malam Madori,2014,1.0,,10.0,0.6529206439999999,0.6401138287428139
228,Jigawa,Miga,2014,1.0,,10.0,0.6487703920000001,0.6377210600208452
229,Jigawa,Ringim,2014,1.0,,10.0,0.642187494,0.6338811217337945
230,Jigawa,Roni,2014,1.0,,10.0,0.604063673,0.6105759442056383
231,Jigawa,Sule-Tankarkar,2014,1.0,,10.0,0.705423719,0.6684972153999807
232,Jigawa,Taura,2014,1.0,,10.0,0.748886142,0.6893701276968063
233,Jigawa,Yankwashi,2014,1.0,,10.0,0.632799008,0.628310142569611
234,Nasarawa,Akwanga,2014,1.0,,10.0,0.36611576799999995,0.4319901333623107
235,Nasarawa,Awe,2014,1.0,,10.0,0.36607090200000003,0.4319531993591523
236,Nasarawa,Doma,2014,1.0,,10.0,0.42268104,0.47811200403378296
237,Nasarawa,Karu,2014,1.0,,10.0,0.38669992,0.448892689166463
238,Nasarawa,Keana,2014,1.0,,10.0,0.375372396,0.43960270039546095
239,Nasarawa,Keffi,2014,1.0,,10.0,0.42428285299999996,0.47939949459526887
240,Nasarawa,Kokona,2014,1.0,,10.0,0.361199625,0.42794139904768297
241,Nasarawa,Lafia,2014,1.0,,10.0,0.479212656,0.5225849271688618
242,Nasarawa,Nasarawa2,2014,1.0,,10.0,0.347888531,0.4169662143054556
243,Nasarawa,Nasarawa-Eggon,2014,1.0,,10.0,0.445430813,0.49626314666427535
244,Nasarawa,Obi2,2014,1.0,,10.0,0.504455216,0.5416554487681347
245,Nasarawa,Toto,2014,1.0,,10.0,0.34286629399999996,0.4128228336582633
246,Nasarawa,Wamba,2014,1.0,,10.0,0.35864370100000004,0.42583521894410786
247,Niger,Agaie,2014,1.0,,12.0,0.350087063,0.41877978561756296
248,Niger,Agwara,2014,1.0,,12.0,0.46589463799999997,0.5123086103062863
249,Niger,Bida,2014,1.0,,12.0,0.451253146,0.5008577845099846
250,Niger,Borgu,2014,1.0,,12.0,0.281950265,0.3628073759046446
251,Niger,Bosso,2014,1.0,,12.0,0.511425822,0.5468200507844349
252,Niger,Chanchaga,2014,1.0,,12.0,0.40958070799999996,0.4675352978398599
253,Niger,Edati,2014,1.0,,12.0,0.404972395,0.4637963809656365
254,Niger,Gbako,2014,1.0,,12.0,0.407075532,0.4655038442432315
255,Niger,Gurara,2014,1.0,,12.0,0.452296326,0.5016786164616698
256,Niger,Katcha,2014,1.0,,12.0,0.44082383799999997,0.49261211272040734
257,Niger,Kontagora,2014,1.0,,12.0,0.43871221899999996,0.4909342449920846
258,Niger,Lapai,2014,1.0,,12.0,0.37104221600000004,0.4360435863340723
259,Niger,Lavun,2014,1.0,,12.0,0.335366565,0.4066356471855306
260,Niger,Magama,2014,1.0,,12.0,0.46360545200000003,0.5105284935546769
261,Niger,Mariga,2014,1.0,,12.0,0.5169816429999999,0.5509030678674103
262,Niger,Mashegu,2014,1.0,,12.0,0.34485263899999996,0.4144616359538372
263,Niger,Mokwa,2014,1.0,,12.0,0.34522446,0.4147683956957062
264,Niger,Muya,2014,1.0,,12.0,0.442740979,0.4941330708038264
265,Niger,Pailoro,2014,1.0,,12.0,0.494549687,0.5342387992244905
266,Niger,Rafi,2014,1.0,,12.0,0.504212499,0.5414747930571845
267,Niger,Rijau,2014,1.0,,12.0,0.525675829,0.5572313898896302
268,Niger,Shiroro,2014,1.0,,12.0,0.470352235,0.5157635696401023
269,Niger,Suleja,2014,1.0,,12.0,0.39150254700000003,0.45282080361596894
270,Niger,Tafa,2014,1.0,,12.0,0.39579833799999997,0.4563281529889366
271,Niger,Wushishi,2014,1.0,,12.0,0.36783483,0.4334050359967895
272,Ogun,Abeokuta North,2014,1.0,,3.0,0.244416745,0.33262016604023353
273,Ogun,Abeokuta South,2014,1.0,,3.0,0.240437438,0.3294651694785554
274,Ogun,Ado-Odo/Ota,2014,1.0,,3.0,0.35430591899999997,0.4222591865027056
275,Ogun,Egbado North,2014,1.0,,3.0,0.23575948,0.3257691815892756
276,Ogun,Egbado South,2014,1.0,,3.0,0.29595239,0.3742274890491728
277,Ogun,Ewekoro,2014,1.0,,3.0,0.29620397800000003,0.3744332805105292
278,Ogun,Ifo,2014,1.0,,3.0,0.329047925,0.401424786300741
279,Ogun,Ijebu East,2014,1.0,,3.0,0.446604833,0.4971914009830768
280,Ogun,Ijebu North,2014,1.0,,3.0,0.28951563399999997,0.3689692347366286
281,Ogun,Ijebu North East,2014,1.0,,3.0,0.334382875,0.4058242513465759
282,Ogun,Ijebu ode,2014,1.0,,3.0,0.38043397700000003,0.44375781172956064
283,Ogun,Ikenne,2014,1.0,,3.0,0.2800778,0.36128564475616604
284,Ogun,Imeko-Afon,2014,1.0,,3.0,0.19041955600000002,0.29077928672701875
285,Ogun,Ipokia,2014,1.0,,3.0,0.278952997,0.360372207722309
286,Ogun,Obafemi-Owode,2014,1.0,,3.0,0.295085253,0.37351834485572066
287,Ogun,Odeda,2014,1.0,,3.0,0.2584868,0.3438513013016971
288,Ogun,Odogbolu,2014,1.0,,3.0,0.387555714,0.4495931591749239
289,Ogun,Ogun waterside,2014,1.0,,3.0,0.49974201799999995,0.5381376439579191
290,Ogun,Remo North,2014,1.0,,3.0,0.25185818600000004,0.3385459819371266
291,Ogun,Shagamu,2014,1.0,,3.0,0.33465745399999997,0.40605073265064867
292,Rivers,Abua/Odual,2014,1.0,,10.0,0.38031265,0.44365828408798785
293,Rivers,Ahoada East,2014,1.0,,10.0,0.47206564,0.5170875135792609
294,Rivers,Ahoada West,2014,1.0,,10.0,0.43567796700000005,0.48851855718325116
295,Rivers,Akuku Toru,2014,1.0,,10.0,0.265168493,0.3492228476129973
296,Rivers,Andoni,2014,1.0,,10.0,0.286831473,0.36678063555085416
297,Rivers,Asari-Toru,2014,1.0,,10.0,0.195690218,0.29476131408605777
298,Rivers,Bonny,2014,1.0,,10.0,0.265104921,0.3491716339767
299,Rivers,Degema,2014,1.0,,10.0,0.265529468,0.3495136871036148
300,Rivers,Eleme,2014,1.0,,10.0,0.417274071,0.4737564922357187
301,Rivers,Emohua,2014,1.0,,10.0,0.410019391,0.46789075060102336
302,Rivers,Etche,2014,1.0,,10.0,0.502493127,0.540193487631355
303,Rivers,Gokana,2014,1.0,,10.0,0.43392722,0.48712224795385206
304,Rivers,Ikwerre,2014,1.0,,10.0,0.47113830100000004,0.5163712446574303
305,Rivers,Khana,2014,1.0,,10.0,0.44560027700000004,0.4963971904848537
306,Rivers,Obia/Akpor,2014,1.0,,10.0,0.47058433299999997,0.5159430448575423
307,Rivers,Ogba/Egbema/Ndoni,2014,1.0,,10.0,0.538945456,0.5667413709885484
308,Rivers,Ogu/Bolo,2014,1.0,,10.0,0.318304682,0.39257405748255114
309,Rivers,Okrika,2014,1.0,,10.0,0.294299176,0.3728756923064193
310,Rivers,Omumma,2014,1.0,,10.0,0.527509716,0.5585565204540734
311,Rivers,Opobo/Nkoro,2014,1.0,,10.0,0.318792517,0.3929756192898496
312,Rivers,Oyigbo,2014,1.0,,10.0,0.44617693399999997,0.49685318012653107
313,Rivers,Port-Harcourt,2014,1.0,,10.0,0.330850493,0.40291104098270153
314,Rivers,Tai,2014,1.0,,10.0,0.368086249,0.43361193010779053
315,Abia,Aba North,2015,1.0,,2.0,0.320310831,0.39422565496403844
316,Abia,Aba South,2015,1.0,,2.0,0.29570442399999997,0.3740246790853933
317,Abia,Arochukwu,2015,1.0,,2.0,0.427254966,0.48178483292246455
318,Abia,Bende,2015,1.0,,2.0,0.420477535,0.47633875168917417
319,Abia,Ikwuano,2015,1.0,,2.0,0.43564607200000005,0.48849313531514876
320,Abia,Isiala-Ngwa North,2015,1.0,,2.0,0.368933744,0.4343092595459133
321,Abia,Isiala-Ngwa South,2015,1.0,,2.0,0.434541225,0.48761215102556876
322,Abia,Isuikwato,2015,1.0,,2.0,0.382001885,0.4450436736143423
323,Abia,Obi Nwa,2015,1.0,,2.0,0.34453047700000006,0.41419584412951915
324,Abia,Ohafia,2015,1.0,,2.0,0.40984205,0.46774706612038935
325,Abia,Osisioma Ngwa,2015,1.0,,2.0,0.3673583,0.4330128679571195
326,Abia,Ugwunagbo,2015,1.0,,2.0,0.30086937,0.37825278892338476
327,Abia,Ukwa East,2015,1.0,,2.0,0.33858331399999997,0.40928926462408227
328,Abia,Ukwa West,2015,1.0,,2.0,0.338909646,0.40955848680393236
329,Abia,Umu-Neochi,2015,1.0,,2.0,0.356058175,0.42370393884784086
330,Abia,Umuahia North,2015,1.0,,2.0,0.41667292799999994,0.47327136694977295
331,Abia,Umuahia South,2015,1.0,,2.0,0.487920618,0.5292263835581219
332,Cross River,Abi,2015,1.0,,9.0,0.451386894,0.5009630660014539
333,Cross River,Akamkpa,2015,1.0,,9.0,0.441673241,0.49328626600401687
334,Cross River,Akpabuyo,2015,1.0,,9.0,0.380655111,0.44393920419003013
335,Cross River,Bakassi,2015,1.0,,9.0,0.258655755,0.34398684115471084
336,Cross River,Bekwara,2015,1.0,,9.0,0.29792498300000003,0.37584151862949794
337,Cross River,Biase,2015,1.0,,9.0,0.403038715,0.46222491626225304
338,Cross River,Boki,2015,1.0,,9.0,0.347293123,0.4164750291226555
339,Cross River,Calabar South,2015,1.0,,9.0,0.38172759,0.444818765864818
340,Cross River,Calabar-Municipal,2015,1.0,,9.0,0.415381427,0.4722285400419292
341,Cross River,Etung,2015,1.0,,9.0,0.394432165,0.4552133944490473
342,Cross River,Ikom,2015,1.0,,9.0,0.41975963,0.47576049793537134
343,Cross River,Obanliku,2015,1.0,,9.0,0.34326083399999996,0.413148345003443
344,Cross River,Obubra,2015,1.0,,9.0,0.40391228700000004,0.4629350356369272
345,Cross River,Obudu,2015,1.0,,9.0,0.361550893,0.42823079700890626
346,Cross River,Odukpani,2015,1.0,,9.0,0.40096674200000004,0.46053943854518803
347,Cross River,Ogoja,2015,1.0,,9.0,0.350011526,0.41871747868165016
348,Cross River,Yakurr,2015,1.0,,9.0,0.39604776700000005,0.4565316106560663
349,Cross River,Yala,2015,1.0,,9.0,0.349480684,0.41827960414507964
350,Ebonyi,Abakaliki,2015,1.0,,9.0,0.339892153,0.41036906420769625
351,Ebonyi,Afikpo North,2015,1.0,,9.0,0.415794159,0.4725618873415326
352,Ebonyi,Afikpo South,2015,1.0,,9.0,0.41312866600000003,0.47040768124568044
353,Ebonyi,Ebonyi,2015,1.0,,9.0,0.389104154,0.4508600117138612
354,Ebonyi,Ezza North,2015,1.0,,9.0,0.35979966799999996,0.4267878730799712
355,Ebonyi,Ezza South,2015,1.0,,9.0,0.379735566,0.44318483760573485
356,Ebonyi,Ikwo,2015,1.0,,9.0,0.352704306,0.42093843077947
357,Ebonyi,Ishielu,2015,1.0,,9.0,0.33813430899999997,0.40891884241228926
358,Ebonyi,Ivo,2015,1.0,,9.0,0.40431217399999997,0.46325999952719116
359,Ebonyi,Izzi,2015,1.0,,9.0,0.352100386,0.4204403673059022
360,Ebonyi,Ohaozara,2015,1.0,,9.0,0.413535476,0.4707366695964692
361,Ebonyi,Ohaukwu,2015,1.0,,9.0,0.40578389200000003,0.46445542177230625
362,Ebonyi,Onicha,2015,1.0,,9.0,0.387005828,0.44914310029203725
363,Kaduna,Birnin-Gwari,2015,1.0,,3.0,0.36234540200000004,0.42888530884708825
364,Kaduna,Chikun,2015,1.0,,3.0,0.338267159,0.4090284410386396
365,Kaduna,Giwa,2015,1.0,,3.0,0.420408825,0.47628341865543017
366,Kaduna,Igabi,2015,1.0,,3.0,0.34648543600000004,0.41580870552401894
367,Kaduna,Ikara,2015,1.0,,3.0,0.620346992,0.6207509569173087
368,Kaduna,Jaba,2015,1.0,,3.0,0.26095544600000004,0.3458332112461713
369,Kaduna,Jema'a,2015,1.0,,3.0,0.28662913100000004,0.3666157548635578
370,Kaduna,Kachia,2015,1.0,,3.0,0.310979014,0.38654890956205923
371,Kaduna,Kaduna North,2015,1.0,,3.0,0.351112435,0.4196255375552684
372,Kaduna,Kaduna South,2015,1.0,,3.0,0.40952607,0.4674910203356756
373,Kaduna,Kagarko,2015,1.0,,3.0,0.340547586,0.4109098121477944
374,Kaduna,Kajuru,2015,1.0,,3.0,0.339894377,0.41037089904956897
375,Kaduna,Kaura,2015,1.0,,3.0,0.268080179,0.35157062045107146
376,Kaduna,Kauru,2015,1.0,,3.0,0.26566924,0.34962631939601996
377,Kaduna,Kubau,2015,1.0,,3.0,0.509326422,0.5452694297053227
378,Kaduna,Kudan,2015,1.0,,3.0,0.614767224,0.61730110227417
379,Kaduna,Lere,2015,1.0,,3.0,0.38077718,0.44403933008525326
380,Kaduna,Markafi,2015,1.0,,3.0,0.574676249,0.5913998688412586
381,Kaduna,Sabon-Gari,2015,1.0,,3.0,0.54209184,0.5689691851310051
382,Kaduna,Sanga,2015,1.0,,3.0,0.23552593100000002,0.32558503362644464
383,Kaduna,Soba,2015,1.0,,3.0,0.448894415,0.4989991082422875
384,Kaduna,Zango-Kataf,2015,1.0,,3.0,0.23672547100000002,0.3265312265939589
385,Kaduna,Zaria,2015,1.0,,3.0,0.41456942799999996,0.47157248845369504
386,Kano,Ajingi,2015,1.0,,3.0,0.619257992,0.6200806798204389
387,Kano,Albasu,2015,1.0,,3.0,0.671627675,0.6506280199591133
388,Kano,Bagwai,2015,1.0,,3.0,0.7130586529999999,0.672334258185092
389,Kano,Bebeji,2015,1.0,,3.0,0.672365173,0.6510334234321852
390,Kano,Bichi,2015,1.0,,3.0,0.657874586,0.642941390603174
391,Kano,Bunkure,2015,1.0,,3.0,0.598951,0.6073141902124901
392,Kano,Dala,2015,1.0,,3.0,0.471842229,0.5169150141850393
393,Kano,Dambatta,2015,1.0,,3.0,0.57400113,0.5909473363783845
394,Kano,Dawakin Kudu,2015,1.0,,3.0,0.6835862840000001,0.6571164715118832
395,Kano,Dawakin Tofa,2015,1.0,,3.0,0.6785325059999999,0.6543965689772904
396,Kano,Doguwa,2015,1.0,,3.0,0.579489709,0.5946109416275859
397,Kano,Fagge,2015,1.0,,3.0,0.485519081,0.5274011338558718
398,Kano,Gabasawa,2015,1.0,,3.0,0.591288225,0.6023663426270586
399,Kano,Garko,2015,1.0,,3.0,0.633415336,0.6286792588271596
400,Kano,Garum Mallam,2015,1.0,,3.0,0.672218766,0.6509529983038908
401,Kano,Gaya,2015,1.0,,3.0,0.624615287,0.6233638762574218
402,Kano,Gezawa,2015,1.0,,3.0,0.675790149,0.6529070823194378
403,Kano,Gwale,2015,1.0,,3.0,0.47493308799999995,0.5192980301824662
404,Kano,Gwarzo,2015,1.0,,3.0,0.741041829,0.6857756151504987
405,Kano,Kabo,2015,1.0,,3.0,0.705333757,0.6684515667386858
406,Kano,Kano Municipal,2015,1.0,,3.0,0.506967351,0.5435220104322909
407,Kano,Karaye,2015,1.0,,3.0,0.758976815,0.6938839405970803
408,Kano,Kibiya,2015,1.0,,3.0,0.6429589170000001,0.6343339382919136
409,Kano,Kiru,2015,1.0,,3.0,0.721126169,0.6763092837712921
410,Kano,Kumbotso,2015,1.0,,3.0,0.602412619,0.6095260879740665
411,Kano,Kunchi,2015,1.0,,3.0,0.627464239,0.6250952891584172
412,Kano,Kura,2015,1.0,,3.0,0.650503894,0.6387231370033272
413,Kano,Madobi,2015,1.0,,3.0,0.7188623829999999,0.6752020850367114
414,Kano,Makoda,2015,1.0,,3.0,0.56279844,0.5833615356395286
415,Kano,Minjibir,2015,1.0,,3.0,0.657762879,0.6428779744477855
416,Kano,Nasarawa1,2015,1.0,,3.0,0.507432207,0.5438667567689486
417,Kano,Rano,2015,1.0,,3.0,0.625912099,0.6241532521481544
418,Kano,Rimin Gado,2015,1.0,,3.0,0.7160168290000001,0.6738012651693345
419,Kano,Rogo,2015,1.0,,3.0,0.667326364,0.6482498196291366
420,Kano,Shanono,2015,1.0,,3.0,0.711855287,0.6717343508121032
421,Kano,Sumaila,2015,1.0,,3.0,0.6093915560000001,0.6139410849474639
422,Kano,Takali,2015,1.0,,3.0,0.641142002,0.6332662321878392
423,Kano,Tarauni,2015,1.0,,3.0,0.501613021,0.5395365597755737
424,Kano,Tofa,2015,1.0,,3.0,0.671567963,0.6505951659726532
425,Kano,Tsanyawa,2015,1.0,,3.0,0.65512285,0.6413746222156075
426,Kano,Tudun Wada,2015,1.0,,3.0,0.622325774,0.6219651239392932
427,Kano,Ungogo,2015,1.0,,3.0,0.582402251,0.596540726431381
428,Kano,Warawa,2015,1.0,,3.0,0.680570297,0.6554971924331372
429,Kano,Wudil,2015,1.0,,3.0,0.647318441,0.6368788130792283
430,Katsina,Bakori,2015,1.0,,1.0,0.546669477,0.5721914350395796
431,Katsina,Batagarawa,2015,1.0,,1.0,0.688550296,0.6597565149678364
432,Katsina,Batsari,2015,1.0,,1.0,0.6928599,0.6620231925619868
433,Katsina,Baure,2015,1.0,,1.0,0.672375383,0.6510390310320321
434,Katsina,Bindawa,2015,1.0,,1.0,0.7572395609999999,0.6931155966776847
435,Katsina,Charanchi,2015,1.0,,1.0,0.725191189,0.678281412266153
436,Katsina,Dan Musa,2015,1.0,,1.0,0.788952502,0.706575890986746
437,Katsina,Dandume,2015,1.0,,1.0,0.362968019,0.4293981595680997
438,Katsina,Danja,2015,1.0,,1.0,0.5524533460000001,0.5762301881630576
439,Katsina,Daura,2015,1.0,,1.0,0.616427795,0.6183318259749029
440,Katsina,Dutsi,2015,1.0,,1.0,0.592839722,0.6033738450897992
441,Katsina,Dutsin-Ma,2015,1.0,,1.0,0.6878590109999999,0.6593907369222607
442,Katsina,Faskari,2015,1.0,,1.0,0.54115105,0.5683041608859077
443,Katsina,Funtua,2015,1.0,,1.0,0.37705208100000004,0.44098222760268063
444,Katsina,Ingawa,2015,1.0,,1.0,0.639319944,0.6321913257235271
445,Katsina,Jibia,2015,1.0,,1.0,0.644393423,0.6351739809583088
446,Katsina,Kafur,2015,1.0,,1.0,0.676122888,0.6530883156436117
447,Katsina,kaita,2015,1.0,,1.0,0.712828472,0.672219647824741
448,Katsina,Kankara,2015,1.0,,1.0,0.716831076,0.6742031400327492
449,Katsina,Kankia,2015,1.0,,1.0,0.701639,0.6665679568158372
450,Katsina,Katsina,2015,1.0,,1.0,0.7010266270000001,0.6662541023190741
451,Katsina,Kurfi,2015,1.0,,1.0,0.6950066540000001,0.6631435240641664
452,Katsina,Kusada,2015,1.0,,1.0,0.699586116,0.6655139429666458
453,Katsina,Mai'Adua,2015,1.0,,1.0,0.634850681,0.6295370334927125
454,Katsina,Malumfashi,2015,1.0,,1.0,0.69737677,0.6643736513558336
455,Katsina,Mani,2015,1.0,,1.0,0.667382625,0.6482810780812452
456,Katsina,Mashi,2015,1.0,,1.0,0.653564834,0.6404832722175562
457,Katsina,Matazuu,2015,1.0,,1.0,0.740794638,0.6856611204986425
458,Katsina,Musawa,2015,1.0,,1.0,0.738427831,0.6845610572980442
459,Katsina,Rimi,2015,1.0,,1.0,0.7309417970000001,0.6810362129754364
460,Katsina,Sabuwa,2015,1.0,,1.0,0.39891865,0.45887178817402857
461,Katsina,Safana,2015,1.0,,1.0,0.610240235,0.6144739078233823
462,Katsina,Sandamu,2015,1.0,,1.0,0.698946975,0.6651847022282983
463,Katsina,Zango,2015,1.0,,1.0,0.643582812,0.6346996085316097
464,Kebbi,Aleiro,2015,1.0,,1.0,0.552918958,0.5765537174454684
465,Kebbi,Arewa-Dandi,2015,1.0,,1.0,0.621003894,0.621154566879518
466,Kebbi,Argungu,2015,1.0,,1.0,0.585101866,0.5983204989650364
467,Kebbi,Augie,2015,1.0,,1.0,0.564946199,0.5848269933943656
468,Kebbi,Bagudo,2015,1.0,,1.0,0.416385219,0.473039123529839
469,Kebbi,Birnin Kebbi,2015,1.0,,1.0,0.591009337,0.6021849341459188
470,Kebbi,Bunza,2015,1.0,,1.0,0.601285869,0.60880771675149
471,Kebbi,Dandi,2015,1.0,,1.0,0.573373572,0.5905262097474597
472,Kebbi,Fakai,2015,1.0,,1.0,0.463853645,0.5107216818718587
473,Kebbi,Gwandu,2015,1.0,,1.0,0.605434313,0.6114449690184578
474,Kebbi,Jega,2015,1.0,,1.0,0.570338908,0.588483350864981
475,Kebbi,Kalgo,2015,1.0,,1.0,0.581872029,0.5961901564688944
476,Kebbi,Koko/Besse,2015,1.0,,1.0,0.418288324,0.4745746061178978
477,Kebbi,Maiyama,2015,1.0,,1.0,0.546374258,0.5719843103638835
478,Kebbi,Ngaski,2015,1.0,,1.0,0.313306002,0.38846170739525254
479,Kebbi,Sakaba,2015,1.0,,1.0,0.43607128700000003,0.4888320032022723
480,Kebbi,Shanga,2015,1.0,,1.0,0.447858651,0.4981817608770697
481,Kebbi,Suru,2015,1.0,,1.0,0.515002226,0.5494518212961607
482,Kebbi,Wasagu/Danko,2015,1.0,,1.0,0.430743485,0.48457854537848494
483,Kebbi,Yauri,2015,1.0,,1.0,0.417618035,0.47403399504619337
484,Kebbi,Zuru,2015,1.0,,1.0,0.42548146,0.4803620269342927
485,Plateau,Barikin Ladi,2015,1.0,,3.0,0.22339800899999998,0.3160738731384412
486,Plateau,Bassa2,2015,1.0,,3.0,0.31181748,0.3872380086848282
487,Plateau,Bokkos,2015,1.0,,3.0,0.216265701,0.3105299446056563
488,Plateau,Jos East,2015,1.0,,3.0,0.323065687,0.3964945858619418
489,Plateau,Jos North,2015,1.0,,3.0,0.364544747,0.4306966758707631
490,Plateau,Jos South,2015,1.0,,3.0,0.23800348899999998,0.32754036427546
491,Plateau,Kanam,2015,1.0,,3.0,0.41799199200000003,0.47433563097103765
492,Plateau,Kanke,2015,1.0,,3.0,0.564771683,0.5847081133189185
493,Plateau,Langtang North,2015,1.0,,3.0,0.31217289,0.3875301478411536
494,Plateau,Langtang South,2015,1.0,,3.0,0.315880102,0.3905788393138022
495,Plateau,Mangu,2015,1.0,,3.0,0.287094825,0.3669952530875143
496,Plateau,Mikang,2015,1.0,,3.0,0.24814940600000002,0.3355884704396233
497,Plateau,Pankshin,2015,1.0,,3.0,0.41088309100000003,0.4685903378035818
498,Plateau,Qua'an Pan,2015,1.0,,3.0,0.33875607799999996,0.4094317936850735
499,Plateau,Riyom,2015,1.0,,3.0,0.241539088,0.3303376179937435
500,Plateau,Shendam,2015,1.0,,3.0,0.287765424,0.36754186714384723
501,Plateau,Wase,2015,1.0,,3.0,0.324665785,0.39781289968647954
502,Zamfara,Anka,2015,1.0,,9.0,0.58330987,0.5971400525469674
503,Zamfara,Bakura,2015,1.0,,9.0,0.609495675,0.6140065011650145
504,Zamfara,Birnin Magaji,2015,1.0,,9.0,0.7479909,0.6889636971246209
505,Zamfara,Bukkuyum,2015,1.0,,9.0,0.5687237279999999,0.5873917239868769
506,Zamfara,Bungudu,2015,1.0,,9.0,0.7180542520000001,0.674805284690699
507,Zamfara,Gummi,2015,1.0,,9.0,0.607983657,0.6130552201187177
508,Zamfara,Gusau,2015,1.0,,9.0,0.612290503,0.6157574674401091
509,Zamfara,Kaura Namoda,2015,1.0,,9.0,0.8182782059999999,0.7179867294478568
510,Zamfara,Maradun,2015,1.0,,9.0,0.691568555,0.661346465568953
511,Zamfara,Maru,2015,1.0,,9.0,0.489809434,0.5306584709099544
512,Zamfara,Shinkafi,2015,1.0,,9.0,0.76313352,0.6957076151105754
513,Zamfara,Talata Mafara,2015,1.0,,9.0,0.664246046,0.6465322688767876
514,Zamfara,Tsafe,2015,1.0,,9.0,0.59281297,0.6033564974795996
515,Zamfara,Zurmi,2015,1.0,,9.0,0.757711385,0.6933246323903932
516,Benue,Ado,2016,1.0,121414.0,4.0,0.38850380799999995,0.4503689252826381
517,Benue,Agatu,2016,1.0,77496.0,4.0,0.259151535,0.34438465579967226
518,Benue,Apa,2016,1.0,67283.0,4.0,0.258727478,0.3440443837110775
519,Benue,Buruku,2016,1.0,141627.0,4.0,0.361768976,0.4284104605281592
520,Benue,Gboko,2016,1.0,244086.0,4.0,0.36890006200000003,0.4342815479329761
521,Benue,Guma,2016,1.0,132954.0,4.0,0.286071349,0.3661613168820994
522,Benue,Gwer East,2016,1.0,111598.0,4.0,0.23764928,0.32726056978395046
523,Benue,Gwer West,2016,1.0,85630.0,4.0,0.17410435600000002,0.27861239377195934
524,Benue,Katsina-Ala,2016,1.0,156733.0,4.0,0.38135092,0.44450988443992095
525,Benue,Konshisha,2016,1.0,159928.0,4.0,0.327646569,0.4002695363822561
526,Benue,Kwande,2016,1.0,174673.0,4.0,0.343169565,0.4130730444676819
527,Benue,Logo,2016,1.0,118079.0,4.0,0.324413452,0.3976049829472401
528,Benue,Makurdi,2016,1.0,208477.0,4.0,0.294663904,0.37317384954351696
529,Benue,Obi1,2016,1.0,68479.0,4.0,0.313747764,0.3888249581685055
530,Benue,Ogbadibo,2016,1.0,75002.0,4.0,0.352427007,0.42070974036499087
531,Benue,Ohimini,2016,1.0,47233.0,4.0,0.258633393,0.343968900934314
532,Benue,Oju,2016,1.0,131246.0,4.0,0.30746583,0.3836632009899706
533,Benue,Okpokwu,2016,1.0,125405.0,4.0,0.293881234,0.3725340851898065
534,Benue,Oturkpo,2016,1.0,175520.0,4.0,0.248461352,0.3358369164680951
535,Benue,Tarka,2016,1.0,54074.0,4.0,0.38669547600000004,0.44888905118352923
536,Benue,Ukum,2016,1.0,147595.0,4.0,0.40381779700000003,0.4628582400555835
537,Benue,Ushongo,2016,1.0,129887.0,4.0,0.323294313,0.3966829303922677
538,Benue,Vandeikya,2016,1.0,161758.0,4.0,0.358856794,0.42601084388217203
539,Oyo,Afijio,2016,1.0,101576.0,11.0,0.38664603200000003,0.44884857455509863
540,Oyo,Akinyele,2016,1.0,149931.0,11.0,0.434913489,0.4879090669471819
541,Oyo,Atiba,2016,1.0,125648.0,11.0,0.28765913600000004,0.36745521968671047
542,Oyo,Atigbo,2016,1.0,80678.0,11.0,0.23317865699999998,0.323736287258987
543,Oyo,Egbeda,2016,1.0,221725.0,11.0,0.46489237,0.511529707772831
544,Oyo,Ibadan North,2016,1.0,215557.0,11.0,0.501906514,0.5397557078551127
545,Oyo,Ibadan North East,2016,1.0,264250.0,11.0,0.48059561799999995,0.5236439190685755
546,Oyo,Ibadan North West,2016,1.0,101362.0,11.0,0.498860419,0.5374773800012803
547,Oyo,Ibadan South East,2016,1.0,183045.0,11.0,0.462902308,0.5099809335779192
548,Oyo,Ibadan South West,2016,1.0,201073.0,11.0,0.49009311200000005,0.5308732870379423
549,Oyo,Ibarapa Central,2016,1.0,69143.0,11.0,0.414205053,0.4712779936529426
550,Oyo,Ibarapa East,2016,1.0,88225.0,11.0,0.368416707,0.4338838496606339
551,Oyo,Ibarapa North,2016,1.0,78122.0,11.0,0.36248344200000004,0.4289990170658741
552,Oyo,Ido,2016,1.0,64034.0,11.0,0.396546588,0.45693843075267987
553,Oyo,Irepo,2016,1.0,93612.0,11.0,0.28511768,0.36538460505862524
554,Oyo,Iseyin,2016,1.0,172223.0,11.0,0.351794169,0.4201878158293648
555,Oyo,Itesiwaju,2016,1.0,98695.0,11.0,0.227939345,0.3196232960926729
556,Oyo,Iwajowa,2016,1.0,74838.0,11.0,0.26725365,0.35090374982188055
557,Oyo,Kajola,2016,1.0,142071.0,11.0,0.284971548,0.36526561821884057
558,Oyo,Lagelu,2016,1.0,97486.0,11.0,0.44636000000000003,0.49699789406438694
559,Oyo,Ogbomosho North,2016,1.0,152207.0,11.0,0.322809319,0.39628339513922534
560,Oyo,Ogbomosho South,2016,1.0,69979.0,11.0,0.35525617,0.42304270975033187
561,Oyo,Ogo Oluwa,2016,1.0,44395.0,11.0,0.362858005,0.4293075445978779
562,Oyo,Olorunsogo,2016,1.0,60063.0,11.0,0.247838279,0.33534073427462185
563,Oyo,Oluyole,2016,1.0,156552.0,11.0,0.35819929,0.42546893309092504
564,Oyo,Ona-Ara,2016,1.0,195319.0,11.0,0.39031873100000003,0.4518532060118904
565,Oyo,Orelope,2016,1.0,76004.0,11.0,0.242432345,0.3310455931618229
566,Oyo,Ori Ire,2016,1.0,90666.0,11.0,0.236093255,0.3260324182108508
567,Oyo,Oyo East,2016,1.0,95841.0,11.0,0.399610336,0.459435165050765
568,Oyo,Oyo West,2016,1.0,101934.0,11.0,0.45892977799999995,0.5068806175158646
569,Oyo,Saki East,2016,1.0,80171.0,11.0,0.202520537,0.29995733348137416
570,Oyo,Saki West,2016,1.0,214625.0,11.0,0.21764619899999998,0.31160001900732776
571,Oyo,Surulere2,2016,1.0,106963.0,11.0,0.290071965,0.3694231680013751
572,Adamawa,Demsa,2017,1.0,134011.0,9.0,0.49521297299999995,0.5347381991085809
573,Adamawa,Fufore,2017,1.0,172556.0,9.0,0.635571581,0.6299668738454088
574,Adamawa,Ganaye,2017,1.0,124419.0,9.0,0.427407559,0.48190717291883167
575,Adamawa,Gireri,2017,1.0,103211.0,9.0,0.658506137,0.6432996249522542
576,Adamawa,Gombi,2017,1.0,121768.0,9.0,0.515567645,0.5498667597899284
577,Adamawa,Guyuk,2017,1.0,132247.0,9.0,0.5719955210000001,0.5895998595385187
578,Adamawa,Hong,2017,1.0,126061.0,9.0,0.634881453,0.629555394791857
579,Adamawa,Jada,2017,1.0,135614.0,9.0,0.556558753,0.5790745423535516
580,Adamawa,Lamurde,2017,1.0,94499.0,9.0,0.429924862,0.4839235687059274
581,Adamawa,Madagali,2017,1.0,107857.0,9.0,0.722065325,0.6767667403867053
582,Adamawa,Maiha,2017,1.0,88129.0,9.0,0.647421068,0.6369384324258518
583,Adamawa,Mayo-Belwa,2017,1.0,119598.0,9.0,0.615915722,0.6180143433971907
584,Adamawa,Michika,2017,1.0,115899.0,9.0,0.688720491,0.6598464769378676
585,Adamawa,Mubi North,2017,1.0,110774.0,9.0,0.6986415290000001,0.6650271756165475
586,Adamawa,Mubi South,2017,1.0,105154.0,9.0,0.692375167,0.6617694166319548
587,Adamawa,Numan,2017,1.0,72120.0,9.0,0.518273564,0.5518481896533226
588,Adamawa,Shelleng,2017,1.0,115506.0,9.0,0.58914423,0.6009693462435255
589,Adamawa,Song,2017,1.0,149721.0,9.0,0.551949619,0.5758799053929877
590,Adamawa,Toungo,2017,1.0,47558.0,9.0,0.38374446799999995,0.4464720418668644
591,Adamawa,Yola North,2017,1.0,162121.0,9.0,0.581884889,0.5961986631101872
592,Adamawa,Yola South,2017,1.0,172506.0,9.0,0.57254926,0.5899723567601259
593,Edo ,Akoko-Edo,2017,1.0,163334.0,8.0,0.304845225,0.38151248237377583
594,Edo ,Egor,2017,1.0,260964.0,8.0,0.42209808,0.4776431107976492
595,Edo ,Esan Central,2017,1.0,67178.0,8.0,0.34342137,0.4132807934499486
596,Edo ,Esan North East,2017,1.0,82186.0,8.0,0.339061878,0.40968407827859743
597,Edo ,Esan South East,2017,1.0,112760.0,8.0,0.40497172600000003,0.4637958375407007
598,Edo ,Esan West,2017,1.0,73327.0,8.0,0.36642111299999996,0.4322414871496919
599,Edo ,Etsako Central,2017,1.0,59868.0,8.0,0.300181787,0.37768948384695805
600,Edo ,Etsako East,2017,1.0,100867.0,8.0,0.314825995,0.3897117165153847
601,Edo ,Etsako West,2017,1.0,135081.0,8.0,0.290127246,0.3694682798178261
602,Edo ,Igueben,2017,1.0,28257.0,8.0,0.415233246,0.47210884065633446
603,Edo ,Ikpoba-Okha,2017,1.0,246043.0,8.0,0.323305427,0.39669208639285064
604,Edo ,Oredo,2017,1.0,220695.0,8.0,0.38207657100000003,0.4451049089173371
605,Edo ,Orhionmwon,2017,1.0,91902.0,8.0,0.335936711,0.407105952869331
606,Edo ,Ovia North East,2017,1.0,87829.0,8.0,0.337624396,0.40849817911507136
607,Edo ,Ovia South West,2017,1.0,90346.0,8.0,0.363545715,0.4298739620820159
608,Edo ,Owan East,2017,1.0,115258.0,8.0,0.315089802,0.3899287090878436
609,Edo ,Owan West,2017,1.0,69516.0,8.0,0.389346565,0.45105827430439444
610,Edo ,Uhunmwonde,2017,1.0,104799.0,8.0,0.3888156,0.4506239864993584
611,Imo,Aboh-Mbaise,2017,1.0,146280.0,11.0,0.36699898200000003,0.43271713682520496
612,Imo,Ahiazu-Mbaise,2017,1.0,116975.0,11.0,0.4502266,0.5000493247605161
613,Imo,Ehime-Mbano,2017,1.0,84925.0,11.0,0.459803075,0.5075631518613826
614,Imo,Ezinihitte,2017,1.0,103919.0,11.0,0.45681719200000004,0.5052272545680742
615,Imo,Ideato North,2017,1.0,115686.0,11.0,0.44906691299999996,0.4991351619794605
616,Imo,Ideato South,2017,1.0,114313.0,11.0,0.43856574600000003,0.490817758655518
617,Imo,Ihitte/Uboma,2017,1.0,80551.0,11.0,0.471133329,0.5163674025189257
618,Imo,Ikeduru,2017,1.0,102057.0,11.0,0.40263862200000006,0.461899583914504
619,Imo,Isiala Mbano,2017,1.0,129476.0,11.0,0.46808326200000006,0.5140068460361464
620,Imo,Isu,2017,1.0,119537.0,11.0,0.310898215,0.3864825119658135
621,Imo,Mbaitoli,2017,1.0,168233.0,11.0,0.257476859,0.3430414207666702
622,Imo,Ngor-Okpala,2017,1.0,109565.0,11.0,0.24738903899999998,0.33498312686829446
623,Imo,Njaba,2017,1.0,71652.0,11.0,0.25554311,0.3414922727599331
624,Imo,Nkwerre,2017,1.0,57038.0,11.0,0.404085994,0.4630762045990882
625,Imo,Nwangele,2017,1.0,78798.0,11.0,0.427322485,0.4818389671907511
626,Imo,Obowo,2017,1.0,84709.0,11.0,0.461408625,0.5088165508740796
627,Imo,Oguta,2017,1.0,93217.0,11.0,0.21360058,0.30846825344810874
628,Imo,Ohaji/Egbema,2017,1.0,150457.0,11.0,0.230681852,0.3217738660478154
629,Imo,Okigwe,2017,1.0,80213.0,11.0,0.46132433,0.5087507911093518
630,Imo,Orlu,2017,1.0,104241.0,11.0,0.36849761,0.4339504184025048
631,Imo,Orsu,2017,1.0,84154.0,11.0,0.258149058,0.3435804021014878
632,Imo,Oru East,2017,1.0,80698.0,11.0,0.18710010100000002,0.2882840462218809
633,Imo,Oru West,2017,1.0,81832.0,11.0,0.17620589399999997,0.28016566039994467
634,Imo,Owerri North,2017,1.0,138490.0,11.0,0.24410966899999997,0.33237634919514036
635,Imo,Owerri West,2017,1.0,75938.0,11.0,0.204213478,0.3012512734243858
636,Imo,Owerri-Municipal,2017,1.0,113320.0,11.0,0.19740869600000002,0.2960648667420185
637,Imo,Unuimo,2017,1.0,74764.0,11.0,0.47443857799999994,0.5189172766242593
638,Kogi,Adavi,2017,1.0,137000.0,,0.308698703,0.3846755670683164
639,Kogi,Ajaokuta,2017,1.0,76452.0,,0.321205627,0.3949625042537835
640,Kogi,Ankpa,2017,1.0,175582.0,,0.382494781,0.44544777392991713
641,Kogi,Bassa1,2017,1.0,89527.0,,0.406315085,0.4648866737679152
642,Kogi,Dekina,2017,1.0,129858.0,,0.371777405,0.43664812419010246
643,Kogi,Ibaji,2017,1.0,81164.0,,0.335530068,0.406770517076103
644,Kogi,Idah,2017,1.0,47258.0,,0.38202357299999995,0.4450614558273227
645,Kogi,Igalamela-Odolu,2017,1.0,77112.0,,0.34468263200000004,0.4143213760520234
646,Kogi,Ijumu,2017,1.0,66798.0,,0.312708323,0.38797030933277193
647,Kogi,Kabba/Bunu,2017,1.0,85918.0,,0.31977949699999997,0.393788165492932
648,Kogi,Kogi,2017,1.0,76160.0,,0.368216183,0.43371884936525573
649,Kogi,Lokoja,2017,1.0,161117.0,,0.314676325,0.38958861214207097
650,Kogi,Mopa-Muro,2017,1.0,31348.0,,0.291856976,0.3708803388367997
651,Kogi,Ofu,2017,1.0,118041.0,,0.33495597,0.40629696235907464
652,Kogi,Ogori/Mangongo,2017,1.0,24283.0,,0.310733482,0.38634714474714305
653,Kogi,Okehi,2017,1.0,132079.0,,0.293031638,0.3718398344993467
654,Kogi,Okene,2017,1.0,210500.0,,0.27567768600000003,0.35771536277581906
655,Kogi,Olamabolo,2017,1.0,99592.0,,0.317039805,0.39153305121933296
656,Kogi,Omala,2017,1.0,70500.0,,0.455368605,0.5040917345637241
657,Kogi,Yagba East,2017,1.0,78756.0,,0.29127657100000004,0.37040641564874527
658,Kogi,Yagba West,2017,1.0,88998.0,,0.304086126,0.38088980454510374
659,Kwara,Asa,2017,1.0,87131.0,10.0,0.293917451,0.37256368516356586
660,Kwara,Baruten,2017,1.0,163916.0,10.0,0.347941602,0.4170099949343962
661,Kwara,Edu,2017,1.0,146889.0,10.0,0.339359862,0.40992991672534407
662,Kwara,Ekiti,2017,1.0,40353.0,10.0,0.316166435,0.3908144146570061
663,Kwara,Ifelodun1,2017,1.0,125447.0,10.0,0.35798232799999996,0.4252901044238611
664,Kwara,Ilorin East,2017,1.0,153974.0,10.0,0.35082488799999995,0.4193883674690618
665,Kwara,Ilorin South,2017,1.0,150905.0,10.0,0.316790933,0.39132825823331036
666,Kwara,Ilorin West,2017,1.0,251750.0,10.0,0.300629985,0.378056657109303
667,Kwara,Irepodun1,2017,1.0,107678.0,10.0,0.35458743600000003,0.42249131708793847
668,Kwara,Isin,2017,1.0,44907.0,10.0,0.349688854,0.4184513185016548
669,Kwara,Kaiama,2017,1.0,97184.0,10.0,0.40940498799999997,0.467392893395495
670,Kwara,Moro,2017,1.0,78462.0,10.0,0.336971467,0.4079595441391242
671,Kwara,Offa,2017,1.0,65549.0,10.0,0.350724749,0.4193057712877668
672,Kwara,Oke-Ero,2017,1.0,42639.0,10.0,0.328086235,0.4006319684094872
673,Kwara,Oyun,2017,1.0,55363.0,10.0,0.379244204,0.44278165437108363
674,Kwara,Pategi,2017,1.0,87574.0,10.0,0.31827729899999996,0.3925515182580601
675,Ondo,Akoko North East,2017,1.0,129964.0,11.0,0.346553372,0.41586475190450417
676,Ondo,Akoko North West,2017,1.0,136066.0,11.0,0.316763911,0.3913060228687422
677,Ondo,Akoko South East,2017,1.0,55747.0,11.0,0.34703453100000003,0.4162616986213319
678,Ondo,Akoko South West,2017,1.0,165262.0,11.0,0.330802879,0.4028717788728454
679,Ondo,Akure North,2017,1.0,101123.0,11.0,0.337034585,0.40801161279917464
680,Ondo,Akure South,2017,1.0,305281.0,11.0,0.299585483,0.3772010652800233
681,Ondo,Ese-Odo,2017,1.0,113702.0,11.0,0.29899958600000004,0.3767212679727284
682,Ondo,Idanre,2017,1.0,91075.0,11.0,0.311424686,0.3869151703291397
683,Ondo,Ifedore,2017,1.0,97841.0,11.0,0.373640917,0.438179997984411
684,Ondo,Ilaje,2017,1.0,210530.0,11.0,0.29492871,0.3733903487267975
685,Ondo,Ile-Oluji-Okeigbo,2017,1.0,113020.0,11.0,0.384384096,0.44699613128680726
686,Ondo,Irele,2017,1.0,103357.0,11.0,0.393822894,0.45471604224585777
687,Ondo,Odigbo,2017,1.0,157002.0,11.0,0.42330771899999997,0.4786158679575601
688,Ondo,Okitipupa,2017,1.0,162691.0,11.0,0.40023309700000004,0.4599422510830095
689,Ondo,Ondo East,2017,1.0,54660.0,11.0,0.35907013299999996,0.42618666666230753
690,Ondo,Ondo West,2017,1.0,201470.0,11.0,0.39188836200000005,0.45313605515248934
691,Ondo,Ose,2017,1.0,102190.0,11.0,0.34187957399999996,0.41200874927076536
692,Ondo,Owo,2017,1.0,147227.0,11.0,0.289251141,0.3687534613896203
693,Osun,Aiyedade,2017,1.0,99920.0,9.0,0.40142838399999997,0.46091511101148036
694,Osun,Aiyedire,2017,1.0,49863.0,9.0,0.440828641,0.4926159260142818
695,Osun,Atakumosa East,2017,1.0,55060.0,9.0,0.43864029600000004,0.49087704803760496
696,Osun,Atakumosa West,2017,1.0,49854.0,9.0,0.441512439,0.49315867513721895
697,Osun,Boluwaduro,2017,1.0,48827.0,9.0,0.30039852899999997,0.3778670365645364
698,Osun,Boripe,2017,1.0,98470.0,9.0,0.35457047799999997,0.4224773342004546
699,Osun,Ede North,2017,1.0,59258.0,9.0,0.389785625,0.4514173259758962
700,Osun,Ede South,2017,1.0,53365.0,9.0,0.41266612700000005,0.47003353345020993
701,Osun,Egbedore,2017,1.0,55181.0,9.0,0.43475278,0.4877808961379004
702,Osun,Ejigbo,2017,1.0,88596.0,9.0,0.43193528600000003,0.48553142972958785
703,Osun,Ife Central,2017,1.0,117445.0,9.0,0.443838578,0.49500281229290755
704,Osun,Ife East,2017,1.0,141763.0,9.0,0.454795344,0.5036419615631109
705,Osun,Ife North,2017,1.0,109204.0,9.0,0.417284269,0.4737647205809236
706,Osun,Ife South,2017,1.0,104347.0,9.0,0.40603638,0.46466042000505825
707,Osun,Ifedayo,2017,1.0,26497.0,9.0,0.271238016,0.3541214375864389
708,Osun,Ifelodun2,2017,1.0,69168.0,9.0,0.40027921899999996,0.4599798003794073
709,Osun,Ila,2017,1.0,46867.0,9.0,0.32967771,0.4019440263013372
710,Osun,Ilesha East,2017,1.0,84877.0,9.0,0.40077994,0.46038740086411933
711,Osun,Ilesha West,2017,1.0,79188.0,9.0,0.38746024700000004,0.4495150297465482
712,Osun,Irepodun2,2017,1.0,85768.0,9.0,0.48248331,0.5250868562302236
713,Osun,Irewole,2017,1.0,107763.0,9.0,0.39038517100000003,0.45190752273213364
714,Osun,Isokan,2017,1.0,77874.0,9.0,0.36731477100000004,0.4329770432037026
715,Osun,Iwo,2017,1.0,137976.0,9.0,0.456747451,0.5051726196435861
716,Osun,Obokun,2017,1.0,75247.0,9.0,0.323000927,0.39644123709791
717,Osun,Odo-Otin,2017,1.0,99875.0,9.0,0.424052511,0.47921443413234305
718,Osun,Ola-oluwa,2017,1.0,57148.0,9.0,0.43559805,0.48845485831610874
719,Osun,Olorunda,2017,1.0,97823.0,9.0,0.43127263299999996,0.48500171528693303
720,Osun,Oriade,2017,1.0,111817.0,9.0,0.408517869,0.46667376472955013
721,Osun,Orolu,2017,1.0,73556.0,9.0,0.49909052299999995,0.5376497820578663
722,Osun,Osogbo,2017,1.0,108145.0,9.0,0.402576327,0.46184892362729335
723,Sokoto,Binji,2017,1.0,79907.0,,0.8282343679999999,0.7216425453524813
724,Sokoto,Bodinga,2017,1.0,145520.0,,0.8452747420000001,0.727651305346433
725,Sokoto,Dange-Shnsi,2017,1.0,148263.0,,0.776225122,0.7013165591301116
726,Sokoto,Gada,2017,1.0,190491.0,,0.721220117,0.6763550947276393
727,Sokoto,Gawabawa,2017,1.0,147671.0,,0.808406515,0.7142539168554731
728,Sokoto,Goronyo,2017,1.0,72234.0,,0.728302887,0.679777150436161
729,Sokoto,Gudu,2017,1.0,177219.0,,0.8180726629999999,0.7179101097117951
730,Sokoto,Illela,2017,1.0,114796.0,,0.78404554,0.7045705787066877
731,Sokoto,Isa,2017,1.0,112117.0,,0.799422792,0.7107618589171127
732,Sokoto,Kebbe,2017,1.0,97002.0,,0.694602402,0.662933001779533
733,Sokoto,Kware,2017,1.0,99700.0,,0.839844337,0.7257700184619396
734,Sokoto,Rabah,2017,1.0,122209.0,,0.7934301340000001,0.7083814340918517
735,Sokoto,Sabon Birni,2017,1.0,153237.0,,0.753753181,0.6915626676756104
736,Sokoto,Shagari,2017,1.0,115212.0,,0.7654273709999999,0.6967051294332028
737,Sokoto,Silame,2017,1.0,79409.0,,0.766165395,0.6970247325701102
738,Sokoto,Sokoto North,2017,1.0,192856.0,,0.7786190909999999,0.7023202887341238
739,Sokoto,Sokoto South,2017,1.0,143126.0,,0.80984662,0.7148052398047845
740,Sokoto,Tambuwal,2017,1.0,167992.0,,0.771427002,0.6992844830267938
741,Sokoto,Tangaza,2017,1.0,87019.0,,0.75519424,0.6922063360412207
742,Sokoto,Tureta,2017,1.0,51198.0,,0.792046748,0.7078260701223849
743,Sokoto,Wamako,2017,1.0,132275.0,,0.797146263,0.7098624058950429
744,Sokoto,Wurno,2017,1.0,120648.0,,0.774541035,0.7006064208085178
745,Sokoto,Yabo,2017,1.0,84708.0,,0.7457648440000001,0.6879488560755875
