,LGA_old,repDS,year,LGA,U5_ITN_use,six_nine_ITN_use,ten_eighteen_ITN_use,over_eighteen_ITN_use,round,peak,simday,llins_plan,mortality,kill_rate,block_initial
1,Aba North,Ngor-Okpala,2020,Aba North,0.8,0.8,0.8,0.8,1,june,162,PBO(2021),0.319067389,0.728614023,0.65
2,Aba South,Ngor-Okpala,2020,Aba South,0.8,0.8,0.8,0.8,1,june,162,PBO(2021),0.311454386,0.726957127,0.65
3,Arochukwu,Ngor-Okpala,2020,Arochukwu,0.8,0.8,0.8,0.8,1,june,162,PBO(2021),0.431823298,0.742819598,0.65
4,Bende,Ngor-Okpala,2020,Bende,0.8,0.8,0.8,0.8,1,june,162,PBO(2021),0.451630723,0.744124763,0.65
5,Ikwuano,Ngor-Okpala,2020,Ikwuano,0.8,0.8,0.8,0.8,1,june,162,PBO(2021),0.469780688,0.74514594,0.65
6,Isiala-Ngwa North,Ngor-Okpala,2020,Isiala-Ngwa North,0.8,0.8,0.8,0.8,1,june,162,PBO(2021),0.347639146,0.733784825,0.65
7,Isiala-Ngwa South,Ngor-Okpala,2020,Isiala-Ngwa South,0.8,0.8,0.8,0.8,1,june,162,PBO(2021),0.381316588,0.738260872,0.65
8,Isuikwato,Ngor-Okpala,2020,Isuikwato,0.8,0.8,0.8,0.8,1,june,162,PBO(2021),0.414408176,0.741473832,0.65
9,Obi Nwa,Ngor-Okpala,2020,Obi Nwa,0.8,0.8,0.8,0.8,1,june,162,PBO(2021),0.339144556,0.732401702,0.65
10,Ohafia,Ngor-Okpala,2020,Ohafia,0.8,0.8,0.8,0.8,1,june,162,PBO(2021),0.433165676,0.742915145,0.65
11,Osisioma Ngwa,Ngor-Okpala,2020,Osisioma Ngwa,0.8,0.8,0.8,0.8,1,june,162,PBO(2021),0.3223721,0.7292929,0.65
12,Ugwunagbo,Ngor-Okpala,2020,Ugwunagbo,0.8,0.8,0.8,0.8,1,june,162,PBO(2021),0.311296946,0.726921429,0.65
13,Ukwa East,Nsit Ubium,2020,Ukwa East,0.8,0.8,0.8,0.8,1,june,162,PBO(2021),0.30363416,0.725109174,0.65
14,Ukwa West,Nsit Ubium,2020,Ukwa West,0.8,0.8,0.8,0.8,1,june,162,PBO(2021),0.294680951,0.722792365,0.65
15,Umu-Neochi,Oru West,2020,Umu-Neochi,0.8,0.8,0.8,0.8,1,june,162,PBO(2021),0.436597759,0.743154502,0.65
16,Umuahia North,Ngor-Okpala,2020,Umuahia North,0.8,0.8,0.8,0.8,1,june,162,PBO(2021),0.451576154,0.744121457,0.65
17,Umuahia South,Ngor-Okpala,2020,Umuahia South,0.8,0.8,0.8,0.8,1,june,162,PBO(2021),0.48752647,0.746009794,0.65
18,Demsa,Alkaleri,2020,Demsa,0.8,0.8,0.8,0.8,1,july,186,PBO(2021),0.495212973,0.74634808,0.65
19,Gireri,Darazo,2020,Gireri,0.8,0.8,0.8,0.8,1,july,186,PBO(2021),0.658506137,0.75044815,0.843319415
20,Gombi,Alkaleri,2020,Gombi,0.8,0.8,0.8,0.8,1,july,186,PBO(2021),0.515567645,0.747153033,0.673908406
21,Guyuk,Alkaleri,2020,Guyuk,0.8,0.8,0.8,0.8,1,july,186,PBO(2021),0.571995521,0.748844595,0.755853881
22,Hong,Darazo,2020,Hong,0.8,0.8,0.8,0.8,1,july,186,PBO(2021),0.634881453,0.750094944,0.823212171
23,Lamurde,Alkaleri,2020,Lamurde,0.8,0.8,0.8,0.8,1,july,186,PBO(2021),0.429924862,0.742682577,0.65
24,Mayo-Belwa,Alkaleri,2020,Mayo-Belwa,0.8,0.8,0.8,0.8,1,july,186,PBO(2021),0.615915722,0.74977065,0.805165057
25,Numan,Alkaleri,2020,Numan,0.833333333,0.8,0.8,0.8,1,july,186,PBO(2021),0.518273564,0.747251003,0.678387
26,Shelleng,Darazo,2020,Shelleng,0.8,0.8,0.8,0.8,1,july,186,PBO(2021),0.58914423,0.749238946,0.776450833
27,Song,Darazo,2020,Song,0.8,0.8,0.8,0.8,1,july,186,PBO(2021),0.551949619,0.748320258,0.729369132
28,Yola North,Alkaleri,2020,Yola North,0.8,0.8,0.8,0.8,1,july,186,PBO(2021),0.581884889,0.749077617,0.767953208
29,Yola South,Alkaleri,2020,Yola South,0.8,0.8,0.8,0.8,1,july,186,PBO(2021),0.57254926,0.748858066,0.756547718
30,Awka North,Uzo-Uwani,2020,Awka North,0.8,0.8,0.8,0.8,1,june,162,PBO(2021),0.388205397,0.739012279,0.65
31,Awka South,Uzo-Uwani,2020,Awka South,0.8,0.8,0.8,0.8,1,june,162,PBO(2021),0.431794981,0.74281757,0.65
32,Ayamelum,Uzo-Uwani,2020,Ayamelum,0.8,0.8,0.8,0.8,1,june,162,PBO(2021),0.436497382,0.743147601,0.65
33,Aguata,Oru West,2020,Aguata,0.8,0.8,0.8,0.8,1,june,162,PBO(2021),0.454034567,0.744268911,0.65
34,Anambra East,Uzo-Uwani,2020,Anambra East,0.8,0.8,0.8,0.8,1,june,162,PBO(2021),0.375672105,0.737607983,0.65
35,Anambra West,Uzo-Uwani,2020,Anambra West,0.8,0.8,0.8,0.8,1,june,162,PBO(2021),0.39176502,0.739382126,0.65
36,Anaocha,Oru West,2020,Anaocha,0.8,0.8,0.8,0.8,1,june,162,PBO(2021),0.420247823,0.741948071,0.65
37,Dunukofia,Uzo-Uwani,2020,Dunukofia,0.8,0.8,0.8,0.8,1,june,162,PBO(2021),0.421451191,0.742042811,0.65
38,Ekwusigo,Oru West,2020,Ekwusigo,0.8,0.8,0.8,0.8,1,june,162,PBO(2021),0.255572543,0.70945305,0.65
39,Idemili North,Uzo-Uwani,2020,Idemili North,0.8,0.8,0.8,0.8,1,june,162,PBO(2021),0.422797782,0.742147653,0.65
40,Idemili South,Oru West,2020,Idemili South,0.8,0.8,0.8,0.8,1,june,162,PBO(2021),0.377378695,0.737809061,0.65
41,Ihiala,Oru West,2020,Ihiala,0.8,0.8,0.8,0.8,1,june,162,PBO(2021),0.199598953,0.675748907,0.65
42,Njikoka,Uzo-Uwani,2020,Njikoka,0.8,0.8,0.8,0.8,1,june,162,PBO(2021),0.436915256,0.743176293,0.65
43,Nnewi North,Oru West,2020,Nnewi North,0.8,0.8,0.8,0.8,1,june,162,PBO(2021),0.308642745,0.726310499,0.65
44,Nnewi South,Oru West,2020,Nnewi South,0.8,0.8,0.8,0.8,1,june,162,PBO(2021),0.303374646,0.725045144,0.65
45,Ogbaru,Ahoada West,2020,Ogbaru,0.8,0.8,0.8,0.8,1,may,131,PBO(2021),0.230996863,0.697383872,0.65
46,Onitsha North,Uzo-Uwani,2020,Onitsha North,0.8,0.8,0.8,0.8,1,june,162,PBO(2021),0.382531956,0.738396974,0.65
47,Onitsha South,Uzo-Uwani,2020,Onitsha South,0.8,0.8,0.8,0.8,1,june,162,PBO(2021),0.368656397,0.736746223,0.65
48,Orumba North,Oru West,2020,Orumba North,0.8,0.8,0.8,0.8,1,june,162,PBO(2021),0.403508225,0.74052015,0.65
49,Orumba South,Oru West,2020,Orumba South,0.8,0.8,0.8,0.8,1,june,162,PBO(2021),0.438379079,0.743276001,0.65
50,Oyi,Uzo-Uwani,2020,Oyi,0.8,0.8,0.8,0.8,1,june,162,PBO(2021),0.387377598,0.738924512,0.65
51,Ukum,Keana,2020,Ukum,0.8,0.8,0.8,0.8,1,august,223,Standard 2020,0.383970395,0.446657171,0.53
52,Kolokuma/Opokuma,Ahoada West,2020,Kolokuma-Opokuma,0.8,0.8,0.8,0.8,1,may,131,PBO(2021),0.224180225,0.693359192,0.65
53,Nembe,Ahoada West,2020,Nembe,0.8,0.8,0.8,0.8,1,may,131,PBO(2021),0.273335383,0.716248429,0.65
54,Ogbia,Ahoada West,2020,Ogbia,0.8,0.8,0.8,0.8,1,may,131,PBO(2021),0.381331283,0.738262526,0.65
55,Sagbama,Ahoada West,2020,Sagbama,0.8,0.8,0.8,0.8,1,may,131,PBO(2021),0.219154854,0.690172734,0.65
56,Yenegoa,Isoko South,2020,Yenegoa,0.8,0.8,0.8,0.8,1,june,162,PBO(2021),0.260617689,0.711526996,0.65
57,Ado,Akinyele,2020,Ado,0.8,0.8,0.8,0.8,1,may,131,Standard 2020,0.357778894,0.425122422,0.53
58,Agatu,Keana,2020,Agatu,0.8,0.833333333,0.8,0.8,1,august,223,Standard 2020,0.440507142,0.492360644,0.53
59,Apa,Keana,2020,Apa,0.842105263,0.8,0.8,0.8,1,august,223,Standard 2020,0.437711079,0.490137805,0.53
60,Buruku,Keana,2020,Buruku,0.8,0.8,0.8,0.8,1,august,223,Standard 2020,0.37690999,0.440865552,0.53
61,Gboko,Keana,2020,Gboko,0.8,0.8,0.8,0.8,1,august,223,Standard 2020,0.325574075,0.398561371,0.53
62,Guma,Keana,2020,Guma,0.8,0.8,0.8,0.8,1,august,223,Standard 2020,0.365014826,0.431083741,0.53
63,Gwer East,Oke-Ero,2020,Gwer East,0.888888889,0.916666667,0.8,0.8,1,july,186,Standard 2020,0.369333536,0.43463817,0.53
64,Gwer West,Keana,2020,Gwer West,0.8,0.8,0.866666667,0.8,1,august,223,Standard 2020,0.423749809,0.478971197,0.53
65,Katsina-Ala,Keana,2020,Katsina-Ala,0.8,0.8,0.8,0.8,1,august,223,Standard 2020,0.338062239,0.408859386,0.53
66,Konshisha,Oke-Ero,2020,Konshisha,0.8,0.8,0.8,0.8,1,july,186,Standard 2020,0.393916167,0.45479219,0.53
67,Logo,Keana,2020,Logo,0.8,0.8,0.8,0.8,1,august,223,Standard 2020,0.41751013,0.473946946,0.53
68,Makurdi,Keana,2020,Makurdi,0.805491132,0.8,0.8,0.8,1,august,223,Standard 2020,0.369068798,0.434420372,0.53
69,Obi1,Keana,2020,Obi1,0.8,0.8,0.8,0.8,1,august,223,Standard 2020,0.390472194,0.451978665,0.53
70,Ogbadibo,Owan East,2020,Ogbadibo,0.8,0.8,0.8,0.8,1,march,131,Standard 2020,0.336392711,0.407482111,0.53
71,Ohimini,Akinyele,2020,Ohimini,0.8,0.8,0.8,0.8,1,may,131,Standard 2020,0.349595567,0.418374369,0.53
72,Oju,Oke-Ero,2020,Oju,0.8,0.8,0.8,0.8,1,july,186,Standard 2020,0.409720848,0.467648858,0.53
73,Okpokwu,Akinyele,2020,Okpokwu,0.8,0.8,0.8,0.8,1,may,131,Standard 2020,0.347201019,0.416399046,0.53
74,Oturkpo,Owan East,2020,Oturkpo,0.8,0.8,0.8,0.8,1,march,131,Standard 2020,0.406479871,0.465020433,0.53
75,Tarka,Keana,2020,Tarka,0.88,0.8,0.8,0.8,1,august,223,Standard 2020,0.339520975,0.410062837,0.53
76,Ushongo,Oke-Ero,2020,Ushongo,0.8,0.8,0.8,0.8,1,july,186,Standard 2020,0.333533837,0.405123965,0.53
77,Vandeikya,Oke-Ero,2020,Vandeikya,0.8,0.8,0.8,0.8,1,july,186,Standard 2020,0.384252901,0.446888644,0.53
78,Askira/Uba,Darazo,2020,Askira-Uba,0.8,0.8,0.8,0.8,1,july,186,PBO(2021),0.666450057,0.750555793,0.849537809
79,Enugu East,Uzo-Uwani,2020,Enugu East,0.8,0.8,0.8,0.8,1,june,162,PBO(2021),0.392074002,0.73941366,0.65
80,Bayo,Alkaleri,2020,Bayo,0.8,0.8,0.8,0.8,1,july,186,PBO(2021),0.570036309,0.74879652,0.75338312
81,Biu,Darazo,2020,Biu,0.8,0.8,0.8,0.8,1,july,186,PBO(2021),0.636944927,0.750127918,0.825069652
82,Chibok,Darazo,2020,Chibok,0.8,0.8,0.8,0.8,1,july,186,PBO(2021),0.652598314,0.750364627,0.838523104
83,Damboa,Darazo,2020,Damboa,0.8,0.8,0.8,0.8,1,july,186,PBO(2021),0.695319136,0.750906341,0.870063415
84,Dikwa,Darazo,2020,Dikwa,0.8,0.8,0.8,0.8,1,july,186,PBO(2021),0.719398758,0.751156548,0.884947607
85,Gubio,Gawabawa,2020,Gubio,0.8,0.8,0.8,0.8,1,august,223,PBO(2021),0.814426994,0.751874138,0.92834284
86,Jere,Gawabawa,2020,Jere,0.8,0.8,0.8,0.8,1,august,223,PBO(2021),0.753750697,0.751459291,0.903166987
87,Guzamala,Babura,2020,Guzamala,0.8,0.8,0.8,0.8,1,may,131,PBO(2021),0.777569747,0.75163814,0.914006236
88,Hawul,Darazo,2020,Hawul,0.8,0.8,0.8,0.8,1,july,186,PBO(2021),0.628168105,0.749984628,0.81702795
89,Kwaya Kusar,Alkaleri,2020,Kwaya Kusar,0.8,0.8,0.8,0.8,1,july,186,PBO(2021),0.597977668,0.749424913,0.786370026
90,Enugu North,Uzo-Uwani,2020,Enugu North,0.8,0.8,0.8,0.8,1,june,162,PBO(2021),0.420714903,0.741984962,0.65
91,Kaga,Darazo,2020,Kaga,0.8,0.8,0.8,0.8,1,july,186,PBO(2021),0.674887541,0.750664577,0.855863415
92,Mafa,Darazo,2020,Mafa,0.8,0.8,0.8,0.8,1,july,186,PBO(2021),0.71541858,0.751117543,0.88261584
93,Konduga,Darazo,2020,Konduga,0.8,0.8,0.8,0.8,1,july,186,PBO(2021),0.74032898,0.751347835,0.896436989
95,Magumeri,Gawabawa,2020,Magumeri,0.8,0.8,0.8,0.8,1,august,223,PBO(2021),0.783011005,0.7516759,0.916299033
96,Maiduguri,Darazo,2020,Maiduguri,0.8,0.8,0.8,0.8,1,july,186,PBO(2021),0.77182807,0.751597095,0.911515347
97,Shani,Alkaleri,2020,Shani,0.8,0.8,0.8,0.8,1,july,186,PBO(2021),0.675999756,0.750678509,0.856676439
98,Marte,Babura,2020,Marte,0.8,0.8,0.8,0.8,1,may,131,PBO(2021),0.719831894,0.751160739,0.88519842
99,Nganzai,Gawabawa,2020,Nganzai,0.8,0.8,0.8,0.8,1,august,223,PBO(2021),0.772011267,0.751598424,0.91159598
100,Enugu South,Uzo-Uwani,2020,Enugu South,0.8,0.8,0.8,0.8,1,june,162,PBO(2021),0.479661177,0.745641892,0.65
101,Ogbomosho North,Akinyele,2020,Ogbomosho North,0.8,0.8,0.8,0.8,1,may,131,Dual Al+PBO 2020,0.277526963,0.717660075,0.65
104,Ibadan South West,Owan East,2020,Ibadan South West,0.8,0.8,0.8,0.8,1,march,131,Dual Al+PBO 2020,0.315354899,0.727822706,0.65
110,Ogbomosho South,Akinyele,2020,Ogbomosho South,0.8,0.8,0.8,0.8,1,may,131,Dual Al+PBO 2020,0.343621306,0.733145329,0.65
125,Akoko-Edo,Owan East,2020,Akoko-Edo,0.8,0.8,0.8,0.8,1,march,131,PBO(2021),0.304845225,0.725405618,0.65
126,Egor,Uzo-Uwani,2020,Egor,0.8,0.8,0.8,0.8,1,june,162,PBO(2021),0.42209808,0.74209333,0.65
127,Esan North East,Uzo-Uwani,2020,Esan North East,0.8,0.8,0.8,0.8,1,june,162,PBO(2021),0.339061878,0.732387649,0.65
128,Esan Central,Owan East,2020,Esan Central,0.8,0.8,0.8,0.8,1,march,131,PBO(2021),0.34342137,0.733112828,0.65
129,Esan South East,Uzo-Uwani,2020,Esan South East,0.8,0.8,0.8,0.8,1,june,162,PBO(2021),0.404971726,0.740653669,0.65
130,Esan West,Uzo-Uwani,2020,Esan West,0.8,0.8,0.8,0.8,1,june,162,PBO(2021),0.366421113,0.736459279,0.65
131,Etsako Central,Owan East,2020,Etsako Central,0.8,0.8,0.8,0.8,1,march,131,PBO(2021),0.300181787,0.724242459,0.65
132,Etsako East,Owan East,2020,Etsako East,0.8,0.8,0.8,0.8,1,march,131,PBO(2021),0.314825995,0.727707424,0.65
133,Etsako West,Owan East,2020,Etsako West,0.8,0.8,0.8,0.8,1,march,131,PBO(2021),0.290127246,0.721523913,0.65
134,Igueben,Uzo-Uwani,2020,Igueben,0.8,0.8,0.8,0.8,1,june,162,PBO(2021),0.415233246,0.741542325,0.65
135,Ikpoba-Okha,Uzo-Uwani,2020,Ikpoba-Okha,0.8,0.8,0.8,0.8,1,june,162,PBO(2021),0.323305427,0.729480418,0.65
136,Aninri,Oru West,2020,Aninri,0.8,0.8,0.8,0.8,1,june,162,PBO(2021),0.430439768,0.742719962,0.65
137,Oredo,Uzo-Uwani,2020,Oredo,0.8,0.8,0.8,0.8,1,june,162,PBO(2021),0.382076571,0.738346159,0.65
138,Orhionmwon,Uzo-Uwani,2020,Orhionmwon,0.8,0.8,0.8,0.8,1,june,162,PBO(2021),0.335936711,0.731847739,0.65
139,Ovia North East,Owan East,2020,Ovia North East,0.8,0.8,0.8,0.8,1,march,131,PBO(2021),0.337624396,0.732141435,0.65
140,Ovia South West,Akinyele,2020,Ovia South West,0.8,0.8,0.8,0.8,1,may,131,PBO(2021),0.363545715,0.736080953,0.65
141,Owan East,Owan East,2020,Owan East,0.8,0.8,0.8,0.8,1,march,131,PBO(2021),0.315089802,0.727765005,0.65
142,Owan West,Owan East,2020,Owan West,0.8,0.8,0.8,0.8,1,march,131,PBO(2021),0.389346565,0.739132174,0.65
143,Uhunmwonde,Owan East,2020,Uhunmwonde,0.8,0.8,0.8,0.8,1,march,131,PBO(2021),0.3888156,0.739076547,0.65
144,Ado Ekiti,Owan East,2020,Ado Ekiti,0.8,0.8,0.8,0.8,1,march,131,PBO(2021),0.357399296,0.735235955,0.65
145,Efon-Alayee,Oke-Ero,2020,Efon-Alayee,0.8,0.8,0.8,0.8,1,july,186,PBO(2021),0.32342441,0.729504192,0.65
146,Ekiti East,Oke-Ero,2020,Ekiti East,0.8,0.8,0.8,0.8,1,july,186,PBO(2021),0.342294717,0.73292846,0.65
147,Ekiti South West,Oke-Ero,2020,Ekiti South West,0.8,0.8,0.8,0.8,1,july,186,PBO(2021),0.434979733,0.743042533,0.65
148,Awgu,Oru West,2020,Awgu,0.8,0.8,0.8,0.8,1,june,162,PBO(2021),0.428474781,0.742576398,0.65
149,Ekiti West,Oke-Ero,2020,Ekiti West,0.8,0.8,0.8,0.8,1,july,186,PBO(2021),0.332828195,0.731293374,0.65
150,Emure,Oke-Ero,2020,Emure,0.8,0.8,0.8,0.8,1,july,186,PBO(2021),0.372039671,0.737169001,0.65
151,Gboyin,Obubra,2020,Gboyin,0.8,0.8,0.8,0.8,1,june,162,PBO(2021),0.286540024,0.7204787,0.65
152,Idosi-Osi,Oke-Ero,2020,Idosi-Osi,0.8,0.8,0.8,0.8,1,july,186,PBO(2021),0.302701283,0.724878164,0.65
153,Ijero,Oke-Ero,2020,Ijero,0.8,0.8,0.8,0.8,1,july,186,PBO(2021),0.264220599,0.712935452,0.65
154,Ikere,Owan East,2020,Ikere,0.8,0.8,0.8,0.8,1,march,131,PBO(2021),0.456857423,0.744434569,0.65
155,Ikole,Oke-Ero,2020,Ikole,0.8,0.8,0.8,0.8,1,july,186,PBO(2021),0.320812672,0.72897548,0.65
156,Ilemeji,Oke-Ero,2020,Ilemeji,0.8,0.8,0.8,0.8,1,july,186,PBO(2021),0.308389127,0.726251209,0.65
157,Irepodun/Ifelodun,Oke-Ero,2020,Irepodun-Ifelodun,0.8,0.8,0.8,0.8,1,july,186,PBO(2021),0.314066122,0.727540664,0.65
158,Ise/Orun,Oke-Ero,2020,Ise-Orun,0.8,0.8,0.8,0.8,1,july,186,PBO(2021),0.409896538,0.74109031,0.65
159,Moba,Oke-Ero,2020,Moba,0.8,0.8,0.8,0.8,1,july,186,PBO(2021),0.282164723,0.719146001,0.65
160,Oye,Oke-Ero,2020,Oye,0.8,0.8,0.8,0.8,1,july,186,PBO(2021),0.299868816,0.72416227,0.65
161,Ezeagu,Uzo-Uwani,2020,Ezeagu,0.8,0.8,0.8,0.8,1,june,162,PBO(2021),0.415961311,0.741602353,0.65
162,Igbo-Etiti,Uzo-Uwani,2020,Igbo-Etiti,0.8,0.8,0.8,0.8,1,june,162,PBO(2021),0.38332308,0.738484739,0.65
163,Igbo-Eze North,Uzo-Uwani,2020,Igbo-Eze North,0.8,0.8,0.8,0.8,1,june,162,PBO(2021),0.332315805,0.73120029,0.65
164,Igbo-Eze South,Uzo-Uwani,2020,Igbo-Eze South,0.8,0.8,0.8,0.8,1,june,162,PBO(2021),0.361653388,0.735826165,0.65
165,Isi-Uzo,Owan East,2020,Isi-Uzo,0.8,0.8,0.8,0.8,1,march,131,PBO(2021),0.425114132,0.742325146,0.65
166,Nkanu East,Owan East,2020,Nkanu East,0.8,0.8,0.8,0.8,1,march,131,PBO(2021),0.414364125,0.741470161,0.65
167,Nkanu West,Uzo-Uwani,2020,Nkanu West,0.8,0.8,0.8,0.8,1,june,162,PBO(2021),0.464287853,0.744852701,0.65
168,Nsukka,Uzo-Uwani,2020,Nsukka,0.8,0.8,0.8,0.8,1,june,162,PBO(2021),0.391481406,0.739353101,0.65
169,Oji-River,Oru West,2020,Oji-River,0.8,0.8,0.8,0.8,1,june,162,PBO(2021),0.407484101,0.740878825,0.65
170,Udenu,Uzo-Uwani,2020,Udenu,0.8,0.8,0.8,0.8,1,june,162,PBO(2021),0.38139738,0.738269967,0.65
171,Udi,Uzo-Uwani,2020,Udi,0.8,0.8,0.8,0.8,1,june,162,PBO(2021),0.379547492,0.738059966,0.65
172,Uzo-Uwani,Uzo-Uwani,2020,Uzo-Uwani,0.8,0.8,0.8,0.8,1,june,162,PBO(2021),0.404737188,0.74063239,0.65
173,Ahiazu-Mbaise,Ngor-Okpala,2020,Ahiazu-Mbaise,0.8,0.8,0.8,0.8,1,june,162,PBO(2021),0.4502266,0.744039224,0.65
174,Abaji,Keana,2020,Abaji,0.8,0.8,0.8,0.8,1,august,223,PBO(2021),0.476373849,0.74548121,0.65
175,Bwari,Giwa,2020,Bwari,0.8,0.8,0.8,0.8,1,august,223,PBO(2021),0.558433035,0.748497974,0.73823236
176,Gwagwalada,Keana,2020,Gwagwalada,0.8,0.8,0.8,0.8,1,august,223,PBO(2021),0.555904987,0.748429645,0.734810981
177,Kuje,Keana,2020,Kuje,0.8,0.8,0.8,0.8,1,august,223,PBO(2021),0.448338859,0.743922635,0.65
178,Kwali,Keana,2020,Kwali,0.8,0.8,0.8,0.8,1,august,223,PBO(2021),0.476055073,0.745465403,0.65
180,Abuja Municipal,Keana,2020,Abuja Municipal,0.8,0.8,0.8,0.8,1,august,223,PBO(2021),0.500846708,0.746583537,0.64847786
181,Akko,Alkaleri,2021,Akko,0.8,0.8,0.8,0.8,1,july,551,PBO(2021),0.430348191,0.742713325,0.65
182,Balanga,Alkaleri,2021,Balanga,0.8,0.8,0.8,0.803248637,1,july,551,PBO(2021),0.625491041,0.749939303,0.81450054
183,Billiri,Alkaleri,2021,Billiri,0.8,0.8,0.8,0.8,1,july,551,PBO(2021),0.209402585,0.683407139,0.65
184,Dukku,Darazo,2021,Dukku,0.8,0.8,0.8,0.8,1,july,551,PBO(2021),0.67468816,0.75066207,0.855717164
185,Funakaye,Alkaleri,2021,Funakaye,0.8,0.8,0.8,0.8,1,july,551,PBO(2021),0.631961788,0.750047545,0.820549364
186,Gombe,Alkaleri,2021,Gombe,0.8,0.8,0.8,0.8,1,july,551,PBO(2021),0.497689178,0.746452831,0.65
187,Kaltungo,Alkaleri,2021,Kaltungo,0.8,0.8,0.8,0.8,1,july,551,PBO(2021),0.500615672,0.74657408,0.648064062
188,Kwami,Alkaleri,2021,Kwami,0.8,0.8,0.8,0.8,1,july,551,PBO(2021),0.528174359,0.747593116,0.6942737
190,Nafada,Alkaleri,2021,Nafada,0.8,0.8,0.8,0.8,1,july,551,PBO(2021),0.699548844,0.750952854,0.872816603
191,Shomgom,Alkaleri,2021,Shomgom,0.8,0.8,0.8,0.835300207,1,july,551,PBO(2021),0.393550536,0.739563122,0.65
192,Yamaltu/Deba,Alkaleri,2021,Yamaltu-Deba,0.8,0.8,0.8,0.8,1,july,551,PBO(2021),0.541765398,0.748024003,0.714846744
193,Aboh-Mbaise,Ngor-Okpala,2020,Aboh-Mbaise,0.8,0.8,0.8,0.8,1,june,162,PBO(2021),0.366998982,0.736534052,0.65
195,Ehime-Mbano,Ngor-Okpala,2020,Ehime-Mbano,0.8,0.8,0.8,0.8,1,june,162,PBO(2021),0.459803075,0.744603378,0.65
196,Ezinihitte,Ngor-Okpala,2020,Ezinihitte,0.8,0.8,0.8,0.8,1,june,162,PBO(2021),0.456817192,0.744432235,0.65
197,Ideato North,Oru West,2020,Ideato North,0.8,0.8,0.8,0.8,1,june,162,PBO(2021),0.449066913,0.743967818,0.65
198,Ideato South,Ngor-Okpala,2020,Ideato South,0.8,0.8,0.8,0.8,1,june,162,PBO(2021),0.438565746,0.743288627,0.65
199,Ihitte/Uboma,Ngor-Okpala,2020,Ihitte-Uboma,0.8,0.8,0.8,0.8,1,june,162,PBO(2021),0.471133329,0.745216177,0.65
200,Ikeduru,Ngor-Okpala,2020,Ikeduru,0.8,0.8,0.8,0.8,1,june,162,PBO(2021),0.402638622,0.740439976,0.65
201,Isiala Mbano,Ngor-Okpala,2020,Isiala Mbano,0.8,0.8,0.8,0.8,1,june,162,PBO(2021),0.468083262,0.745056709,0.65
202,Isu,Ngor-Okpala,2020,Isu,0.8,0.8,0.8,0.8,1,june,162,PBO(2021),0.310898215,0.726830753,0.65
203,Mbaitoli,Ngor-Okpala,2020,Mbaitoli,0.8,0.8,0.8,0.8,1,june,162,PBO(2021),0.257476859,0.710250224,0.65
204,Obowo,Ngor-Okpala,2020,Obowo,0.8,0.8,0.8,0.8,1,june,162,PBO(2021),0.461408625,0.744693686,0.65
205,Ngor-Okpala,Ngor-Okpala,2020,Ngor-Okpala,0.8,0.8,0.8,0.8,1,june,162,PBO(2021),0.247389039,0.70581743,0.65
206,Njaba,Ngor-Okpala,2020,Njaba,0.8,0.8,0.8,0.8,1,june,162,PBO(2021),0.25554311,0.70944059,0.65
207,Nkwerre,Ngor-Okpala,2020,Nkwerre,0.8,0.8,0.8,0.8,1,june,162,PBO(2021),0.404085994,0.740573072,0.65
208,Nwangele,Ngor-Okpala,2020,Nwangele,0.8,0.8,0.8,0.8,1,june,162,PBO(2021),0.427322485,0.742491071,0.65
209,Oyo East,Akinyele,2020,Oyo East,0.8,0.8,0.8,0.8,1,may,131,Dual Al+PBO 2020,0.47806867,0.745564576,0.65
210,Oguta,Oru West,2020,Oguta,0.8,0.8,0.8,0.8,1,june,162,PBO(2021),0.21360058,0.68641783,0.65
211,Ohaji/Egbema,Oru West,2020,Ohaji-Egbema,0.8,0.8,0.8,0.8,1,june,162,PBO(2021),0.230681852,0.69720507,0.65
212,Okigwe,Ngor-Okpala,2020,Okigwe,0.8,0.8,0.8,0.8,1,june,162,PBO(2021),0.46132433,0.744688974,0.65
213,Orlu,Oru West,2020,Orlu,0.8,0.8,0.8,0.8,1,june,162,PBO(2021),0.36849761,0.736726042,0.65
214,Orsu,Oru West,2020,Orsu,0.8,0.8,0.8,0.8,1,june,162,PBO(2021),0.258149058,0.710527415,0.65
215,Oru East,Oru West,2020,Oru East,0.8,0.8,0.8,0.8,1,june,162,PBO(2021),0.187100101,0.664569581,0.65
216,Oru West,Oru West,2020,Oru West,0.8,0.8,0.8,0.8,1,june,162,PBO(2021),0.176205894,0.653359801,0.65
217,Owerri-Municipal,Oru West,2020,Owerri-Municipal,0.8125,0.8,0.916666667,0.8,1,june,162,PBO(2021),0.197408696,0.67390989,0.65
219,Owerri North,Ngor-Okpala,2020,Owerri North,0.8,0.8,0.8,0.8,1,june,162,PBO(2021),0.244109669,0.704259228,0.65
220,Owerri West,Ngor-Okpala,2020,Owerri West,0.8,0.8,0.8,0.8,1,june,162,PBO(2021),0.204213478,0.679467215,0.65
221,Unuimo,Ngor-Okpala,2020,Unuimo,0.8,0.8,0.8,0.8,1,june,162,PBO(2021),0.474438578,0.745384628,0.65
222,Auyo,Taura,2021,Auyo,0.8,0.8,0.8,0.8,1,july,551,PBO(2021),0.676553245,0.750685407,0.857079262
223,Babura,Babura,2021,Babura,0.874582296,0.842755015,0.8,0.861709269,1,may,496,PBO(2021),0.754462934,0.751464979,0.903511062
224,Biriniwa,Taura,2021,Biriniwa,0.8,0.8,0.947368421,0.8,1,july,551,PBO(2021),0.694642094,0.750898789,0.869616984
225,Malam Madori,Taura,2021,Malam Madori,0.857142857,0.818181818,0.875,0.931034483,1,july,551,PBO(2021),0.663624026,0.750518096,0.847355412
226,Birni Kudu,Takali,2021,Birni Kudu,0.879221521,0.8,0.840102739,0.8898771,1,september,615,PBO(2021),0.79905925,0.75178119,0.922695814
227,Buji,Takali,2021,Buji,0.8,0.8,0.8,0.86602248,1,september,615,PBO(2021),0.759566013,0.751505098,0.905939135
228,Jahun,Taura,2021,Jahun,0.906724843,0.88129703,0.8,0.931820208,1,july,551,PBO(2021),0.743526887,0.751375143,0.898083766
229,Dutse,Takali,2021,Dutse,0.8,0.8758553,0.8,0.8,1,september,615,PBO(2021),0.790579855,0.751726658,0.919382366
230,Gagarawa,Taura,2021,Gagarawa,0.923076923,0.972222222,0.871794872,0.942028986,1,july,551,PBO(2021),0.716266925,0.751125931,0.883116947
231,Kafin Hausa,Taura,2021,Kafin Hausa,0.950194866,0.840231475,0.908210855,0.972138948,1,july,551,PBO(2021),0.673182764,0.750643042,0.854607934
232,Garki,Babura,2021,Garki,0.944444444,0.878787879,0.952380952,0.932432432,1,may,496,PBO(2021),0.74078424,0.751351753,0.896673119
233,Gumel,Babura,2021,Gumel,0.813953488,0.814814815,0.9,0.983050847,1,may,496,PBO(2021),0.765232277,0.751548364,0.908560313
234,Guri,Taura,2021,Guri,0.8,0.8,0.8,0.8,1,july,551,PBO(2021),0.666612333,0.750557938,0.849662142
235,Gwaram,Takali,2021,Gwaram,0.836572687,0.813620788,0.8,0.915806931,1,september,615,PBO(2021),0.770852463,0.751589995,0.911084643
236,Gwiwa,Babura,2021,Gwiwa,0.942307692,0.903225806,0.838709677,0.951612903,1,may,496,PBO(2021),0.668371704,0.750581059,0.85100333
237,Hadejia,Taura,2021,Hadejia,0.8,0.8,0.8,0.8,1,july,551,PBO(2021),0.636447966,0.750120016,0.82462414
238,Kaugama,Taura,2021,Kaugama,0.87755102,0.888888889,0.921052632,0.8,1,july,551,PBO(2021),0.649987707,0.750326737,0.836355656
239,Kazaure,Babura,2021,Kazaure,0.867924528,0.8,0.8,0.949367089,1,may,496,PBO(2021),0.72677407,0.751226535,0.889141293
240,Kiri Kasamma,Taura,2021,Kiri Kasamma,0.95426831,0.931417983,0.902249808,0.953359679,1,july,551,PBO(2021),0.673959786,0.750652885,0.855181572
242,Miga,Taura,2021,Miga,0.8,0.916666667,0.962962963,0.97826087,1,july,551,PBO(2021),0.71898178,0.751152503,0.884705609
243,Ringim,Taura,2021,Ringim,0.828571429,0.95,0.846153846,0.970149254,1,july,551,PBO(2021),0.733954558,0.751291935,0.89307077
244,Roni,Babura,2021,Roni,0.8,0.8,0.8,0.8,1,may,496,PBO(2021),0.684763375,0.750785097,0.862918381
245,Taura,Taura,2021,Taura,0.822222222,0.8,0.8,0.841269841,1,july,551,PBO(2021),0.802187286,0.751800708,0.923881864
246,Yankwashi,Babura,2021,Yankwashi,0.906122861,0.8,0.818889593,0.939150636,1,may,496,PBO(2021),0.686545172,0.750806097,0.864152546
247,Kiyawa,Takali,2020,Kiyawa,0.836363636,0.8,0.8,0.823529412,1,september,250,PBO(2021),0.77870611,0.751646116,0.914490448
248,Dutsi,Rimi,2021,Dutsi,0.8,0.8,0.8,0.8,1,march,496,PBO(2021),0.62280068,0.749892964,0.811924626
256,Ogori/Mangongo,Owan East,2020,Ogori-Mangongo,0.8,0.8,0.8,0.8,1,march,131,PBO(2021),0.310733482,0.726793178,0.65
295,Yagba West,Oke-Ero,2020,Yagba West,0.8,0.8,0.8,0.8,1,july,186,PBO(2021),0.304086126,0.72522026,0.65
300,Ekiti,Oke-Ero,2020,Ekiti,0.8,0.8,0.8,0.8,1,july,186,NewGen(2021),0.316166435,0.9,0.61
305,Bindawa,Rimi,2021,Bindawa,0.8,0.916666667,0.807692308,0.805970149,1,march,496,PBO(2021),0.7272811,0.75123124,0.889423658
315,Daura,Babura,2021,Daura,0.8,0.8,0.8,0.8,1,may,496,PBO(2021),0.575080323,0.748918986,0.75969419
316,Bakori,Gwarzo,2021,Bakori,0.8,0.8,0.8,0.8,1,august,588,PBO(2021),0.670473637,0.750608361,0.852589426
317,Batagarawa,Rimi,2021,Batagarawa,0.8,0.8,0.8,0.8,1,march,496,PBO(2021),0.663607785,0.750517877,0.847342775
318,Batsari,Rimi,2021,Batsari,0.847826087,0.8,0.8,0.8,1,march,496,PBO(2021),0.697059776,0.750925622,0.871203872
319,Charanchi,Rimi,2021,Charanchi,0.861111111,0.818181818,0.8,0.803030303,1,march,496,PBO(2021),0.738728442,0.751333985,0.895602343
320,Dan Musa,Rimi,2021,Dan Musa,0.954545455,0.818181818,0.826923077,0.873239437,1,march,496,PBO(2021),0.814381216,0.751873872,0.928326675
321,Dandume,Giwa,2021,Dandume,0.8,0.8,0.8,0.8,1,august,588,PBO(2021),0.480345251,0.745674804,0.65
322,Danja,Giwa,2021,Danja,0.8,0.8,0.8,0.8,1,august,588,PBO(2021),0.615786128,0.749768295,0.805035477
323,Dutsin-Ma,Rimi,2021,Dutsin-Ma,0.8,0.8,0.8,0.8,1,march,496,PBO(2021),0.731600297,0.751270782,0.891798731
324,Faskari,Giwa,2021,Faskari,0.8,0.8,0.8,0.8,1,august,588,PBO(2021),0.713932669,0.751102753,0.881732715
325,Funtua,Gwarzo,2021,Funtua,0.8,0.8,0.8,0.8,1,august,588,PBO(2021),0.500280747,0.746560342,0.647463373
326,Asa,Oke-Ero,2020,Asa,0.8,0.8,0.8,0.8,1,july,186,NewGen(2021),0.293917451,0.9,0.61
327,Ingawa,Rimi,2021,Ingawa,0.931034483,0.833333333,0.8,0.818181818,1,march,496,PBO(2021),0.687125681,0.750812891,0.864552136
328,Kafur,Gwarzo,2021,Kafur,0.8,0.8,0.8,0.8,1,august,588,PBO(2021),0.742026184,0.751362388,0.897314414
329,Kankara,Rimi,2021,Kankara,0.918032787,0.857142857,0.844444444,0.911392405,1,march,496,PBO(2021),0.803891608,0.751811211,0.924520058
330,Kankia,Rimi,2021,Kankia,0.85,0.821428571,0.833333333,0.835820896,1,march,496,PBO(2021),0.757287742,0.751487324,0.904863131
331,Katsina,Rimi,2021,Katsina,0.8,0.8,0.8,0.8,1,march,496,PBO(2021),0.71205914,0.751083925,0.880609312
332,Kurfi,Rimi,2021,Kurfi,0.8,0.8,0.8,0.8,1,march,496,PBO(2021),0.682045441,0.750752634,0.861013305
333,Kusada,Rimi,2021,Kusada,0.8,0.8,0.8,0.8,1,march,496,PBO(2021),0.768769267,0.75157471,0.910157594
334,Malumfashi,Gwarzo,2021,Malumfashi,0.8,0.8,0.8,0.8,1,august,588,PBO(2021),0.793678153,0.751746863,0.920609989
335,Mani,Rimi,2021,Mani,0.8,0.8,0.8,0.8,1,march,496,PBO(2021),0.663582347,0.750517535,0.847322981
336,Matazuu,Rimi,2021,Matazuu,0.961538462,0.923076923,0.941176471,0.984615385,1,march,496,PBO(2021),0.801649222,0.751797373,0.923679212
337,Musawa,Gwarzo,2021,Musawa,0.8,0.8,0.8,0.8,1,august,588,PBO(2021),0.831548285,0.751969493,0.93412969
338,Rimi,Rimi,2021,Rimi,0.8,0.8,0.8,0.8,1,march,496,PBO(2021),0.681368316,0.750744464,0.860534422
339,Sabuwa,Giwa,2021,Sabuwa,0.8,0.8,0.8,0.8,1,august,588,PBO(2021),0.595830662,0.749380719,0.784000715
340,Safana,Babura,2021,Safana,0.952380952,0.852941176,0.882352941,0.942028986,1,may,496,PBO(2021),0.597825124,0.749421794,0.786202556
341,Sandamu,Rimi,2021,Sandamu,0.8,0.8,0.8,0.8,1,march,496,PBO(2021),0.756649451,0.751482305,0.904559365
342,Iseyin,Akinyele,2020,Iseyin,0.8,0.8,0.8,0.8,1,may,131,Dual Al+PBO 2020,0.381804807,0.738315731,0.65
343,Adavi,Owan East,2020,Adavi,0.830655145,0.8,0.8,0.8,1,march,131,PBO(2021),0.308698703,0.726323559,0.65
344,Ajaokuta,Owan East,2020,Ajaokuta,0.8,0.8,0.8,0.8,1,march,131,PBO(2021),0.321205627,0.729055954,0.65
345,Ankpa,Owan East,2020,Ankpa,0.8,0.8,0.8,0.8,1,march,131,PBO(2021),0.382494781,0.738392834,0.65
346,Bassa1,Keana,2020,Bassa1,0.9,0.8,0.8,0.846153846,1,august,223,PBO(2021),0.406315085,0.74077469,0.65
347,Dekina,Owan East,2020,Dekina,0.8,0.8,0.8,0.8,1,march,131,PBO(2021),0.371777405,0.737136714,0.65
348,Edu,Oke-Ero,2020,Edu,0.8,0.8,0.8,0.8,1,july,186,NewGen(2021),0.339359862,0.9,0.61
349,Ibaji,Uzo-Uwani,2020,Ibaji,0.8,0.8,0.8,0.8,1,june,162,PBO(2021),0.335530068,0.731776216,0.65
350,Idah,Uzo-Uwani,2020,Idah,0.8,0.8,0.8,0.8,1,june,162,PBO(2021),0.382023573,0.738340231,0.65
351,Igalamela-Odolu,Uzo-Uwani,2020,Igalamela-Odolu,0.845747123,0.8,0.8,0.8,1,june,162,PBO(2021),0.344682632,0.733316763,0.65
352,Ijumu,Oke-Ero,2020,Ijumu,0.8,0.8,0.8,0.8,1,july,186,PBO(2021),0.312708323,0.727239315,0.65
353,Kabba/Bunu,Oke-Ero,2020,Kabba-Bunu,0.8,0.8,0.8,0.8,1,july,186,PBO(2021),0.319779497,0.728762304,0.65
354,Kogi,Keana,2020,Kogi,0.8,0.8,0.8,0.8,1,august,223,PBO(2021),0.368216183,0.736690199,0.65
355,Lokoja,Keana,2020,Lokoja,0.8,0.8,0.8,0.8,1,august,223,PBO(2021),0.314676325,0.727674684,0.65
356,Mopa-Muro,Oke-Ero,2020,Mopa-Muro,0.8,0.8,0.8,0.8,1,july,186,PBO(2021),0.291856976,0.722013254,0.65
357,Ofu,Owan East,2020,Ofu,0.8,0.8,0.8,0.8,1,march,131,PBO(2021),0.33495597,0.731674733,0.65
358,Okehi,Owan East,2020,Okehi,0.8,0.8,0.8,0.8,1,march,131,PBO(2021),0.293031638,0.722340278,0.65
359,Okene,Owan East,2020,Okene,0.8,0.8,0.8,0.8,1,march,131,PBO(2021),0.275677686,0.717045537,0.65
360,Olamabolo,Owan East,2020,Olamabolo,0.8,0.8,0.8,0.8,1,march,131,PBO(2021),0.317039805,0.728185686,0.65
361,Omala,Keana,2020,Omala,0.8,0.8,0.8,0.8,1,august,223,PBO(2021),0.455368605,0.74434768,0.65
362,Yagba East,Oke-Ero,2020,Yagba East,0.8,0.8,0.8,0.8,1,july,186,PBO(2021),0.291276571,0.721850099,0.65
363,Ifelodun1,Oke-Ero,2020,Ifelodun1,0.8,0.8,0.8,0.8,1,july,186,NewGen(2021),0.357982328,0.9,0.61
364,Ilorin East,Oke-Ero,2020,Ilorin East,0.8,0.8,0.8,0.8,1,july,186,NewGen(2021),0.350824888,0.9,0.61
365,Ilorin South,Oke-Ero,2020,Ilorin South,0.8,0.8,0.8,0.8,1,july,186,NewGen(2021),0.316790933,0.9,0.61
366,Ilorin West,Owan East,2020,Ilorin West,0.8,0.8,0.8,0.8,1,march,131,NewGen(2021),0.300629985,0.9,0.61
367,Irepodun1,Owan East,2020,Irepodun1,0.8,0.8,0.8,0.8,1,march,131,NewGen(2021),0.354587436,0.9,0.61
368,Itesiwaju,Akinyele,2020,Itesiwaju,0.8,0.8,0.8,0.8,1,may,131,Dual Al+PBO 2020,0.428195908,0.742555826,0.65
369,Isin,Oke-Ero,2020,Isin,0.8,0.8,0.8,0.8,1,july,186,NewGen(2021),0.349688854,0.9,0.61
370,Kaiama,Oke-Ero,2020,Kaiama,0.8,0.8,0.8,0.8,1,july,186,NewGen(2021),0.409404988,0.9,0.61
371,Moro,Oke-Ero,2020,Moro,0.8,0.8,0.8,0.8,1,july,186,NewGen(2021),0.336971467,0.9,0.61
372,Offa,Akinyele,2020,Offa,0.8,0.8,0.8,0.8,1,may,131,NewGen(2021),0.350724749,0.9,0.61
373,Oke-Ero,Oke-Ero,2020,Oke-Ero,0.8,0.8,0.8,0.8,1,july,186,NewGen(2021),0.328086235,0.9,0.61
374,Kajola,Akinyele,2020,Kajola,0.8,0.8,0.8,0.8,1,may,131,Dual Al+PBO 2020,0.406200649,0.740764438,0.65
375,Oyun,Oke-Ero,2020,Oyun,0.8,0.8,0.8,0.8,1,july,186,NewGen(2021),0.379244204,0.9,0.61
376,Pategi,Oke-Ero,2020,Pategi,0.8,0.8,0.8,0.8,1,july,186,NewGen(2021),0.318277299,0.9,0.61
377,Agege,Uzo-Uwani,2020,Agege,0.8,0.8,0.8,0.8,1,june,162,PBO(2021),0.445938468,0.743771706,0.65
378,Ajeromi-Ifelodun,Uzo-Uwani,2020,Ajeromi-Ifelodun,0.8,0.8,0.8,0.8,1,june,162,PBO(2021),0.442448497,0.743546776,0.65
379,Alimosho,Uzo-Uwani,2020,Alimosho,0.8,0.8,0.8,0.8,1,june,162,PBO(2021),0.431973509,0.742830344,0.65
380,Apapa,Isoko South,2020,Apapa,0.8,0.8,0.8,0.8,1,june,162,PBO(2021),0.464571223,0.74486815,0.65
381,Epe,Uzo-Uwani,2020,Epe,0.8,0.8,0.8,0.8,1,june,162,PBO(2021),0.40174632,0.740357052,0.65
382,Ifako-Ijaye,Uzo-Uwani,2020,Ifako-Ijaye,0.8,0.8,0.8,0.8,1,june,162,PBO(2021),0.390672088,0.739269859,0.65
383,Ikeja,Uzo-Uwani,2020,Ikeja,0.8,0.8,0.8,0.8,1,june,162,PBO(2021),0.481253048,0.745718207,0.65
384,Mushin,Isoko South,2020,Mushin,0.8,0.8,0.8,0.8,1,june,162,PBO(2021),0.475938767,0.745459626,0.65
385,Ojo,Isoko South,2020,Ojo,0.8,0.8,0.8,0.8,1,june,162,PBO(2021),0.435361631,0.7430691,0.65
386,Oshodi-Isolo,Uzo-Uwani,2020,Oshodi-Isolo,0.8,0.8,0.8,0.8,1,june,162,PBO(2021),0.465655625,0.744926945,0.65
387,Surulere1,Oke-Ero,2020,Surulere1,0.8,0.8,0.8,0.8,1,july,186,PBO(2021),0.464358896,0.744856578,0.65
404,Lagelu,Akinyele,2020,Lagelu,0.8,0.8,0.8,0.8,1,may,131,Dual Al+PBO 2020,0.345490307,0.733446008,0.65
407,Abeokuta South,Uzo-Uwani,2021,Abeokuta South,0.8,0.8,0.8,0.8,1,june,527,PBO(2021),0.443245868,0.74359875,0.65
408,Ijebu North,Owan East,2021,Ijebu North,0.8,0.8,0.8,0.8,1,march,496,PBO(2021),0.308615406,0.726304115,0.65
411,Ado-Odo/Ota,Uzo-Uwani,2021,Ado-Odo-Ota,0.8,0.8,0.8,0.8,1,june,527,PBO(2021),0.405185074,0.740672987,0.65
412,Ijebu North East,Oke-Ero,2021,Ijebu North East,0.8,0.8,0.8,0.8,1,july,551,PBO(2021),0.396632199,0.739868623,0.65
417,Abeokuta North,Owan East,2021,Abeokuta North,0.8,0.8,0.8,0.8,1,march,496,PBO(2021),0.429058332,0.742619287,0.65
418,Egbado South,Uzo-Uwani,2021,Egbado South,0.8,0.8,0.8,0.8,1,june,527,PBO(2021),0.38366582,0.738522561,0.65
419,Ewekoro,Uzo-Uwani,2021,Ewekoro,0.8,0.8,0.8,0.8,1,june,527,PBO(2021),0.487001134,0.745985924,0.65
420,Ifo,Uzo-Uwani,2021,Ifo,0.8,0.8,0.8,0.8,1,june,527,PBO(2021),0.430900956,0.742753307,0.65
421,Ijebu East,Oke-Ero,2021,Ijebu East,0.8,0.8,0.8,0.8,1,july,551,PBO(2021),0.42630383,0.742414929,0.65
422,Ijebu ode,Owan East,2021,Ijebu ode,0.8,0.8,0.8,0.8,1,march,496,PBO(2021),0.370794776,0.737015026,0.65
423,Ikenne,Owan East,2021,Ikenne,0.8,0.8,0.8,0.8,1,march,496,PBO(2021),0.382682373,0.738413711,0.65
424,Obafemi-Owode,Owan East,2021,Obafemi-Owode,0.8,0.8,0.8,0.8,1,march,496,PBO(2021),0.396257357,0.739831921,0.65
425,Odeda,Oke-Ero,2021,Odeda,0.823529412,0.8,0.8,0.8,1,july,551,PBO(2021),0.380143878,0.738128067,0.65
426,Odogbolu,Owan East,2021,Odogbolu,0.8,0.8,0.8,0.8,1,march,496,PBO(2021),0.402893026,0.740463496,0.65
427,Ogun waterside,Owan East,2021,Ogun waterside,0.8,0.8,0.8,0.8,1,march,496,PBO(2021),0.440646451,0.743428018,0.65
428,Remo North,Owan East,2021,Remo North,0.8,0.8,0.8,0.8,1,march,496,PBO(2021),0.322328246,0.729284044,0.65
429,Shagamu,Uzo-Uwani,2021,Shagamu,0.8,0.8,0.8,0.8,1,june,527,PBO(2021),0.440001033,0.743385043,0.65
430,Akoko North East,Oke-Ero,2020,Akoko North East,0.8,0.8,0.8,0.8,1,july,186,PBO(2021),0.346553372,0.733614536,0.65
431,Akoko North West,Oke-Ero,2020,Akoko North West,0.8,0.8,0.8,0.8,1,july,186,PBO(2021),0.316763911,0.728126692,0.65
432,Akoko South East,Oke-Ero,2020,Akoko South East,0.8,0.8,0.8,0.8,1,july,186,PBO(2021),0.347034531,0.733690227,0.65
433,Akoko South West,Oke-Ero,2020,Akoko South West,0.8,0.8,0.8,0.8,1,july,186,PBO(2021),0.330802879,0.73092257,0.65
434,Akure North,Owan East,2020,Akure North,0.8,0.8,0.8,0.8,1,march,131,PBO(2021),0.337034585,0.732039367,0.65
435,Ifedayo,Oke-Ero,2020,Ifedayo,0.8,0.8,0.8,0.8,1,july,186,PBO(2021),0.271238016,0.715516421,0.65
436,Akure South,Owan East,2020,Akure South,0.8,0.8,0.8,0.8,1,march,131,PBO(2021),0.299585483,0.724089439,0.65
437,Ese-Odo,Owan East,2020,Ese-Odo,0.8,0.8,0.8,0.8,1,march,131,PBO(2021),0.298999586,0.72393812,0.65
438,Idanre,Akinyele,2020,Idanre,0.8,0.8,0.8,0.8,1,may,131,PBO(2021),0.311424686,0.726950397,0.65
439,Ifedore,Oke-Ero,2020,Ifedore,0.8,0.8,0.8,0.8,1,july,186,PBO(2021),0.373640917,0.737364382,0.65
440,Ile-Oluji-Okeigbo,Akinyele,2020,Ile-Oluji-Okeigbo,0.8,0.8,0.8,0.8,1,may,131,PBO(2021),0.384384096,0.738601432,0.65
441,Irele,Akinyele,2020,Irele,0.8,0.8,0.8,0.8,1,may,131,PBO(2021),0.393822894,0.739590471,0.65
442,Odigbo,Akinyele,2020,Odigbo,0.8,0.8,0.8,0.8,1,may,131,PBO(2021),0.423307719,0.742187036,0.65
443,Ifelodun2,Akinyele,2020,Ifelodun2,0.8,0.8,0.8,0.8,1,may,131,PBO(2021),0.400279219,0.740219247,0.65
444,Okitipupa,Owan East,2020,Okitipupa,0.8,0.8,0.8,0.8,1,march,131,PBO(2021),0.400233097,0.740214885,0.65
445,Ondo East,Akinyele,2020,Ondo East,0.8,0.8,0.8,0.8,1,may,131,PBO(2021),0.359070133,0.735470693,0.65
446,Ondo West,Akinyele,2020,Ondo West,0.8,0.8,0.8,0.8,1,may,131,PBO(2021),0.391888362,0.739394724,0.65
447,Ose,Owan East,2020,Ose,0.8,0.8,0.8,0.8,1,march,131,PBO(2021),0.341879574,0.732859996,0.65
448,Owo,Owan East,2020,Owo,0.8,0.8,0.8,0.8,1,march,131,PBO(2021),0.289251141,0.721272468,0.65
449,Aiyedade,Akinyele,2020,Aiyedade,0.8,0.8,0.8,0.8,1,may,131,PBO(2021),0.401428384,0.740327343,0.65
450,Aiyedire,Akinyele,2020,Aiyedire,0.8,0.8,0.8,0.8,1,may,131,PBO(2021),0.440828641,0.743440107,0.65
451,Atakumosa East,Oke-Ero,2020,Atakumosa East,0.8,0.8,0.8,0.8,1,july,186,PBO(2021),0.438640296,0.743293664,0.65
452,Orolu,Oke-Ero,2020,Orolu,0.8,0.8,0.8,0.8,1,july,186,PBO(2021),0.499090523,0.746511232,0.65
453,Atakumosa West,Akinyele,2020,Atakumosa West,0.8,0.8,0.8,0.8,1,may,131,PBO(2021),0.441512439,0.743485314,0.65
454,Boluwaduro,Akinyele,2020,Boluwaduro,0.8,0.8,0.8,0.8,1,may,131,PBO(2021),0.300398529,0.724297832,0.65
455,Boripe,Akinyele,2020,Boripe,0.8,0.8,0.8,0.8,1,may,131,PBO(2021),0.354570478,0.73482966,0.65
456,Ede North,Akinyele,2020,Ede North,0.8,0.8,0.8,0.8,1,may,131,PBO(2021),0.389785625,0.739177967,0.65
457,Ede South,Akinyele,2020,Ede South,0.8,0.8,0.8,0.8,1,may,131,PBO(2021),0.412666127,0.741327563,0.65
458,Egbedore,Akinyele,2020,Egbedore,0.8,0.8,0.8,0.8,1,may,131,PBO(2021),0.43475278,0.743026704,0.65
459,Ejigbo,Akinyele,2020,Ejigbo,0.8,0.8,0.8,0.8,1,may,131,PBO(2021),0.431935286,0.742827611,0.65
460,Ife Central,Akinyele,2020,Ife Central,0.8,0.8,0.8,0.8,1,may,131,PBO(2021),0.443838578,0.743637159,0.65
461,Ife East,Akinyele,2020,Ife East,0.8,0.8,0.8,0.8,1,may,131,PBO(2021),0.454795344,0.744313938,0.65
462,Ife North,Akinyele,2020,Ife North,0.8,0.8,0.8,0.8,1,may,131,PBO(2021),0.417284269,0.741710446,0.65
463,Ife South,Akinyele,2020,Ife South,0.8,0.8,0.8,0.8,1,may,131,PBO(2021),0.40603638,0.740749702,0.65
464,Ila,Oke-Ero,2020,Ila,0.8,0.8,0.8,0.8,1,july,186,PBO(2021),0.32967771,0.730713208,0.65
465,Ilesha East,Owan East,2020,Ilesha East,0.8,0.8,0.8,0.8,1,march,131,PBO(2021),0.40077994,0.740266485,0.65
466,Ilesha West,Akinyele,2020,Ilesha West,0.8,0.8,0.8,0.8,1,may,131,PBO(2021),0.387460247,0.738933305,0.65
467,Irepodun2,Akinyele,2020,Irepodun2,0.8,0.8,0.8,0.8,1,may,131,PBO(2021),0.48248331,0.745776531,0.65
468,Irewole,Akinyele,2020,Irewole,0.8,0.8,0.8,0.8,1,may,131,PBO(2021),0.390385171,0.739240199,0.65
469,Isokan,Akinyele,2020,Isokan,0.8,0.8,0.8,0.8,1,may,131,PBO(2021),0.367314771,0.736574739,0.65
470,Iwo,Akinyele,2020,Iwo,0.8,0.8,0.8,0.8,1,may,131,PBO(2021),0.456747451,0.744428187,0.65
471,Osogbo,Owan East,2020,Osogbo,0.8,0.8,0.8,0.8,1,march,131,PBO(2021),0.402576327,0.740434208,0.65
472,Obokun,Akinyele,2020,Obokun,0.8,0.8,0.8,0.8,1,may,131,PBO(2021),0.323000927,0.72941944,0.65
473,Odo-Otin,Oke-Ero,2020,Odo-Otin,0.8,0.8,0.8,0.8,1,july,186,PBO(2021),0.424052511,0.742244242,0.65
474,Ola-oluwa,Akinyele,2020,Ola-oluwa,0.8,0.8,0.8,0.8,1,may,131,PBO(2021),0.43559805,0.743085504,0.65
475,Olorunda,Akinyele,2020,Olorunda,0.8,0.8,0.8,0.8,1,may,131,PBO(2021),0.431272633,0.742780083,0.65
476,Oriade,Oke-Ero,2020,Oriade,0.8,0.8,0.8,0.8,1,july,186,PBO(2021),0.408517869,0.740970008,0.65
477,Ibadan South East,Akinyele,2020,Ibadan South East,0.8,0.8,0.8,0.8,1,may,131,Dual Al+PBO 2020,0.271498263,0.715608205,0.65
478,Afijio,Akinyele,2020,Afijio,0.8,0.8,0.8,0.8,1,may,131,Dual Al+PBO 2020,0.464150913,0.744845222,0.65
479,Akinyele,Akinyele,2020,Akinyele,0.8,0.8,0.8,0.8,1,may,131,Dual Al+PBO 2020,0.353306712,0.734644463,0.65
480,Atiba,Akinyele,2020,Atiba,0.8,0.8,0.8,0.8,1,may,131,Dual Al+PBO 2020,0.383570526,0.738512057,0.65
481,Egbeda,Akinyele,2020,Egbeda,0.8,0.8,0.8,0.8,1,may,131,Dual Al+PBO 2020,0.298595531,0.7238332,0.65
482,Ibadan North,Owan East,2020,Ibadan North,0.8,0.8,0.8,0.8,1,march,131,Dual Al+PBO 2020,0.309361845,0.726477733,0.65
483,Ibadan North East,Owan East,2020,Ibadan North East,0.8,0.8,0.8,0.8,1,march,131,Dual Al+PBO 2020,0.294659555,0.722786553,0.65
484,Ibadan North West,Owan East,2020,Ibadan North West,0.8,0.8,0.8,0.8,1,march,131,Dual Al+PBO 2020,0.316280901,0.728022995,0.65
485,Ibarapa Central,Akinyele,2020,Ibarapa Central,0.8,0.8,0.8,0.8,1,may,131,Dual Al+PBO 2020,0.381160727,0.738243305,0.65
486,Ibarapa East,Oke-Ero,2020,Ibarapa East,0.8,0.8,0.8,0.8,1,july,186,Dual Al+PBO 2020,0.343403438,0.73310991,0.65
487,Ibarapa North,Oke-Ero,2020,Ibarapa North,0.8,0.8,0.8,0.8,1,july,186,Dual Al+PBO 2020,0.369500036,0.73685293,0.65
488,Ido,Akinyele,2020,Ido,0.8,0.8,0.8,0.8,1,may,131,Dual Al+PBO 2020,0.349706785,0.734104055,0.65
489,Irepo,Oke-Ero,2020,Irepo,0.8,0.8,0.8,0.8,1,july,186,Dual Al+PBO 2020,0.40196685,0.740377609,0.65
490,Ogo Oluwa,Oke-Ero,2020,Ogo Oluwa,0.8,0.8,0.8,0.8,1,july,186,Dual Al+PBO 2020,0.439422178,0.743346299,0.65
491,Olorunsogo,Oke-Ero,2020,Olorunsogo,0.8,0.8,0.8,0.8,1,july,186,Dual Al+PBO 2020,0.414397427,0.741472937,0.65
492,Oluyole,Oke-Ero,2020,Oluyole,0.8,0.8,0.8,0.8,1,july,186,Dual Al+PBO 2020,0.288412035,0.721029342,0.65
493,Ona-Ara,Akinyele,2020,Ona-Ara,0.8,0.8,0.8,0.8,1,may,131,Dual Al+PBO 2020,0.28722207,0.720680649,0.65
494,Orelope,Oke-Ero,2020,Orelope,0.8,0.8,0.8,0.8,1,july,186,Dual Al+PBO 2020,0.392367103,0.739443491,0.65
495,Ori Ire,Oke-Ero,2020,Ori Ire,0.8,0.8,0.8,0.8,1,july,186,Dual Al+PBO 2020,0.343662506,0.733152018,0.65
496,Oyo West,Akinyele,2020,Oyo West,0.8,0.8,0.8,0.8,1,may,131,Dual Al+PBO 2020,0.423437594,0.742197038,0.65
497,Saki East,Oke-Ero,2020,Saki East,0.8,0.8,0.8,0.8,1,july,186,Dual Al+PBO 2020,0.45017239,0.744035901,0.65
498,Saki West,Akinyele,2020,Saki West,0.8,0.8,0.8,0.8,1,may,131,Dual Al+PBO 2020,0.443453887,0.743612252,0.65
499,Surulere2,Oke-Ero,2020,Surulere2,0.8,0.8,0.8,0.8,1,july,186,Dual Al+PBO 2020,0.412184156,0.741286694,0.65
500,Abua/Odual,Ahoada West,2020,Abua-Odual,0.8,0.8,0.8,0.8,1,may,131,PBO(2021),0.255950957,0.709612874,0.65
501,Ahoada East,Ahoada West,2020,Ahoada East,0.8,0.8,0.8,0.8,1,may,131,PBO(2021),0.212067193,0.685335866,0.65
502,Ahoada West,Ahoada West,2020,Ahoada West,0.8,0.8,0.8,0.8,1,may,131,PBO(2021),0.212747654,0.685818488,0.65
503,Andoni,Nsit Ubium,2020,Andoni,0.8,0.8,0.8,0.8,1,june,162,PBO(2021),0.187807527,0.66524829,0.65
504,Asari-Toru,Ahoada West,2020,Asari-Toru,0.8,0.8,0.8,0.8,1,may,131,PBO(2021),0.231108823,0.697447259,0.65
505,Bonny,Nsit Ubium,2020,Bonny,0.8,0.8,0.8,0.8,1,june,162,PBO(2021),0.215646982,0.687830777,0.65
506,Eleme,Ahoada West,2020,Eleme,0.8,0.8,0.8,0.8,1,may,131,PBO(2021),0.25030862,0.707154794,0.65
507,Emohua,Ahoada West,2020,Emohua,0.8,0.8,0.8,0.8,1,may,131,PBO(2021),0.246521171,0.705410924,0.65
508,Etche,Ngor-Okpala,2020,Etche,0.8,0.8,0.8,0.8,1,june,162,PBO(2021),0.253940946,0.70875579,0.65
509,Gokana,Nsit Ubium,2020,Gokana,0.8,0.8,0.8,0.8,1,june,162,PBO(2021),0.297628692,0.72358026,0.65
510,Ikwerre,Oru West,2020,Ikwerre,0.8,0.8,0.8,0.8,1,june,162,PBO(2021),0.244599108,0.704495644,0.65
511,Khana,Nsit Ubium,2020,Khana,0.8,0.8,0.8,0.8,1,june,162,PBO(2021),0.213023685,0.686013131,0.65
512,Obia/Akpor,Ahoada West,2020,Obia-Akpor,0.8,0.8,0.8,0.8,1,may,131,PBO(2021),0.214169292,0.686814025,0.65
513,Ogba/Egbema/Ndoni,Ahoada West,2020,Ogba-Egbema-Ndoni,0.8,0.8,0.8,0.8,1,may,131,PBO(2021),0.223868267,0.693166972,0.65
514,Ogu/Bolo,Nsit Ubium,2020,Ogu-Bolo,0.8,0.8,0.8,0.8,1,june,162,PBO(2021),0.295928591,0.723128951,0.65
515,Okrika,Nsit Ubium,2020,Okrika,0.8,0.8,0.8,0.8,1,june,162,PBO(2021),0.2595175,0.711085056,0.65
516,Omumma,Ngor-Okpala,2020,Omumma,0.8,0.8,0.8,0.8,1,june,162,PBO(2021),0.307313641,0.725997989,0.65
517,Opobo/Nkoro,Nsit Ubium,2020,Opobo-Nkoro,0.8,0.8,0.8,0.8,1,june,162,PBO(2021),0.188571483,0.665974784,0.65
518,Oyigbo,Nsit Ubium,2020,Oyigbo,0.8,0.8,0.8,0.8,1,june,162,PBO(2021),0.27812843,0.717857195,0.65
519,Port-Harcourt,Ahoada West,2020,Port-Harcourt,0.8,0.8,0.8,0.8,1,may,131,PBO(2021),0.218124383,0.689495056,0.65
520,Tai,Nsit Ubium,2020,Tai,0.8,0.8,0.8,0.8,1,june,162,PBO(2021),0.305338962,0.725525368,0.65
521,Akuku Toru,Ahoada West,2020,Akuku Toru,0.8,0.8,0.8,0.8,1,may,131,PBO(2021),0.307675695,0.72608356,0.65
522,Mubi South,Darazo,2020,Mubi South,0.8,0.8,0.8,0.8,1,july,186,PBO(2021),0.692375167,0.750873281,0.868110544
548,Anka,Darazo,2020,Anka,0.8,0.8,0.8,0.8,1,july,186,Standard 2020,0.695814162,0.663563431,0.824985417
549,Bakura,Darazo,2020,Bakura,0.8,0.8,0.8,0.8,1,july,186,Standard 2020,0.73158069,0.681339741,0.852897483
550,Birnin Magaji,Rimi,2020,Birnin Magaji,0.8,0.8,0.8,0.8,1,march,131,Standard 2020,0.793671815,0.708478232,0.890488041
551,Bukkuyum,Alkaleri,2020,Bukkuyum,0.8,0.8,0.8,0.8,1,july,186,Standard 2020,0.698622761,0.665017493,0.827372665
552,Bungudu,Takali,2020,Bungudu,0.8,0.8,0.8,0.8,1,september,250,Standard 2020,0.78759069,0.706022165,0.887320604
553,Gummi,Birnin Kebbi,2020,Gummi,0.8,0.8,0.8,0.8,1,august,223,Standard 2020,0.733770917,0.682376452,0.854441885
554,Ipokia,Uzo-Uwani,2021,Ipokia,0.8,0.8,0.8,0.8,1,june,527,PBO(2021),0.383971272,0.738556166,0.65
555,Gusau,Darazo,2020,Gusau,0.8,0.8,0.8,0.8,1,july,186,Standard 2020,0.74575499,0.68794435,0.862584663
556,Kaura-Namoda,Rimi,2020,Kaura-Namoda,0.8,0.8,0.8,0.8,1,march,131,Standard 2020,0.83259153,0.72320853,0.908564528
557,Maradun,Darazo,2020,Maradun,0.8,0.8,0.8,0.8,1,july,186,Standard 2020,0.782439008,0.703907955,0.884557893
558,Tsafe,Takali,2020,Tsafe,0.8,0.8,0.8,0.8,1,september,250,Standard 2020,0.751053987,0.690350267,0.866025051
559,Maru,Giwa,2020,Maru,0.8,0.8,0.8,0.8,1,august,223,Standard 2020,0.663477353,0.646101776,0.794792939
560,Shinkafi,Rimi,2020,Shinkafi,0.8,0.8,0.8,0.8,1,march,131,Standard 2020,0.80839035,0.714247715,0.89775377
561,Talata Mafara,Darazo,2020,Talata Mafara,0.8,0.8,0.8,0.8,1,july,186,Standard 2020,0.728240789,0.679747419,0.850507895
562,Zurmi,Rimi,2020,Zurmi,0.8,0.8,0.8,0.8,1,march,131,Standard 2020,0.780157318,0.702961675,0.883310434
563,Degema,Ahoada West,2020,Degema,0.8,0.8,0.8,0.8,1,may,131,PBO(2021),0.284841623,0.719969096,0.65
564,Brass,Ahoada West,2020,Brass,0.8,0.8,0.8,0.8,1,may,131,PBO(2021),0.269238091,0.714801904,0.65
565,Southern Ijaw,Ahoada West,2020,Southern Ijaw,0.8,0.8,0.8,0.8,1,may,131,PBO(2021),0.300385456,0.724294496,0.65
566,Ekeremor,Ahoada West,2020,Ekeremor,0.8,0.8,0.8,0.8,1,may,131,PBO(2021),0.323932604,0.729605404,0.65
570,Ilaje,Owan East,2020,Ilaje,0.8,0.8,0.8,0.8,1,march,131,PBO(2021),0.29492871,0.722859572,0.65
571,Ibeju/Lekki,Uzo-Uwani,2020,Ibeju-Lekki,0.8,0.8,0.8,0.8,1,june,162,PBO(2021),0.430387467,0.742716172,0.65
572,Amuwo-Odofin,Isoko South,2020,Amuwo-Odofin,0.8,0.8,0.8,0.8,1,june,162,PBO(2021),0.414522642,0.741483364,0.65
573,Badagry,Uzo-Uwani,2020,Badagry,0.8,0.8,0.8,0.8,1,june,162,PBO(2021),0.426397668,0.742421971,0.65
574,Egbado North,Owan East,2021,Egbado North,0.8,0.8,0.8,0.8,1,march,496,PBO(2021),0.310892073,0.726829353,0.65
575,Imeko-Afon,Oke-Ero,2021,Imeko-Afon,0.8,0.8,0.8,0.8,1,july,551,PBO(2021),0.370192293,0.736939847,0.65
576,Iwajowa,Oke-Ero,2020,Iwajowa,0.8,0.8,0.8,0.8,1,july,186,Dual Al+PBO 2020,0.430464219,0.742721733,0.65
577,Atigbo,Oke-Ero,2020,Atigbo,0.8,0.8,0.8,0.8,1,july,186,Dual Al+PBO 2020,0.430762739,0.742743327,0.65
578,Baruten,Oke-Ero,2020,Baruten,0.8,0.8,0.8,0.8,1,july,186,NewGen(2021),0.347941602,0.9,0.61
580,Kaita,Rimi,2020,Kaita,0.882352941,0.8,0.8,0.8,1,march,131,PBO(2021),0.68725966,0.750814455,0.864644186
581,Jibia,Rimi,2021,Jibia,0.854166667,0.826086957,0.8,0.8,1,march,496,PBO(2021),0.628110182,0.749983655,0.816973639
582,Mashi,Rimi,2021,Mashi,0.87804878,0.8,0.8,0.8,1,march,496,PBO(2021),0.651664195,0.75035114,0.837750975
583,Mai'Adua,Rimi,2021,Mai'Adua,0.87804878,0.918918919,0.90625,0.961538462,1,march,496,PBO(2021),0.639919513,0.750174703,0.827712113
584,Zango,Babura,2021,Zango,0.8,0.8,0.8,0.8,1,may,496,PBO(2021),0.602424842,0.749514473,0.791194479
585,Baure,Babura,2021,Baure,0.8,0.8,0.8,0.8,1,may,496,PBO(2021),0.697826557,0.750934053,0.871702948
586,Sule-Tankarkar,Babura,2021,Sule-Tankarkar,0.921568627,0.833333333,0.862068966,0.941176471,1,may,496,PBO(2021),0.751666281,0.751442515,0.902152619
587,Maigatari,Babura,2021,Maigatari,0.8,0.964814107,0.954923663,0.939594887,1,may,496,PBO(2021),0.68089069,0.750738682,0.8601956
591,Shomolu,Isoko South,2020,Shomolu,0.8,0.8,0.8,0.8,1,june,162,PBO(2021),0.475867815,0.7454561,0.65
593,Monguno,Babura,2020,Monguno,0.8,0.8,0.8,0.8,1,may,131,PBO(2021),0.734824367,0.75129968,0.893536771
594,Mobbar,Babura,2020,Mobbar,0.8,0.8,0.8,0.8,1,may,131,PBO(2021),0.814938687,0.751877109,0.928523273
595,Ngala,Taura,2020,Ngala,0.8,0.8,0.8,0.8,1,july,186,PBO(2021),0.627405037,0.749971788,0.816311148
596,Abadam,Babura,2020,Abadam,0.8,0.8,0.8,0.8,1,may,131,PBO(2021),0.658846787,0.750452874,0.843591449
597,Kukawa,Babura,2020,Kukawa,0.8,0.8,0.8,0.8,1,may,131,PBO(2021),0.639968548,0.750175467,0.827755328
598,Kala/Balge,Darazo,2020,Kala-Balge,0.8,0.8,0.8,0.8,1,july,186,PBO(2021),0.645505958,0.75026024,0.832564542
599,Bama,Darazo,2020,Bama,0.8,0.8,0.8,0.8,1,july,186,PBO(2021),0.707957691,0.751041993,0.878110931
600,Gwoza,Darazo,2020,Gwoza,0.8,0.8,0.8,0.8,1,july,186,PBO(2021),0.679653584,0.750723628,0.859314031
601,Madagali,Darazo,2020,Madagali,0.8,0.8,0.8,0.8,1,july,186,PBO(2021),0.722065325,0.75118219,0.886482676
602,Michika,Darazo,2020,Michika,0.8,0.8,0.8,0.8,1,july,186,PBO(2021),0.688720491,0.750831436,0.865643635
603,Mubi North,Darazo,2020,Mubi North,0.8,0.8,0.8,0.8,1,july,186,PBO(2021),0.698641529,0.750942973,0.872231182
604,Maiha,Alkaleri,2020,Maiha,0.8,0.8,0.8,0.8,1,july,186,PBO(2021),0.647421068,0.750288882,0.83419548
605,Fufore,Alkaleri,2020,Fufore,0.8,0.8,0.8,0.8,1,july,186,PBO(2021),0.635571581,0.75010602,0.823835646
606,Jada,Alkaleri,2020,Jada,0.8,0.8,0.8,0.8,1,july,186,PBO(2021),0.556558753,0.748447432,0.735699981
607,Ganaye,Alkaleri,2020,Ganaye,0.8,0.8,0.8,0.8,1,july,186,PBO(2021),0.427407559,0.7424974,0.65
608,Toungo,Keana,2020,Toungo,0.8,0.8,0.8,0.8,1,august,223,PBO(2021),0.383744468,0.738531223,0.65
613,Kwande,Oke-Ero,2020,Kwande,0.8,0.8,0.8,0.8,1,july,186,Standard 2020,0.389530493,0.451208693,0.53
614,Eti-Osa,Isoko South,2020,Eti-Osa,0.8,0.8,0.8,0.8,1,june,162,PBO(2021),0.469914663,0.745152931,0.65
615,Ikorodu,Uzo-Uwani,2020,Ikorodu,0.8,0.8,0.8,0.8,1,june,162,PBO(2021),0.461778972,0.74471435,0.65
616,Kosofe,Isoko South,2020,Kosofe,0.8,0.8,0.8,0.8,1,june,162,PBO(2021),0.4609272,0.744666732,0.65
617,Lagos Island,Isoko South,2020,Lagos Island,0.8,0.8,0.8,0.8,1,june,162,PBO(2021),0.470665291,0.74519196,0.65
618,Lagos Mainland,Isoko South,2020,Lagos Mainland,0.8,0.8,0.8,0.8,1,june,162,PBO(2021),0.470933929,0.745205871,0.65